SETUP_VIEWPORT {"bounds":[0,0,149.33333333333331,0],"containerSize":[149.33333333333331,0],"contentSize":[149.33333333333331,7697.333333333333],"event":"scroll","insets":[0,0,0,0],"offset":[0,0],"time":1790872652.8871899,"uptime":1240028.9576891991,"visibleRect":[0,0,149.33333333333331,0]}
SETUP_PROBE {"appearance":"light","dynamicTypeSize":"accessibility5","frame":[-42.666666666666657,7184.9999999999991,0.3333333333333357,497.33333333333303],"id":"load-film","preferredBodyPoints":53,"time":1790872652.909431,"uptime":1240028.9799298861}
SETUP_PROBE {"appearance":"light","dynamicTypeSize":"accessibility5","frame":[-42.666666666666657,3777.6666666666665,85.333333333333343,1489.3333333333335],"id":"trial-label","preferredBodyPoints":53,"time":1790872652.9096251,"uptime":1240028.9801226081}
SETUP_PROBE {"appearance":"light","dynamicTypeSize":"accessibility5","frame":[-42.666666666666657,3082,59.666666666666657,249.33333333333348],"id":"film-title","preferredBodyPoints":53,"time":1790872652.9097199,"uptime":1240028.9802167381}
SETUP_PROBE {"appearance":"light","dynamicTypeSize":"accessibility5","frame":[-14.666666666666657,2093,56,435.33333333333348],"id":"silent-capture","preferredBodyPoints":53,"time":1790872652.9098139,"uptime":1240028.980311424}
SETUP_PROBE {"appearance":"light","dynamicTypeSize":"accessibility5","frame":[-42.666666666666657,1379.6666666666665,83.666666666666657,683.33333333333348],"id":"camera-description","preferredBodyPoints":53,"time":1790872652.9098969,"uptime":1240028.9803940691}
SETUP_PROBE {"appearance":"light","dynamicTypeSize":"accessibility5","frame":[-42.666666666666657,2558.3333333333335,79,373.33333333333348],"id":"orientation-label","preferredBodyPoints":53,"time":1790872652.9105401,"uptime":1240028.9810370011}
SETUP_PROBE {"appearance":"light","dynamicTypeSize":"accessibility5","frame":[-42.666666666666657,7184.9999999999991,0.3333333333333357,497.33333333333303],"id":"load-film","preferredBodyPoints":53,"time":1790872652.910651,"uptime":1240028.981148388}
SETUP_PROBE {"appearance":"light","dynamicTypeSize":"accessibility5","frame":[-42.666666666666657,7184.9999999999991,0.3333333333333357,497.33333333333303],"id":"load-film","preferredBodyPoints":53,"time":1790872652.9107399,"uptime":1240028.9812369482}
SETUP_PROBE {"appearance":"light","dynamicTypeSize":"accessibility5","frame":[-42.666666666666657,3777.6666666666665,85.333333333333343,1489.3333333333335],"id":"trial-label","preferredBodyPoints":53,"time":1790872652.9108272,"uptime":1240028.9813236131}
SETUP_PROBE {"appearance":"light","dynamicTypeSize":"accessibility5","frame":[-42.666666666666657,3777.6666666666665,85.333333333333343,1489.3333333333335],"id":"trial-label","preferredBodyPoints":53,"time":1790872652.910917,"uptime":1240028.9814142052}
SETUP_PROBE {"appearance":"light","dynamicTypeSize":"accessibility5","frame":[-42.666666666666657,3082,59.666666666666657,249.33333333333348],"id":"film-title","preferredBodyPoints":53,"time":1790872652.9109969,"uptime":1240028.9814940342}
SETUP_PROBE {"appearance":"light","dynamicTypeSize":"accessibility5","frame":[-42.666666666666657,3082,59.666666666666657,249.33333333333348],"id":"film-title","preferredBodyPoints":53,"time":1790872652.911073,"uptime":1240028.9815704441}
SETUP_PROBE {"appearance":"light","dynamicTypeSize":"accessibility5","frame":[-14.666666666666657,2093,56,435.33333333333348],"id":"silent-capture","preferredBodyPoints":53,"time":1790872652.911149,"uptime":1240028.9816456372}
SETUP_PROBE {"appearance":"light","dynamicTypeSize":"accessibility5","frame":[-14.666666666666657,2093,56,435.33333333333348],"id":"silent-capture","preferredBodyPoints":53,"time":1790872652.911274,"uptime":1240028.981771186}
SETUP_PROBE {"appearance":"light","dynamicTypeSize":"accessibility5","frame":[-42.666666666666657,1379.6666666666665,83.666666666666657,683.33333333333348],"id":"camera-description","preferredBodyPoints":53,"time":1790872652.9113541,"uptime":1240028.9818504641}
SETUP_PROBE {"appearance":"light","dynamicTypeSize":"accessibility5","frame":[-42.666666666666657,1379.6666666666665,83.666666666666657,683.33333333333348],"id":"camera-description","preferredBodyPoints":53,"time":1790872652.9114308,"uptime":1240028.981927718}
SETUP_PROBE {"appearance":"light","dynamicTypeSize":"accessibility5","frame":[-42.666666666666657,2558.3333333333335,79,373.33333333333348],"id":"orientation-label","preferredBodyPoints":53,"time":1790872652.9115109,"uptime":1240028.9820079422}
SETUP_PROBE {"appearance":"light","dynamicTypeSize":"accessibility5","frame":[-42.666666666666657,2558.3333333333335,79,373.33333333333348],"id":"orientation-label","preferredBodyPoints":53,"time":1790872652.911588,"uptime":1240028.9820852121}
SETUP_VIEWPORT {"bounds":[0,0,402,635],"containerSize":[402,635],"contentSize":[402,2089.333333333333],"event":"scroll","insets":[0,0,0,0],"offset":[0,0],"time":1790872652.9891272,"uptime":1240029.0596263281,"visibleRect":[0,0,402,635]}
SETUP_PROBE {"appearance":"light","dynamicTypeSize":"accessibility5","frame":[32,2216,217.33333333333331,63.333333333333485],"id":"load-film","preferredBodyPoints":53,"time":1790872652.989387,"uptime":1240029.0598847531}
SETUP_PROBE {"appearance":"light","dynamicTypeSize":"accessibility5","frame":[32,1440.6666666666667,333.33333333333337,187.33333333333326],"id":"trial-label","preferredBodyPoints":53,"time":1790872652.9895101,"uptime":1240029.060006228}
SETUP_PROBE {"appearance":"light","dynamicTypeSize":"accessibility5","frame":[32,1179,199.66666666666666,63.333333333333258],"id":"film-title","preferredBodyPoints":53,"time":1790872652.9896059,"uptime":1240029.060102528}
SETUP_PROBE {"appearance":"light","dynamicTypeSize":"accessibility5","frame":[60,810,308,63.333333333333371],"id":"silent-capture","preferredBodyPoints":53,"time":1790872652.989691,"uptime":1240029.060187587}
SETUP_PROBE {"appearance":"light","dynamicTypeSize":"accessibility5","frame":[32,592.66666666666663,302.66666666666663,187.33333333333337],"id":"camera-description","preferredBodyPoints":53,"time":1790872652.9897799,"uptime":1240029.0602759391}
SETUP_PROBE {"appearance":"light","dynamicTypeSize":"accessibility5","frame":[32,903.33333333333337,249.66666666666663,125.33333333333337],"id":"orientation-label","preferredBodyPoints":53,"time":1790872652.9898691,"uptime":1240029.0603647882}
SETUP_VIEWPORT {"event":"window","rootFrame":[0,205,402,635],"rootSafeArea":[0,0,0,0],"time":1790872653.0050499,"uptime":1240029.0755482551,"windowBounds":[0,0,402,874],"windowSafeArea":[62,0,34,0]}
SETUP_VIEWPORT {"bounds":[0,-143,402,635],"containerSize":[402,635],"contentSize":[402,2089.333333333333],"event":"scroll","insets":[143,0,34,0],"offset":[0,-143],"time":1790872653.020318,"uptime":1240029.0908173861,"visibleRect":[0,-143,402,812]}
SETUP_VIEWPORT {"bounds":[0,-143,402,635],"containerSize":[402,635],"contentSize":[402,2090],"event":"scroll","insets":[143,0,34,0],"offset":[0,-143],"time":1790872653.0610061,"uptime":1240029.1315030681,"visibleRect":[0,-143,402,812]}
SETUP_PROBE {"appearance":"light","dynamicTypeSize":"accessibility5","frame":[32,2216.6666666666665,217.33333333333331,63.333333333333485],"id":"load-film","preferredBodyPoints":53,"time":1790872653.0611758,"uptime":1240029.1316720261}
SETUP_PROBE {"appearance":"light","dynamicTypeSize":"accessibility5","frame":[32,1441.3333333333333,333.33333333333337,187.33333333333326],"id":"trial-label","preferredBodyPoints":53,"time":1790872653.0612869,"uptime":1240029.1317827341}
SETUP_VIEWPORT {"bounds":[0,-143,402,635],"containerSize":[402,635],"contentSize":[402,833],"event":"scroll","insets":[143,0,34,0],"offset":[0,-143],"time":1790872656.4271131,"uptime":1240032.4975763161,"visibleRect":[0,-143,402,812]}
SETUP_PROBE {"appearance":"light","dynamicTypeSize":"xSmall","frame":[32,1003.5,62,17],"id":"load-film","preferredBodyPoints":14,"time":1790872656.427387,"uptime":1240032.4978480721}
SETUP_PROBE {"appearance":"light","dynamicTypeSize":"xSmall","frame":[32,1003.5,62,17],"id":"load-film","preferredBodyPoints":14,"time":1790872656.4274921,"uptime":1240032.49795217}
SETUP_PROBE {"appearance":"light","dynamicTypeSize":"xSmall","frame":[32,769.16666666666663,211.33333333333334,17],"id":"trial-label","preferredBodyPoints":14,"time":1790872656.4275951,"uptime":1240032.4980556211}
SETUP_PROBE {"appearance":"light","dynamicTypeSize":"xSmall","frame":[32,769.16666666666663,211.33333333333334,17],"id":"trial-label","preferredBodyPoints":14,"time":1790872656.4276729,"uptime":1240032.4981332361}
SETUP_PROBE {"appearance":"light","dynamicTypeSize":"xSmall","frame":[32,550.66666666666663,58,17],"id":"film-title","preferredBodyPoints":14,"time":1790872656.4277349,"uptime":1240032.4981949641}
SETUP_PROBE {"appearance":"light","dynamicTypeSize":"xSmall","frame":[32,550.66666666666663,58,17],"id":"film-title","preferredBodyPoints":14,"time":1790872656.427789,"uptime":1240032.4982485911}
SETUP_PROBE {"appearance":"light","dynamicTypeSize":"xSmall","frame":[32,903.33333333333337,249.66666666666663,125.33333333333337],"id":"orientation-label","preferredBodyPoints":14,"time":1790872656.4278409,"uptime":1240032.4983007801}
SETUP_PROBE {"appearance":"light","dynamicTypeSize":"xSmall","frame":[60,379.33333333333337,89.666666666666657,17],"id":"silent-capture","preferredBodyPoints":14,"time":1790872656.4278989,"uptime":1240032.4983595391}
SETUP_PROBE {"appearance":"light","dynamicTypeSize":"xSmall","frame":[60,379.33333333333337,89.666666666666657,17],"id":"silent-capture","preferredBodyPoints":14,"time":1790872656.4279552,"uptime":1240032.498415489}
SETUP_PROBE {"appearance":"light","dynamicTypeSize":"xSmall","frame":[32,326.5,193,17],"id":"camera-description","preferredBodyPoints":14,"time":1790872656.428014,"uptime":1240032.498473868}
SETUP_PROBE {"appearance":"light","dynamicTypeSize":"xSmall","frame":[32,326.5,193,17],"id":"camera-description","preferredBodyPoints":14,"time":1790872656.4280691,"uptime":1240032.4985289611}
SETUP_PROBE {"appearance":"light","dynamicTypeSize":"xSmall","frame":[32,429.66666666666663,114.33333333333331,17],"id":"orientation-label","preferredBodyPoints":14,"time":1790872656.428124,"uptime":1240032.498584294}
SETUP_VIEWPORT {"bounds":[0,-143,402,656],"containerSize":[402,656],"contentSize":[402,833],"event":"scroll","insets":[143,0,34,0],"offset":[0,-143],"time":1790872656.462147,"uptime":1240032.5326100911,"visibleRect":[0,-143,402,833]}
SETUP_PROBE {"appearance":"light","dynamicTypeSize":"xSmall","frame":[32,982.5,62,17],"id":"load-film","preferredBodyPoints":14,"time":1790872656.4623861,"uptime":1240032.5328473421}
SETUP_PROBE {"appearance":"light","dynamicTypeSize":"xSmall","frame":[32,748.16666666666663,211.33333333333334,17],"id":"trial-label","preferredBodyPoints":14,"time":1790872656.462491,"uptime":1240032.5329511352}
SETUP_PROBE {"appearance":"light","dynamicTypeSize":"xSmall","frame":[32,529.66666666666663,58,17],"id":"film-title","preferredBodyPoints":14,"time":1790872656.4625859,"uptime":1240032.5330463091}
SETUP_PROBE {"appearance":"light","dynamicTypeSize":"xSmall","frame":[60,358.33333333333337,89.666666666666657,17],"id":"silent-capture","preferredBodyPoints":14,"time":1790872656.462677,"uptime":1240032.533136769}
SETUP_PROBE {"appearance":"light","dynamicTypeSize":"xSmall","frame":[32,305.5,193,17],"id":"camera-description","preferredBodyPoints":14,"time":1790872656.462769,"uptime":1240032.533229457}
SETUP_PROBE {"appearance":"light","dynamicTypeSize":"xSmall","frame":[32,408.66666666666663,114.33333333333331,17],"id":"orientation-label","preferredBodyPoints":14,"time":1790872656.462863,"uptime":1240032.533323162}
SETUP_VIEWPORT {"bounds":[0,-122,402,656],"containerSize":[402,656],"contentSize":[402,833],"event":"scroll","insets":[122,0,34,0],"offset":[0,-122],"time":1790872656.5147119,"uptime":1240032.5851725931,"visibleRect":[0,-122,402,812]}
SETUP_VIEWPORT {"bounds":[0,-122,402,656],"containerSize":[402,656],"contentSize":[402,726],"event":"scroll","insets":[122,0,34,0],"offset":[0,-122],"time":1790872656.514828,"uptime":1240032.585287659,"visibleRect":[0,-122,402,812]}
SETUP_PROBE {"appearance":"light","dynamicTypeSize":"xSmall","frame":[32,875.5,62,17],"id":"load-film","preferredBodyPoints":14,"time":1790872656.5149322,"uptime":1240032.5853909911}
SETUP_PROBE {"appearance":"light","dynamicTypeSize":"xSmall","frame":[32,641.16666666666663,211.33333333333334,17],"id":"trial-label","preferredBodyPoints":14,"time":1790872656.514997,"uptime":1240032.5854566661}
SETUP_VIEWPORT {"event":"window","rootFrame":[0,184,402,656],"rootSafeArea":[0,0,0,0],"time":1790872656.5192461,"uptime":1240032.5897074901,"windowBounds":[0,0,402,874],"windowSafeArea":[62,0,34,0]}
SETUP_VIEWPORT {"bounds":[0,-122,402,656],"containerSize":[402,656],"contentSize":[402,729],"event":"scroll","insets":[122,0,34,0],"offset":[0,-122],"time":1790872656.5837059,"uptime":1240032.6541668221,"visibleRect":[0,-122,402,812]}
SETUP_PROBE {"appearance":"light","dynamicTypeSize":"small","frame":[32,878,66,18],"id":"load-film","preferredBodyPoints":15,"time":1790872656.583966,"uptime":1240032.654425354}
SETUP_PROBE {"appearance":"light","dynamicTypeSize":"small","frame":[32,878,66,18],"id":"load-film","preferredBodyPoints":15,"time":1790872656.584064,"uptime":1240032.6545231962}
SETUP_PROBE {"appearance":"light","dynamicTypeSize":"small","frame":[32,643.66666666666663,224.33333333333337,18],"id":"trial-label","preferredBodyPoints":15,"time":1790872656.5841451,"uptime":1240032.6546041442}
SETUP_PROBE {"appearance":"light","dynamicTypeSize":"small","frame":[32,643.66666666666663,224.33333333333337,18],"id":"trial-label","preferredBodyPoints":15,"time":1790872656.584224,"uptime":1240032.6546827292}
SETUP_PROBE {"appearance":"light","dynamicTypeSize":"small","frame":[32,530.66666666666663,61.666666666666657,18],"id":"film-title","preferredBodyPoints":15,"time":1790872656.5843019,"uptime":1240032.654760754}
SETUP_PROBE {"appearance":"light","dynamicTypeSize":"small","frame":[32,530.66666666666663,61.666666666666657,18],"id":"film-title","preferredBodyPoints":15,"time":1790872656.5843771,"uptime":1240032.654835199}
SETUP_PROBE {"appearance":"light","dynamicTypeSize":"small","frame":[32,408.66666666666663,114.33333333333331,17],"id":"orientation-label","preferredBodyPoints":15,"time":1790872656.5844479,"uptime":1240032.6549063921}
SETUP_PROBE {"appearance":"light","dynamicTypeSize":"small","frame":[60,357.83333333333337,95,18],"id":"silent-capture","preferredBodyPoints":15,"time":1790872656.584523,"uptime":1240032.654981737}
SETUP_PROBE {"appearance":"light","dynamicTypeSize":"small","frame":[60,357.83333333333337,95,18],"id":"silent-capture","preferredBodyPoints":15,"time":1790872656.5846019,"uptime":1240032.655060285}
SETUP_PROBE {"appearance":"light","dynamicTypeSize":"small","frame":[32,305,204.33333333333331,18],"id":"camera-description","preferredBodyPoints":15,"time":1790872656.584677,"uptime":1240032.655135829}
SETUP_PROBE {"appearance":"light","dynamicTypeSize":"small","frame":[32,305,204.33333333333331,18],"id":"camera-description","preferredBodyPoints":15,"time":1790872656.584749,"uptime":1240032.655207712}
SETUP_PROBE {"appearance":"light","dynamicTypeSize":"small","frame":[32,408.66666666666663,121.33333333333331,18],"id":"orientation-label","preferredBodyPoints":15,"time":1790872656.5848241,"uptime":1240032.6552830972}
SETUP_VIEWPORT {"bounds":[0,-122,402,656],"containerSize":[402,656],"contentSize":[402,732.66666666666663],"event":"scroll","insets":[122,0,34,0],"offset":[0,-122],"time":1790872656.7075551,"uptime":1240032.7780143651,"visibleRect":[0,-122,402,812]}
SETUP_PROBE {"appearance":"light","dynamicTypeSize":"medium","frame":[32,881,69.666666666666657,19.333333333333371],"id":"load-film","preferredBodyPoints":16,"time":1790872656.707792,"uptime":1240032.7782499702}
SETUP_PROBE {"appearance":"light","dynamicTypeSize":"medium","frame":[32,881,69.666666666666657,19.333333333333371],"id":"load-film","preferredBodyPoints":16,"time":1790872656.707891,"uptime":1240032.778348624}
SETUP_PROBE {"appearance":"light","dynamicTypeSize":"medium","frame":[32,646.66666666666663,236.66666666666663,19.333333333333371],"id":"trial-label","preferredBodyPoints":16,"time":1790872656.7079811,"uptime":1240032.778438851}
SETUP_PROBE {"appearance":"light","dynamicTypeSize":"medium","frame":[32,646.66666666666663,236.66666666666663,19.333333333333371],"id":"trial-label","preferredBodyPoints":16,"time":1790872656.708066,"uptime":1240032.778522942}
SETUP_PROBE {"appearance":"light","dynamicTypeSize":"medium","frame":[32,532,65,19.333333333333258],"id":"film-title","preferredBodyPoints":16,"time":1790872656.7081552,"uptime":1240032.7786121732}
SETUP_PROBE {"appearance":"light","dynamicTypeSize":"medium","frame":[32,532,65,19.333333333333258],"id":"film-title","preferredBodyPoints":16,"time":1790872656.7082338,"uptime":1240032.7786917831}
SETUP_PROBE {"appearance":"light","dynamicTypeSize":"medium","frame":[32,408.66666666666663,121.33333333333331,18],"id":"orientation-label","preferredBodyPoints":16,"time":1790872656.7083149,"uptime":1240032.77877205}
SETUP_PROBE {"appearance":"light","dynamicTypeSize":"medium","frame":[60,357.16666666666663,100.33333333333331,19.333333333333371],"id":"silent-capture","preferredBodyPoints":16,"time":1790872656.7083979,"uptime":1240032.778854985}
SETUP_PROBE {"appearance":"light","dynamicTypeSize":"medium","frame":[60,357.16666666666663,100.33333333333331,19.333333333333371],"id":"silent-capture","preferredBodyPoints":16,"time":1790872656.708478,"uptime":1240032.77893496}
SETUP_PROBE {"appearance":"light","dynamicTypeSize":"medium","frame":[32,304.33333333333337,216,19.333333333333314],"id":"camera-description","preferredBodyPoints":16,"time":1790872656.708559,"uptime":1240032.7790160261}
SETUP_PROBE {"appearance":"light","dynamicTypeSize":"medium","frame":[32,304.33333333333337,216,19.333333333333314],"id":"camera-description","preferredBodyPoints":16,"time":1790872656.708636,"uptime":1240032.7790934301}
SETUP_PROBE {"appearance":"light","dynamicTypeSize":"medium","frame":[32,408.66666666666663,128.33333333333331,19.333333333333371],"id":"orientation-label","preferredBodyPoints":16,"time":1790872656.7087159,"uptime":1240032.7791728291}
SETUP_VIEWPORT {"bounds":[0,-122,402,656],"containerSize":[402,656],"contentSize":[402,739],"event":"scroll","insets":[122,0,34,0],"offset":[0,-122],"time":1790872656.82125,"uptime":1240032.8917075221,"visibleRect":[0,-122,402,812]}
SETUP_PROBE {"appearance":"light","dynamicTypeSize":"large","frame":[32,886.83333333333337,73.333333333333329,20.333333333333371],"id":"load-film","preferredBodyPoints":17,"time":1790872656.82144,"uptime":1240032.89189646}
SETUP_PROBE {"appearance":"light","dynamicTypeSize":"large","frame":[32,886.83333333333337,73.333333333333329,20.333333333333371],"id":"load-film","preferredBodyPoints":17,"time":1790872656.8215179,"uptime":1240032.8919743272}
SETUP_PROBE {"appearance":"light","dynamicTypeSize":"large","frame":[32,649.16666666666663,247.66666666666669,20.333333333333371],"id":"trial-label","preferredBodyPoints":17,"time":1790872656.8215809,"uptime":1240032.892037482}
SETUP_PROBE {"appearance":"light","dynamicTypeSize":"large","frame":[32,649.16666666666663,247.66666666666669,20.333333333333371],"id":"trial-label","preferredBodyPoints":17,"time":1790872656.8216372,"uptime":1240032.892092926}
SETUP_PROBE {"appearance":"light","dynamicTypeSize":"large","frame":[32,533,68,20.333333333333258],"id":"film-title","preferredBodyPoints":17,"time":1790872656.8216949,"uptime":1240032.8921511271}
SETUP_PROBE {"appearance":"light","dynamicTypeSize":"large","frame":[32,533,68,20.333333333333258],"id":"film-title","preferredBodyPoints":17,"time":1790872656.8217468,"uptime":1240032.892202612}
SETUP_PROBE {"appearance":"light","dynamicTypeSize":"large","frame":[32,408.66666666666663,128.33333333333331,19.333333333333371],"id":"orientation-label","preferredBodyPoints":17,"time":1790872656.8218031,"uptime":1240032.8922594041}
SETUP_PROBE {"appearance":"light","dynamicTypeSize":"large","frame":[60,356.66666666666663,105.33333333333331,20.333333333333371],"id":"silent-capture","preferredBodyPoints":17,"time":1790872656.8218632,"uptime":1240032.892319235}
SETUP_PROBE {"appearance":"light","dynamicTypeSize":"large","frame":[60,356.66666666666663,105.33333333333331,20.333333333333371],"id":"silent-capture","preferredBodyPoints":17,"time":1790872656.8219199,"uptime":1240032.8923757791}
SETUP_PROBE {"appearance":"light","dynamicTypeSize":"large","frame":[32,303.83333333333337,226.66666666666663,20.333333333333314],"id":"camera-description","preferredBodyPoints":17,"time":1790872656.821979,"uptime":1240032.892434644}
SETUP_PROBE {"appearance":"light","dynamicTypeSize":"large","frame":[32,303.83333333333337,226.66666666666663,20.333333333333314],"id":"camera-description","preferredBodyPoints":17,"time":1790872656.8220339,"uptime":1240032.8924902522}
SETUP_PROBE {"appearance":"light","dynamicTypeSize":"large","frame":[32,408.66666666666663,134.66666666666666,20.333333333333371],"id":"orientation-label","preferredBodyPoints":17,"time":1790872656.8220921,"uptime":1240032.892548078}
SETUP_VIEWPORT {"bounds":[0,-122,402,656],"containerSize":[402,656],"contentSize":[402,776.66666666666663],"event":"scroll","insets":[122,0,34,0],"offset":[0,-122],"time":1790872656.9349871,"uptime":1240033.0054437402,"visibleRect":[0,-122,402,812]}
SETUP_PROBE {"appearance":"light","dynamicTypeSize":"xLarge","frame":[32,922.66666666666663,81.333333333333329,23],"id":"load-film","preferredBodyPoints":19,"time":1790872656.9352169,"uptime":1240033.0056726311}
SETUP_PROBE {"appearance":"light","dynamicTypeSize":"xLarge","frame":[32,922.66666666666663,81.333333333333329,23],"id":"load-film","preferredBodyPoints":19,"time":1790872656.9353199,"uptime":1240033.005775145}
SETUP_PROBE {"appearance":"light","dynamicTypeSize":"xLarge","frame":[32,658.66666666666663,274.33333333333331,23],"id":"trial-label","preferredBodyPoints":19,"time":1790872656.9354081,"uptime":1240033.005862826}
SETUP_PROBE {"appearance":"light","dynamicTypeSize":"xLarge","frame":[32,658.66666666666663,274.33333333333331,23],"id":"trial-label","preferredBodyPoints":19,"time":1790872656.935488,"uptime":1240033.0059433661}
SETUP_PROBE {"appearance":"light","dynamicTypeSize":"xLarge","frame":[32,538.66666666666663,75.333333333333329,23],"id":"film-title","preferredBodyPoints":19,"time":1790872656.937741,"uptime":1240033.0081960571}
SETUP_PROBE {"appearance":"light","dynamicTypeSize":"xLarge","frame":[32,538.66666666666663,75.333333333333329,23],"id":"film-title","preferredBodyPoints":19,"time":1790872656.937834,"uptime":1240033.008288648}
SETUP_PROBE {"appearance":"light","dynamicTypeSize":"xLarge","frame":[32,408.66666666666663,134.66666666666666,20.333333333333371],"id":"orientation-label","preferredBodyPoints":19,"time":1790872656.9379129,"uptime":1240033.008367809}
SETUP_PROBE {"appearance":"light","dynamicTypeSize":"xLarge","frame":[60,358.33333333333337,116.66666666666666,23],"id":"silent-capture","preferredBodyPoints":19,"time":1790872656.9379981,"uptime":1240033.0084527191}
SETUP_PROBE {"appearance":"light","dynamicTypeSize":"xLarge","frame":[60,358.33333333333337,116.66666666666666,23],"id":"silent-capture","preferredBodyPoints":19,"time":1790872656.938077,"uptime":1240033.0085322552}
SETUP_PROBE {"appearance":"light","dynamicTypeSize":"xLarge","frame":[32,305,251,23],"id":"camera-description","preferredBodyPoints":19,"time":1790872656.938159,"uptime":1240033.008614006}
SETUP_PROBE {"appearance":"light","dynamicTypeSize":"xLarge","frame":[32,305,251,23],"id":"camera-description","preferredBodyPoints":19,"time":1790872656.938235,"uptime":1240033.008689584}
SETUP_PROBE {"appearance":"light","dynamicTypeSize":"xLarge","frame":[32,411.66666666666663,149.33333333333331,23],"id":"orientation-label","preferredBodyPoints":19,"time":1790872656.938313,"uptime":1240033.008767742}
SETUP_VIEWPORT {"bounds":[0,-122,402,656],"containerSize":[402,656],"contentSize":[402,805.33333333333326],"event":"scroll","insets":[122,0,34,0],"offset":[0,-122],"time":1790872657.057205,"uptime":1240033.127660579,"visibleRect":[0,-122,402,812]}
SETUP_PROBE {"appearance":"light","dynamicTypeSize":"xxLarge","frame":[32,949,88,25.333333333333371],"id":"load-film","preferredBodyPoints":21,"time":1790872657.057395,"uptime":1240033.127848974}
SETUP_PROBE {"appearance":"light","dynamicTypeSize":"xxLarge","frame":[32,949,88,25.333333333333371],"id":"load-film","preferredBodyPoints":21,"time":1790872657.057482,"uptime":1240033.127935569}
SETUP_PROBE {"appearance":"light","dynamicTypeSize":"xxLarge","frame":[32,674,296.33333333333331,25.333333333333258],"id":"trial-label","preferredBodyPoints":21,"time":1790872657.0575662,"uptime":1240033.12801943}
SETUP_PROBE {"appearance":"light","dynamicTypeSize":"xxLarge","frame":[32,674,296.33333333333331,25.333333333333258],"id":"trial-label","preferredBodyPoints":21,"time":1790872657.057632,"uptime":1240033.1280854752}
SETUP_PROBE {"appearance":"light","dynamicTypeSize":"xxLarge","frame":[32,549.66666666666663,81.333333333333329,25.333333333333371],"id":"film-title","preferredBodyPoints":21,"time":1790872657.0576959,"uptime":1240033.128149848}
SETUP_PROBE {"appearance":"light","dynamicTypeSize":"xxLarge","frame":[32,549.66666666666663,81.333333333333329,25.333333333333371],"id":"film-title","preferredBodyPoints":21,"time":1790872657.0577559,"uptime":1240033.1282099141}
SETUP_PROBE {"appearance":"light","dynamicTypeSize":"xxLarge","frame":[32,411.66666666666663,149.33333333333331,23],"id":"orientation-label","preferredBodyPoints":21,"time":1790872657.0578132,"uptime":1240033.1282669171}
SETUP_PROBE {"appearance":"light","dynamicTypeSize":"xxLarge","frame":[60,365,126,25.333333333333371],"id":"silent-capture","preferredBodyPoints":21,"time":1790872657.057873,"uptime":1240033.128327026}
SETUP_PROBE {"appearance":"light","dynamicTypeSize":"xxLarge","frame":[60,365,126,25.333333333333371],"id":"silent-capture","preferredBodyPoints":21,"time":1790872657.0580201,"uptime":1240033.12847427}
SETUP_PROBE {"appearance":"light","dynamicTypeSize":"xxLarge","frame":[32,309.66666666666663,269.66666666666663,25.333333333333371],"id":"camera-description","preferredBodyPoints":21,"time":1790872657.0581231,"uptime":1240033.128577136}
SETUP_PROBE {"appearance":"light","dynamicTypeSize":"xxLarge","frame":[32,309.66666666666663,269.66666666666663,25.333333333333371],"id":"camera-description","preferredBodyPoints":21,"time":1790872657.0582051,"uptime":1240033.128658765}
SETUP_PROBE {"appearance":"light","dynamicTypeSize":"xxLarge","frame":[32,420.33333333333331,161.66666666666666,25.333333333333314],"id":"orientation-label","preferredBodyPoints":21,"time":1790872657.0582941,"uptime":1240033.128747636}
SETUP_VIEWPORT {"bounds":[0,-122,402,655.66666666666663],"containerSize":[402,655.66666666666663],"contentSize":[402,805.33333333333326],"event":"scroll","insets":[122,0,34,0],"offset":[0,-122],"time":1790872657.065675,"uptime":1240033.136130488,"visibleRect":[0,-122,402,811.66666666666663]}
SETUP_PROBE {"appearance":"light","dynamicTypeSize":"xxLarge","frame":[32,949.33333333333337,88,25.333333333333371],"id":"load-film","preferredBodyPoints":21,"time":1790872657.0658221,"uptime":1240033.1362765301}
SETUP_PROBE {"appearance":"light","dynamicTypeSize":"xxLarge","frame":[32,674.33333333333326,296.33333333333331,25.333333333333371],"id":"trial-label","preferredBodyPoints":21,"time":1790872657.0658941,"uptime":1240033.1363471271}
SETUP_PROBE {"appearance":"light","dynamicTypeSize":"xxLarge","frame":[32,550,81.333333333333329,25.333333333333258],"id":"film-title","preferredBodyPoints":21,"time":1790872657.0659552,"uptime":1240033.136408749}
SETUP_PROBE {"appearance":"light","dynamicTypeSize":"xxLarge","frame":[60,365.33333333333331,126,25.333333333333371],"id":"silent-capture","preferredBodyPoints":21,"time":1790872657.066015,"uptime":1240033.1364685642}
SETUP_PROBE {"appearance":"light","dynamicTypeSize":"xxLarge","frame":[32,310,269.66666666666663,25.333333333333314],"id":"camera-description","preferredBodyPoints":21,"time":1790872657.0660729,"uptime":1240033.1365261502}
SETUP_PROBE {"appearance":"light","dynamicTypeSize":"xxLarge","frame":[32,420.66666666666663,161.66666666666666,25.333333333333314],"id":"orientation-label","preferredBodyPoints":21,"time":1790872657.066129,"uptime":1240033.1365826661}
SETUP_VIEWPORT {"event":"window","rootFrame":[0,184.33333333333331,402,656],"rootSafeArea":[0,0,0.33333333333337123,0],"time":1790872657.1003451,"uptime":1240033.1708000752,"windowBounds":[0,0,402,874],"windowSafeArea":[62,0,34,0]}
SETUP_VIEWPORT {"event":"window","rootFrame":[0,184.33333333333331,402,655.66666666666674],"rootSafeArea":[0,0,0,0],"time":1790872657.1006889,"uptime":1240033.1711424021,"windowBounds":[0,0,402,874],"windowSafeArea":[62,0,34,0]}
SETUP_VIEWPORT {"bounds":[0,-122.33333333333333,402,655.66666666666663],"containerSize":[402,655.66666666666663],"contentSize":[402,805.33333333333326],"event":"scroll","insets":[122.33333333333333,0,33.999999999999886,0],"offset":[0,-122.33333333333333],"time":1790872657.107935,"uptime":1240033.1783904221,"visibleRect":[0,-122.33333333333333,402,811.99999999999977]}
SETUP_VIEWPORT {"bounds":[0,-122.33333333333333,402,655.66666666666663],"containerSize":[402,655.66666666666663],"contentSize":[402,865],"event":"scroll","insets":[122.33333333333333,0,33.999999999999886,0],"offset":[0,-122.33333333333333],"time":1790872657.1782641,"uptime":1240033.2487179611,"visibleRect":[0,-122.33333333333333,402,811.99999999999977]}
SETUP_PROBE {"appearance":"light","dynamicTypeSize":"xxxLarge","frame":[32,1006.6666666666665,96,27.666666666666515],"id":"load-film","preferredBodyPoints":23,"time":1790872657.1785021,"uptime":1240033.248955362}
SETUP_PROBE {"appearance":"light","dynamicTypeSize":"xxxLarge","frame":[32,1006.6666666666665,96,27.666666666666515],"id":"load-film","preferredBodyPoints":23,"time":1790872657.178611,"uptime":1240033.2490632811}
SETUP_PROBE {"appearance":"light","dynamicTypeSize":"xxxLarge","frame":[32,720.33333333333326,320.66666666666663,27.666666666666629],"id":"trial-label","preferredBodyPoints":23,"time":1790872657.1786819,"uptime":1240033.24913405}
SETUP_PROBE {"appearance":"light","dynamicTypeSize":"xxxLarge","frame":[32,720.33333333333326,320.66666666666663,27.666666666666629],"id":"trial-label","preferredBodyPoints":23,"time":1790872657.178766,"uptime":1240033.249218422}
SETUP_PROBE {"appearance":"light","dynamicTypeSize":"xxxLarge","frame":[32,590.66666666666663,88.333333333333329,27.666666666666629],"id":"film-title","preferredBodyPoints":23,"time":1790872657.1788549,"uptime":1240033.2493071221}
SETUP_PROBE {"appearance":"light","dynamicTypeSize":"xxxLarge","frame":[32,590.66666666666663,88.333333333333329,27.666666666666629],"id":"film-title","preferredBodyPoints":23,"time":1790872657.1789389,"uptime":1240033.2493911441}
SETUP_PROBE {"appearance":"light","dynamicTypeSize":"xxxLarge","frame":[32,420.66666666666663,161.66666666666666,25.333333333333314],"id":"orientation-label","preferredBodyPoints":23,"time":1790872657.1790199,"uptime":1240033.2494725881}
SETUP_PROBE {"appearance":"light","dynamicTypeSize":"xxxLarge","frame":[60,401.33333333333331,136.66666666666666,27.666666666666629],"id":"silent-capture","preferredBodyPoints":23,"time":1790872657.1791139,"uptime":1240033.2495661471}
SETUP_PROBE {"appearance":"light","dynamicTypeSize":"xxxLarge","frame":[60,401.33333333333331,136.66666666666666,27.666666666666629],"id":"silent-capture","preferredBodyPoints":23,"time":1790872657.1791911,"uptime":1240033.2496433251}
SETUP_PROBE {"appearance":"light","dynamicTypeSize":"xxxLarge","frame":[32,343.66666666666663,291.66666666666663,27.666666666666686],"id":"camera-description","preferredBodyPoints":23,"time":1790872657.1792541,"uptime":1240033.2497065112}
SETUP_PROBE {"appearance":"light","dynamicTypeSize":"xxxLarge","frame":[32,343.66666666666663,291.66666666666663,27.666666666666686],"id":"camera-description","preferredBodyPoints":23,"time":1790872657.179312,"uptime":1240033.2497639072}
SETUP_PROBE {"appearance":"light","dynamicTypeSize":"xxxLarge","frame":[32,458.99999999999994,175.66666666666666,27.666666666666686],"id":"orientation-label","preferredBodyPoints":23,"time":1790872657.1793699,"uptime":1240033.2498226671}
SETUP_VIEWPORT {"bounds":[0,-122.33333333333333,402,654],"containerSize":[402,654],"contentSize":[402,865],"event":"scroll","insets":[122.33333333333333,0,33.999999999999886,0],"offset":[0,-122.33333333333333],"time":1790872657.185915,"uptime":1240033.256369727,"visibleRect":[0,-122.33333333333333,402,810.33333333333326]}
SETUP_PROBE {"appearance":"light","dynamicTypeSize":"xxxLarge","frame":[32,1008.3333333333331,96,27.666666666666629],"id":"load-film","preferredBodyPoints":23,"time":1790872657.186064,"uptime":1240033.2565171572}
SETUP_PROBE {"appearance":"light","dynamicTypeSize":"xxxLarge","frame":[32,721.99999999999989,320.66666666666663,27.666666666666629],"id":"trial-label","preferredBodyPoints":23,"time":1790872657.1861351,"uptime":1240033.256587568}
SETUP_PROBE {"appearance":"light","dynamicTypeSize":"xxxLarge","frame":[32,592.33333333333326,88.333333333333329,27.666666666666742],"id":"film-title","preferredBodyPoints":23,"time":1790872657.1861959,"uptime":1240033.2566484041}
SETUP_PROBE {"appearance":"light","dynamicTypeSize":"xxxLarge","frame":[60,403,136.66666666666666,27.666666666666629],"id":"silent-capture","preferredBodyPoints":23,"time":1790872657.186254,"uptime":1240033.25670575}
SETUP_PROBE {"appearance":"light","dynamicTypeSize":"xxxLarge","frame":[32,345.33333333333331,291.66666666666663,27.666666666666686],"id":"camera-description","preferredBodyPoints":23,"time":1790872657.1863101,"uptime":1240033.2567622021}
SETUP_PROBE {"appearance":"light","dynamicTypeSize":"xxxLarge","frame":[32,460.66666666666663,175.66666666666666,27.666666666666686],"id":"orientation-label","preferredBodyPoints":23,"time":1790872657.1863661,"uptime":1240033.2568179672}
SETUP_VIEWPORT {"event":"window","rootFrame":[0,186,402,655.66666666666663],"rootSafeArea":[0,0,1.6666666666666288,0],"time":1790872657.2161951,"uptime":1240033.2866489301,"windowBounds":[0,0,402,874],"windowSafeArea":[62,0,34,0]}
SETUP_VIEWPORT {"event":"window","rootFrame":[0,186,402,654],"rootSafeArea":[0,0,0,0],"time":1790872657.2166619,"uptime":1240033.287115457,"windowBounds":[0,0,402,874],"windowSafeArea":[62,0,34,0]}
SETUP_VIEWPORT {"bounds":[0,-124,402,654],"containerSize":[402,654],"contentSize":[402,865],"event":"scroll","insets":[124,0,34,0],"offset":[0,-124],"time":1790872657.224165,"uptime":1240033.2946191612,"visibleRect":[0,-124,402,812]}
SETUP_VIEWPORT {"bounds":[0,-124,402,654],"containerSize":[402,654],"contentSize":[402,1057.3333333333333],"event":"scroll","insets":[124,0,34,0],"offset":[0,-124],"time":1790872657.3037241,"uptime":1240033.374177081,"visibleRect":[0,-124,402,812]}
SETUP_PROBE {"appearance":"light","dynamicTypeSize":"accessibility1","frame":[32,1194.6666666666665,116.66666666666666,33.666666666666742],"id":"load-film","preferredBodyPoints":28,"time":1790872657.3039021,"uptime":1240033.3743534971}
SETUP_PROBE {"appearance":"light","dynamicTypeSize":"accessibility1","frame":[32,1194.6666666666665,116.66666666666666,33.666666666666742],"id":"load-film","preferredBodyPoints":28,"time":1790872657.3039799,"uptime":1240033.3744310711}
SETUP_PROBE {"appearance":"light","dynamicTypeSize":"accessibility1","frame":[32,818.66666666666663,254,67.666666666666629],"id":"trial-label","preferredBodyPoints":28,"time":1790872657.3040462,"uptime":1240033.3744971}
SETUP_PROBE {"appearance":"light","dynamicTypeSize":"accessibility1","frame":[32,818.66666666666663,254,67.666666666666629],"id":"trial-label","preferredBodyPoints":28,"time":1790872657.304105,"uptime":1240033.37455607}
SETUP_PROBE {"appearance":"light","dynamicTypeSize":"accessibility1","frame":[32,678,107.66666666666666,33.666666666666629],"id":"film-title","preferredBodyPoints":28,"time":1790872657.3041649,"uptime":1240033.3746164681}
SETUP_PROBE {"appearance":"light","dynamicTypeSize":"accessibility1","frame":[32,678,107.66666666666666,33.666666666666629],"id":"film-title","preferredBodyPoints":28,"time":1790872657.3042221,"uptime":1240033.3746728911}
SETUP_PROBE {"appearance":"light","dynamicTypeSize":"accessibility1","frame":[32,460.66666666666663,175.66666666666666,27.666666666666686],"id":"orientation-label","preferredBodyPoints":28,"time":1790872657.3042769,"uptime":1240033.374728329}
SETUP_PROBE {"appearance":"light","dynamicTypeSize":"accessibility1","frame":[60,460,165.66666666666666,33.666666666666686],"id":"silent-capture","preferredBodyPoints":28,"time":1790872657.304337,"uptime":1240033.3747882741}
SETUP_PROBE {"appearance":"light","dynamicTypeSize":"accessibility1","frame":[60,460,165.66666666666666,33.666666666666686],"id":"silent-capture","preferredBodyPoints":28,"time":1790872657.3043981,"uptime":1240033.3748494161}
SETUP_PROBE {"appearance":"light","dynamicTypeSize":"accessibility1","frame":[32,362.33333333333331,232.66666666666663,67.666666666666686],"id":"camera-description","preferredBodyPoints":28,"time":1790872657.3044581,"uptime":1240033.3749094941}
SETUP_PROBE {"appearance":"light","dynamicTypeSize":"accessibility1","frame":[32,362.33333333333331,232.66666666666663,67.666666666666686],"id":"camera-description","preferredBodyPoints":28,"time":1790872657.3045149,"uptime":1240033.3749662451}
SETUP_PROBE {"appearance":"light","dynamicTypeSize":"accessibility1","frame":[32,523.66666666666674,213.66666666666666,33.666666666666629],"id":"orientation-label","preferredBodyPoints":28,"time":1790872657.304574,"uptime":1240033.37502483}
SETUP_VIEWPORT {"bounds":[0,-124,402,650],"containerSize":[402,650],"contentSize":[402,1057.3333333333333],"event":"scroll","insets":[124,0,34,0],"offset":[0,-124],"time":1790872657.3237681,"uptime":1240033.394220697,"visibleRect":[0,-124,402,808]}
SETUP_PROBE {"appearance":"light","dynamicTypeSize":"accessibility1","frame":[32,1198.6666666666665,116.66666666666666,33.666666666666742],"id":"load-film","preferredBodyPoints":28,"time":1790872657.3239431,"uptime":1240033.394394407}
SETUP_PROBE {"appearance":"light","dynamicTypeSize":"accessibility1","frame":[32,822.66666666666663,254,67.666666666666629],"id":"trial-label","preferredBodyPoints":28,"time":1790872657.3240418,"uptime":1240033.3944924751}
SETUP_PROBE {"appearance":"light","dynamicTypeSize":"accessibility1","frame":[32,682,107.66666666666666,33.666666666666629],"id":"film-title","preferredBodyPoints":28,"time":1790872657.3241291,"uptime":1240033.394579614}
SETUP_PROBE {"appearance":"light","dynamicTypeSize":"accessibility1","frame":[60,464,165.66666666666666,33.666666666666686],"id":"silent-capture","preferredBodyPoints":28,"time":1790872657.324214,"uptime":1240033.3946650641}
SETUP_PROBE {"appearance":"light","dynamicTypeSize":"accessibility1","frame":[32,366.33333333333331,232.66666666666663,67.666666666666686],"id":"camera-description","preferredBodyPoints":28,"time":1790872657.324297,"uptime":1240033.3947483192}
SETUP_PROBE {"appearance":"light","dynamicTypeSize":"accessibility1","frame":[32,527.66666666666674,213.66666666666666,33.666666666666629],"id":"orientation-label","preferredBodyPoints":28,"time":1790872657.3243809,"uptime":1240033.3948316472}
SETUP_VIEWPORT {"event":"window","rootFrame":[0,190,402,654],"rootSafeArea":[0,0,4,0],"time":1790872657.3274231,"uptime":1240033.397875149,"windowBounds":[0,0,402,874],"windowSafeArea":[62,0,34,0]}
SETUP_VIEWPORT {"event":"window","rootFrame":[0,190,402,650],"rootSafeArea":[0,0,0,0],"time":1790872657.3277731,"uptime":1240033.3982244162,"windowBounds":[0,0,402,874],"windowSafeArea":[62,0,34,0]}
SETUP_VIEWPORT {"bounds":[0,-128,402,650],"containerSize":[402,650],"contentSize":[402,1057.3333333333333],"event":"scroll","insets":[128,0,34,0],"offset":[0,-128],"time":1790872657.355583,"uptime":1240033.4260344161,"visibleRect":[0,-128,402,812]}
SETUP_VIEWPORT {"bounds":[0,-128,402,650],"containerSize":[402,650],"contentSize":[402,1152],"event":"scroll","insets":[128,0,34,0],"offset":[0,-128],"time":1790872657.4114881,"uptime":1240033.481939686,"visibleRect":[0,-128,402,812]}
SETUP_PROBE {"appearance":"light","dynamicTypeSize":"accessibility2","frame":[32,1287.3333333333333,137,39.666666666666742],"id":"load-film","preferredBodyPoints":33,"time":1790872657.41167,"uptime":1240033.4821201782}
SETUP_PROBE {"appearance":"light","dynamicTypeSize":"accessibility2","frame":[32,1287.3333333333333,137,39.666666666666742],"id":"load-film","preferredBodyPoints":33,"time":1790872657.4117498,"uptime":1240033.4822000621}
SETUP_PROBE {"appearance":"light","dynamicTypeSize":"accessibility2","frame":[32,876.66666666666663,296.66666666666663,79.666666666666629],"id":"trial-label","preferredBodyPoints":33,"time":1790872657.411819,"uptime":1240033.4822694911}
SETUP_PROBE {"appearance":"light","dynamicTypeSize":"accessibility2","frame":[32,876.66666666666663,296.66666666666663,79.666666666666629],"id":"trial-label","preferredBodyPoints":33,"time":1790872657.411881,"uptime":1240033.4823309851}
SETUP_PROBE {"appearance":"light","dynamicTypeSize":"accessibility2","frame":[32,724,126.33333333333331,39.666666666666629],"id":"film-title","preferredBodyPoints":33,"time":1790872657.4119391,"uptime":1240033.482389295}
SETUP_PROBE {"appearance":"light","dynamicTypeSize":"accessibility2","frame":[32,724,126.33333333333331,39.666666666666629],"id":"film-title","preferredBodyPoints":33,"time":1790872657.4119949,"uptime":1240033.4824445511}
SETUP_PROBE {"appearance":"light","dynamicTypeSize":"accessibility2","frame":[32,527.66666666666674,213.66666666666666,33.666666666666629],"id":"orientation-label","preferredBodyPoints":33,"time":1790872657.4120491,"uptime":1240033.4824988041}
SETUP_PROBE {"appearance":"light","dynamicTypeSize":"accessibility2","frame":[60,494,194.66666666666666,39.666666666666742],"id":"silent-capture","preferredBodyPoints":33,"time":1790872657.412107,"uptime":1240033.482557317}
SETUP_PROBE {"appearance":"light","dynamicTypeSize":"accessibility2","frame":[60,494,194.66666666666666,39.666666666666742],"id":"silent-capture","preferredBodyPoints":33,"time":1790872657.4121618,"uptime":1240033.482611848}
SETUP_PROBE {"appearance":"light","dynamicTypeSize":"accessibility2","frame":[32,384.33333333333331,273,79.666666666666686],"id":"camera-description","preferredBodyPoints":33,"time":1790872657.412219,"uptime":1240033.482668519}
SETUP_PROBE {"appearance":"light","dynamicTypeSize":"accessibility2","frame":[32,384.33333333333331,273,79.666666666666686],"id":"camera-description","preferredBodyPoints":33,"time":1790872657.412271,"uptime":1240033.4827212191}
SETUP_PROBE {"appearance":"light","dynamicTypeSize":"accessibility2","frame":[32,563.66666666666663,250.66666666666663,39.666666666666629],"id":"orientation-label","preferredBodyPoints":33,"time":1790872657.4123249,"uptime":1240033.4827750102}
SETUP_VIEWPORT {"bounds":[0,-128,402,646.33333333333326],"containerSize":[402,646.33333333333326],"contentSize":[402,1152],"event":"scroll","insets":[128,0,34,0],"offset":[0,-128],"time":1790872657.4210701,"uptime":1240033.491522179,"visibleRect":[0,-128,402,808.33333333333326]}
SETUP_PROBE {"appearance":"light","dynamicTypeSize":"accessibility2","frame":[32,1291,137,39.666666666666742],"id":"load-film","preferredBodyPoints":33,"time":1790872657.4212561,"uptime":1240033.4917057781}
SETUP_PROBE {"appearance":"light","dynamicTypeSize":"accessibility2","frame":[32,880.33333333333326,296.66666666666663,79.666666666666629],"id":"trial-label","preferredBodyPoints":33,"time":1790872657.4213471,"uptime":1240033.49179726}
SETUP_PROBE {"appearance":"light","dynamicTypeSize":"accessibility2","frame":[32,727.66666666666663,126.33333333333331,39.666666666666629],"id":"film-title","preferredBodyPoints":33,"time":1790872657.421433,"uptime":1240033.4918831571}
SETUP_PROBE {"appearance":"light","dynamicTypeSize":"accessibility2","frame":[60,497.66666666666663,194.66666666666666,39.666666666666742],"id":"silent-capture","preferredBodyPoints":33,"time":1790872657.421515,"uptime":1240033.4919651242}
SETUP_PROBE {"appearance":"light","dynamicTypeSize":"accessibility2","frame":[32,388,273,79.666666666666629],"id":"camera-description","preferredBodyPoints":33,"time":1790872657.4217029,"uptime":1240033.4921526301}
SETUP_PROBE {"appearance":"light","dynamicTypeSize":"accessibility2","frame":[32,567.33333333333326,250.66666666666663,39.666666666666742],"id":"orientation-label","preferredBodyPoints":33,"time":1790872657.421787,"uptime":1240033.492236706}
SETUP_VIEWPORT {"event":"window","rootFrame":[0,193.66666666666666,402,650],"rootSafeArea":[0,0,3.6666666666666288,0],"time":1790872657.4554682,"uptime":1240033.5259193461,"windowBounds":[0,0,402,874],"windowSafeArea":[62,0,34,0]}
SETUP_VIEWPORT {"event":"window","rootFrame":[0,193.66666666666666,402,646.33333333333326],"rootSafeArea":[0,0,0,0],"time":1790872657.4559169,"uptime":1240033.5263677342,"windowBounds":[0,0,402,874],"windowSafeArea":[62,0,34,0]}
SETUP_VIEWPORT {"bounds":[0,-131.66666666666666,402,646.33333333333326],"containerSize":[402,646.33333333333326],"contentSize":[402,1152],"event":"scroll","insets":[131.66666666666666,0,34,0],"offset":[0,-131.66666666666666],"time":1790872657.465133,"uptime":1240033.5355845431,"visibleRect":[0,-131.66666666666666,402,811.99999999999989]}
SETUP_VIEWPORT {"bounds":[0,-131.66666666666666,402,646.33333333333326],"containerSize":[402,646.33333333333326],"contentSize":[402,1158],"event":"scroll","insets":[131.66666666666666,0,34,0],"offset":[0,-131.66666666666666],"time":1790872657.4652848,"uptime":1240033.5357347731,"visibleRect":[0,-131.66666666666666,402,811.99999999999989]}
SETUP_PROBE {"appearance":"light","dynamicTypeSize":"accessibility2","frame":[32,1297,137,39.666666666666742],"id":"load-film","preferredBodyPoints":33,"time":1790872657.465425,"uptime":1240033.5358744052}
SETUP_PROBE {"appearance":"light","dynamicTypeSize":"accessibility2","frame":[32,886.33333333333326,296.66666666666663,79.666666666666629],"id":"trial-label","preferredBodyPoints":33,"time":1790872657.4655108,"uptime":1240033.5359600361}
SETUP_PROBE {"appearance":"light","dynamicTypeSize":"accessibility2","frame":[32,733.66666666666663,126.33333333333331,39.666666666666629],"id":"film-title","preferredBodyPoints":33,"time":1790872657.4655929,"uptime":1240033.5360422451}
SETUP_VIEWPORT {"bounds":[0,-131.66666666666666,402,646.33333333333326],"containerSize":[402,646.33333333333326],"contentSize":[402,1381.3333333333333],"event":"scroll","insets":[131.66666666666666,0,34,0],"offset":[0,-131.66666666666666],"time":1790872657.54039,"uptime":1240033.610841319,"visibleRect":[0,-131.66666666666666,402,811.99999999999989]}
SETUP_PROBE {"appearance":"light","dynamicTypeSize":"accessibility3","frame":[32,1512,165.33333333333331,48],"id":"load-film","preferredBodyPoints":40,"time":1790872657.540659,"uptime":1240033.611107572}
SETUP_PROBE {"appearance":"light","dynamicTypeSize":"accessibility3","frame":[32,1512,165.33333333333331,48],"id":"load-film","preferredBodyPoints":40,"time":1790872657.5407538,"uptime":1240033.6112031951}
SETUP_PROBE {"appearance":"light","dynamicTypeSize":"accessibility3","frame":[32,1008.3333333333333,306.66666666666663,96],"id":"trial-label","preferredBodyPoints":40,"time":1790872657.5408511,"uptime":1240033.6112997511}
SETUP_PROBE {"appearance":"light","dynamicTypeSize":"accessibility3","frame":[32,1008.3333333333333,306.66666666666663,96],"id":"trial-label","preferredBodyPoints":40,"time":1790872657.5409369,"uptime":1240033.6113855091}
SETUP_PROBE {"appearance":"light","dynamicTypeSize":"accessibility3","frame":[32,839.33333333333326,152,48],"id":"film-title","preferredBodyPoints":40,"time":1790872657.54826,"uptime":1240033.618709763}
SETUP_PROBE {"appearance":"light","dynamicTypeSize":"accessibility3","frame":[32,839.33333333333326,152,48],"id":"film-title","preferredBodyPoints":40,"time":1790872657.5483999,"uptime":1240033.618848952}
SETUP_PROBE {"appearance":"light","dynamicTypeSize":"accessibility3","frame":[32,567.33333333333326,250.66666666666663,39.666666666666742],"id":"orientation-label","preferredBodyPoints":40,"time":1790872657.548486,"uptime":1240033.618934911}
SETUP_PROBE {"appearance":"light","dynamicTypeSize":"accessibility3","frame":[60,586.66666666666663,234.33333333333331,48],"id":"silent-capture","preferredBodyPoints":40,"time":1790872657.548578,"uptime":1240033.6190267231}
SETUP_PROBE {"appearance":"light","dynamicTypeSize":"accessibility3","frame":[60,586.66666666666663,234.33333333333331,48],"id":"silent-capture","preferredBodyPoints":40,"time":1790872657.5493469,"uptime":1240033.6197958731}
SETUP_PROBE {"appearance":"light","dynamicTypeSize":"accessibility3","frame":[32,460.66666666666663,329,96],"id":"camera-description","preferredBodyPoints":40,"time":1790872657.5494518,"uptime":1240033.619900278}
SETUP_PROBE {"appearance":"light","dynamicTypeSize":"accessibility3","frame":[32,460.66666666666663,329,96],"id":"camera-description","preferredBodyPoints":40,"time":1790872657.5495369,"uptime":1240033.619985332}
SETUP_PROBE {"appearance":"light","dynamicTypeSize":"accessibility3","frame":[32,664.66666666666663,302,48],"id":"orientation-label","preferredBodyPoints":40,"time":1790872657.549624,"uptime":1240033.6200720991}
SETUP_VIEWPORT {"bounds":[0,-131.66666666666666,402,642.33333333333326],"containerSize":[402,642.33333333333326],"contentSize":[402,1381.3333333333333],"event":"scroll","insets":[131.66666666666666,0,34,0],"offset":[0,-131.66666666666666],"time":1790872657.559273,"uptime":1240033.629724009,"visibleRect":[0,-131.66666666666666,402,807.99999999999989]}
SETUP_PROBE {"appearance":"light","dynamicTypeSize":"accessibility3","frame":[32,1516,165.33333333333331,48],"id":"load-film","preferredBodyPoints":40,"time":1790872657.5594389,"uptime":1240033.6298877972}
SETUP_PROBE {"appearance":"light","dynamicTypeSize":"accessibility3","frame":[32,1012.3333333333333,306.66666666666663,96],"id":"trial-label","preferredBodyPoints":40,"time":1790872657.5595191,"uptime":1240033.62996791}
SETUP_PROBE {"appearance":"light","dynamicTypeSize":"accessibility3","frame":[32,843.33333333333326,152,48],"id":"film-title","preferredBodyPoints":40,"time":1790872657.559588,"uptime":1240033.630035911}
SETUP_PROBE {"appearance":"light","dynamicTypeSize":"accessibility3","frame":[60,590.66666666666663,234.33333333333331,48],"id":"silent-capture","preferredBodyPoints":40,"time":1790872657.5596509,"uptime":1240033.630099189}
SETUP_PROBE {"appearance":"light","dynamicTypeSize":"accessibility3","frame":[32,464.66666666666663,329,96],"id":"camera-description","preferredBodyPoints":40,"time":1790872657.5597129,"uptime":1240033.630161288}
SETUP_PROBE {"appearance":"light","dynamicTypeSize":"accessibility3","frame":[32,668.66666666666663,302,48],"id":"orientation-label","preferredBodyPoints":40,"time":1790872657.5597749,"uptime":1240033.6302236221}
SETUP_VIEWPORT {"event":"window","rootFrame":[0,197.66666666666666,402,646.33333333333326],"rootSafeArea":[0,0,3.9999999999998863,0],"time":1790872657.590338,"uptime":1240033.6607878811,"windowBounds":[0,0,402,874],"windowSafeArea":[62,0,34,0]}
SETUP_VIEWPORT {"event":"window","rootFrame":[0,197.66666666666666,402,642.33333333333326],"rootSafeArea":[0,0,0,0],"time":1790872657.5906579,"uptime":1240033.661107118,"windowBounds":[0,0,402,874],"windowSafeArea":[62,0,34,0]}
SETUP_VIEWPORT {"bounds":[0,-135.66666666666666,402,642.33333333333326],"containerSize":[402,642.33333333333326],"contentSize":[402,1381.3333333333333],"event":"scroll","insets":[135.66666666666666,0,34,0],"offset":[0,-135.66666666666666],"time":1790872657.6011,"uptime":1240033.6715494981,"visibleRect":[0,-135.66666666666666,402,811.99999999999989]}
SETUP_VIEWPORT {"bounds":[0,-135.66666666666666,402,642.33333333333326],"containerSize":[402,642.33333333333326],"contentSize":[402,1389.6666666666665],"event":"scroll","insets":[135.66666666666666,0,34,0],"offset":[0,-135.66666666666666],"time":1790872657.6012239,"uptime":1240033.6716726411,"visibleRect":[0,-135.66666666666666,402,811.99999999999989]}
SETUP_PROBE {"appearance":"light","dynamicTypeSize":"accessibility3","frame":[32,1524.3333333333333,165.33333333333331,48],"id":"load-film","preferredBodyPoints":40,"time":1790872657.6013331,"uptime":1240033.6717809602}
SETUP_PROBE {"appearance":"light","dynamicTypeSize":"accessibility3","frame":[32,1020.6666666666666,306.66666666666663,96.000000000000114],"id":"trial-label","preferredBodyPoints":40,"time":1790872657.601398,"uptime":1240033.6718461751}
SETUP_PROBE {"appearance":"light","dynamicTypeSize":"accessibility3","frame":[32,851.66666666666663,152,48],"id":"film-title","preferredBodyPoints":40,"time":1790872657.60146,"uptime":1240033.6719080352}
SETUP_VIEWPORT {"bounds":[0,-135.66666666666666,402,642.33333333333326],"containerSize":[402,642.33333333333326],"contentSize":[402,1851],"event":"scroll","insets":[135.66666666666666,0,34,0],"offset":[0,-135.66666666666666],"time":1790872657.6742649,"uptime":1240033.7447138221,"visibleRect":[0,-135.66666666666666,402,811.99999999999989]}
SETUP_PROBE {"appearance":"light","dynamicTypeSize":"accessibility4","frame":[32,1977.3333333333335,193.33333333333331,56.333333333333258],"id":"load-film","preferredBodyPoints":47,"time":1790872657.6744499,"uptime":1240033.7448978301}
SETUP_PROBE {"appearance":"light","dynamicTypeSize":"accessibility4","frame":[32,1977.3333333333335,193.33333333333331,56.333333333333258],"id":"load-film","preferredBodyPoints":47,"time":1790872657.674525,"uptime":1240033.7449718302}
SETUP_PROBE {"appearance":"light","dynamicTypeSize":"accessibility4","frame":[32,1271.0000000000002,313,168.33333333333326],"id":"trial-label","preferredBodyPoints":47,"time":1790872657.6745839,"uptime":1240033.745031171}
SETUP_PROBE {"appearance":"light","dynamicTypeSize":"accessibility4","frame":[32,1271.0000000000002,313,168.33333333333326],"id":"trial-label","preferredBodyPoints":47,"time":1790872657.674638,"uptime":1240033.74508495}
SETUP_PROBE {"appearance":"light","dynamicTypeSize":"accessibility4","frame":[32,1085.3333333333335,177.66666666666666,56.333333333333258],"id":"film-title","preferredBodyPoints":47,"time":1790872657.6746931,"uptime":1240033.7451405961}
SETUP_PROBE {"appearance":"light","dynamicTypeSize":"accessibility4","frame":[32,1085.3333333333335,177.66666666666666,56.333333333333258],"id":"film-title","preferredBodyPoints":47,"time":1790872657.674746,"uptime":1240033.745192836}
SETUP_PROBE {"appearance":"light","dynamicTypeSize":"accessibility4","frame":[32,668.66666666666663,302,48],"id":"orientation-label","preferredBodyPoints":47,"time":1790872657.6747961,"uptime":1240033.7452427661}
SETUP_PROBE {"appearance":"light","dynamicTypeSize":"accessibility4","frame":[60,751.66666666666663,274,56.333333333333371],"id":"silent-capture","preferredBodyPoints":47,"time":1790872657.6748481,"uptime":1240033.74529521}
SETUP_PROBE {"appearance":"light","dynamicTypeSize":"accessibility4","frame":[60,751.66666666666663,274,56.333333333333371],"id":"silent-capture","preferredBodyPoints":47,"time":1790872657.6749001,"uptime":1240033.745346853}
SETUP_PROBE {"appearance":"light","dynamicTypeSize":"accessibility4","frame":[32,553.33333333333326,269.66666666666663,168.33333333333337],"id":"camera-description","preferredBodyPoints":47,"time":1790872657.674952,"uptime":1240033.7453991522}
SETUP_PROBE {"appearance":"light","dynamicTypeSize":"accessibility4","frame":[32,553.33333333333326,269.66666666666663,168.33333333333337],"id":"camera-description","preferredBodyPoints":47,"time":1790872657.675009,"uptime":1240033.745456344}
SETUP_PROBE {"appearance":"light","dynamicTypeSize":"accessibility4","frame":[32,838,222.33333333333331,112.33333333333337],"id":"orientation-label","preferredBodyPoints":47,"time":1790872657.6750619,"uptime":1240033.7455090431}
SETUP_VIEWPORT {"bounds":[0,-135.66666666666666,402,638.66666666666663],"containerSize":[402,638.66666666666663],"contentSize":[402,1851],"event":"scroll","insets":[135.66666666666666,0,34,0],"offset":[0,-135.66666666666666],"time":1790872657.6840019,"uptime":1240033.7544515932,"visibleRect":[0,-135.66666666666666,402,808.33333333333326]}
SETUP_PROBE {"appearance":"light","dynamicTypeSize":"accessibility4","frame":[32,1981,193.33333333333331,56.333333333333258],"id":"load-film","preferredBodyPoints":47,"time":1790872657.684202,"uptime":1240033.7546490361}
SETUP_PROBE {"appearance":"light","dynamicTypeSize":"accessibility4","frame":[32,1274.6666666666667,313,168.33333333333326],"id":"trial-label","preferredBodyPoints":47,"time":1790872657.6842961,"uptime":1240033.754743292}
SETUP_PROBE {"appearance":"light","dynamicTypeSize":"accessibility4","frame":[32,1089,177.66666666666666,56.333333333333485],"id":"film-title","preferredBodyPoints":47,"time":1790872657.684381,"uptime":1240033.754828182}
SETUP_PROBE {"appearance":"light","dynamicTypeSize":"accessibility4","frame":[60,755.33333333333326,274,56.333333333333485],"id":"silent-capture","preferredBodyPoints":47,"time":1790872657.684464,"uptime":1240033.75491091}
SETUP_PROBE {"appearance":"light","dynamicTypeSize":"accessibility4","frame":[32,557,269.66666666666663,168.33333333333326],"id":"camera-description","preferredBodyPoints":47,"time":1790872657.6856852,"uptime":1240033.7561324711}
SETUP_PROBE {"appearance":"light","dynamicTypeSize":"accessibility4","frame":[32,841.66666666666674,222.33333333333331,112.33333333333326],"id":"orientation-label","preferredBodyPoints":47,"time":1790872657.6857769,"uptime":1240033.7562244381}
SETUP_VIEWPORT {"event":"window","rootFrame":[0,201.33333333333331,402,642.33333333333326],"rootSafeArea":[2.8421709430404007e-14,0,3.6666666666665151,0],"time":1790872657.6904621,"uptime":1240033.7609114752,"windowBounds":[0,0,402,874],"windowSafeArea":[62,0,34,0]}
SETUP_VIEWPORT {"event":"window","rootFrame":[0,201.33333333333331,402,638.66666666666674],"rootSafeArea":[2.8421709430404007e-14,0,0,0],"time":1790872657.6909509,"uptime":1240033.761399488,"windowBounds":[0,0,402,874],"windowSafeArea":[62,0,34,0]}
SETUP_VIEWPORT {"bounds":[0,-139.33333333333334,402,638.66666666666663],"containerSize":[402,638.66666666666663],"contentSize":[402,1851],"event":"scroll","insets":[139.33333333333331,0,34,0],"offset":[0,-139.33333333333334],"time":1790872657.7007999,"uptime":1240033.7712489301,"visibleRect":[0,-139.33333333333334,402,812]}
SETUP_VIEWPORT {"bounds":[0,-139.33333333333334,402,638.66666666666663],"containerSize":[402,638.66666666666663],"contentSize":[402,1859.3333333333333],"event":"scroll","insets":[139.33333333333331,0,34,0],"offset":[0,-139.33333333333334],"time":1790872657.706706,"uptime":1240033.7771552021,"visibleRect":[0,-139.33333333333334,402,812]}
SETUP_PROBE {"appearance":"light","dynamicTypeSize":"accessibility4","frame":[32,1989.3333333333333,193.33333333333331,56.333333333333258],"id":"load-film","preferredBodyPoints":47,"time":1790872657.706959,"uptime":1240033.7774069661}
SETUP_PROBE {"appearance":"light","dynamicTypeSize":"accessibility4","frame":[32,1283,313,168.33333333333326],"id":"trial-label","preferredBodyPoints":47,"time":1790872657.7070789,"uptime":1240033.7775258271}
SETUP_PROBE {"appearance":"light","dynamicTypeSize":"accessibility4","frame":[32,1097.3333333333333,177.66666666666666,56.333333333333485],"id":"film-title","preferredBodyPoints":47,"time":1790872657.70717,"uptime":1240033.777616506}
SETUP_VIEWPORT {"bounds":[0,-139.33333333333334,402,638.66666666666663],"containerSize":[402,638.66666666666663],"contentSize":[402,2082.333333333333],"event":"scroll","insets":[139.33333333333331,0,34,0],"offset":[0,-139.33333333333334],"time":1790872657.782562,"uptime":1240033.85301,"visibleRect":[0,-139.33333333333334,402,812]}
SETUP_PROBE {"appearance":"light","dynamicTypeSize":"accessibility5","frame":[32,2205.3333333333335,217.33333333333331,63.333333333333485],"id":"load-film","preferredBodyPoints":53,"time":1790872657.782722,"uptime":1240033.853167987}
SETUP_PROBE {"appearance":"light","dynamicTypeSize":"accessibility5","frame":[32,2205.3333333333335,217.33333333333331,63.333333333333485],"id":"load-film","preferredBodyPoints":53,"time":1790872657.7827911,"uptime":1240033.8532373761}
SETUP_PROBE {"appearance":"light","dynamicTypeSize":"accessibility5","frame":[32,1430,333.33333333333337,187.33333333333326],"id":"trial-label","preferredBodyPoints":53,"time":1790872657.7829309,"uptime":1240033.8533778451}
SETUP_PROBE {"appearance":"light","dynamicTypeSize":"accessibility5","frame":[32,1430,333.33333333333337,187.33333333333326],"id":"trial-label","preferredBodyPoints":53,"time":1790872657.783035,"uptime":1240033.853481455}
SETUP_PROBE {"appearance":"light","dynamicTypeSize":"accessibility5","frame":[32,1168.3333333333333,199.66666666666666,63.333333333333258],"id":"film-title","preferredBodyPoints":53,"time":1790872657.7831159,"uptime":1240033.8535624291}
SETUP_PROBE {"appearance":"light","dynamicTypeSize":"accessibility5","frame":[32,1168.3333333333333,199.66666666666666,63.333333333333258],"id":"film-title","preferredBodyPoints":53,"time":1790872657.783206,"uptime":1240033.8536522361}
SETUP_PROBE {"appearance":"light","dynamicTypeSize":"accessibility5","frame":[32,841.66666666666674,222.33333333333331,112.33333333333326],"id":"orientation-label","preferredBodyPoints":53,"time":1790872657.783288,"uptime":1240033.8537336271}
SETUP_PROBE {"appearance":"light","dynamicTypeSize":"accessibility5","frame":[60,806.33333333333326,308,63.333333333333485],"id":"silent-capture","preferredBodyPoints":53,"time":1790872657.7833791,"uptime":1240033.8538251221}
SETUP_PROBE {"appearance":"light","dynamicTypeSize":"accessibility5","frame":[60,806.33333333333326,308,63.333333333333485],"id":"silent-capture","preferredBodyPoints":53,"time":1790872657.7834611,"uptime":1240033.853906567}
SETUP_PROBE {"appearance":"light","dynamicTypeSize":"accessibility5","frame":[32,589,302.66666666666663,187.33333333333326],"id":"camera-description","preferredBodyPoints":53,"time":1790872657.783545,"uptime":1240033.8539909611}
SETUP_PROBE {"appearance":"light","dynamicTypeSize":"accessibility5","frame":[32,589,302.66666666666663,187.33333333333326],"id":"camera-description","preferredBodyPoints":53,"time":1790872657.7836299,"uptime":1240033.8540761201}
SETUP_PROBE {"appearance":"light","dynamicTypeSize":"accessibility5","frame":[32,899.66666666666674,249.66666666666663,125.33333333333326],"id":"orientation-label","preferredBodyPoints":53,"time":1790872657.7837491,"uptime":1240033.8541949531}
SETUP_VIEWPORT {"bounds":[0,-139.33333333333334,402,635],"containerSize":[402,635],"contentSize":[402,2082.333333333333],"event":"scroll","insets":[139.33333333333331,0,34,0],"offset":[0,-139.33333333333334],"time":1790872657.790591,"uptime":1240033.8610392881,"visibleRect":[0,-139.33333333333334,402,808.33333333333326]}
SETUP_PROBE {"appearance":"light","dynamicTypeSize":"accessibility5","frame":[32,2209,217.33333333333331,63.333333333333485],"id":"load-film","preferredBodyPoints":53,"time":1790872657.7907341,"uptime":1240033.8611808012}
SETUP_PROBE {"appearance":"light","dynamicTypeSize":"accessibility5","frame":[32,1433.6666666666667,333.33333333333337,187.33333333333326],"id":"trial-label","preferredBodyPoints":53,"time":1790872657.7908111,"uptime":1240033.8612566891}
SETUP_PROBE {"appearance":"light","dynamicTypeSize":"accessibility5","frame":[32,1172,199.66666666666666,63.333333333333258],"id":"film-title","preferredBodyPoints":53,"time":1790872657.7908931,"uptime":1240033.8613388781}
SETUP_PROBE {"appearance":"light","dynamicTypeSize":"accessibility5","frame":[60,810,308,63.333333333333371],"id":"silent-capture","preferredBodyPoints":53,"time":1790872657.790972,"uptime":1240033.8614184151}
SETUP_PROBE {"appearance":"light","dynamicTypeSize":"accessibility5","frame":[32,592.66666666666663,302.66666666666663,187.33333333333337],"id":"camera-description","preferredBodyPoints":53,"time":1790872657.791045,"uptime":1240033.8614909591}
SETUP_PROBE {"appearance":"light","dynamicTypeSize":"accessibility5","frame":[32,903.33333333333337,249.66666666666663,125.33333333333337],"id":"orientation-label","preferredBodyPoints":53,"time":1790872657.7919779,"uptime":1240033.8624247231}
SETUP_VIEWPORT {"event":"window","rootFrame":[0,205,402,638.66666666666663],"rootSafeArea":[0,0,3.6666666666666288,0],"time":1790872657.8260269,"uptime":1240033.896474493,"windowBounds":[0,0,402,874],"windowSafeArea":[62,0,34,0]}
SETUP_VIEWPORT {"event":"window","rootFrame":[0,205,402,635],"rootSafeArea":[0,0,0,0],"time":1790872657.8264329,"uptime":1240033.896879738,"windowBounds":[0,0,402,874],"windowSafeArea":[62,0,34,0]}
SETUP_VIEWPORT {"bounds":[0,-143,402,635],"containerSize":[402,635],"contentSize":[402,2082.333333333333],"event":"scroll","insets":[143,0,34,0],"offset":[0,-143],"time":1790872657.8347659,"uptime":1240033.905213688,"visibleRect":[0,-143,402,812]}
SETUP_VIEWPORT {"bounds":[0,-143,402,635],"containerSize":[402,635],"contentSize":[402,2089.333333333333],"event":"scroll","insets":[143,0,34,0],"offset":[0,-143],"time":1790872657.8348908,"uptime":1240033.905336417,"visibleRect":[0,-143,402,812]}
SETUP_PROBE {"appearance":"light","dynamicTypeSize":"accessibility5","frame":[32,2216,217.33333333333331,63.333333333333485],"id":"load-film","preferredBodyPoints":53,"time":1790872657.8350019,"uptime":1240033.9054478661}
SETUP_PROBE {"appearance":"light","dynamicTypeSize":"accessibility5","frame":[32,1440.6666666666667,333.33333333333337,187.33333333333326],"id":"trial-label","preferredBodyPoints":53,"time":1790872657.8350759,"uptime":1240033.905521228}
SETUP_PROBE {"appearance":"light","dynamicTypeSize":"accessibility5","frame":[32,1179,199.66666666666666,63.333333333333258],"id":"film-title","preferredBodyPoints":53,"time":1790872657.8351531,"uptime":1240033.905598117}
SETUP_VIEWPORT {"bounds":[0,-127,402,651],"containerSize":[402,651],"contentSize":[402,2089.333333333333],"event":"scroll","insets":[143,0,34,0],"offset":[0,-127],"time":1790872659.377131,"uptime":1240035.4475630361,"visibleRect":[0,-127,402,828]}
SETUP_PROBE {"appearance":"light","dynamicTypeSize":"accessibility5","frame":[32,2184,217.33333333333331,63.333333333333485],"id":"load-film","preferredBodyPoints":53,"time":1790872659.377295,"uptime":1240035.4477246031}
SETUP_PROBE {"appearance":"light","dynamicTypeSize":"accessibility5","frame":[32,1408.6666666666667,333.33333333333337,187.33333333333326],"id":"trial-label","preferredBodyPoints":53,"time":1790872659.3773651,"uptime":1240035.4477940651}
SETUP_PROBE {"appearance":"light","dynamicTypeSize":"accessibility5","frame":[32,1147,199.66666666666666,63.333333333333258],"id":"film-title","preferredBodyPoints":53,"time":1790872659.377425,"uptime":1240035.4478546341}
SETUP_PROBE {"appearance":"light","dynamicTypeSize":"accessibility5","frame":[60,778,308,63.333333333333371],"id":"silent-capture","preferredBodyPoints":53,"time":1790872659.3774829,"uptime":1240035.447911879}
SETUP_PROBE {"appearance":"light","dynamicTypeSize":"accessibility5","frame":[32,560.66666666666663,302.66666666666663,187.33333333333337],"id":"camera-description","preferredBodyPoints":53,"time":1790872659.377537,"uptime":1240035.4479668431}
SETUP_PROBE {"appearance":"light","dynamicTypeSize":"accessibility5","frame":[32,871.33333333333337,249.66666666666663,125.33333333333337],"id":"orientation-label","preferredBodyPoints":53,"time":1790872659.377593,"uptime":1240035.4480221991}
SETUP_VIEWPORT {"event":"window","rootFrame":[0,189,402,651],"rootSafeArea":[0,0,0,0],"time":1790872659.3810511,"uptime":1240035.4514818231,"windowBounds":[0,0,402,874],"windowSafeArea":[62,0,34,0]}
SETUP_VIEWPORT {"bounds":[0,-109.33333333333333,402,668.66666666666663],"containerSize":[402,668.66666666666663],"contentSize":[402,2089.333333333333],"event":"scroll","insets":[127,0,34,0],"offset":[0,-109.33333333333333],"time":1790872659.3938489,"uptime":1240035.464279379,"visibleRect":[0,-109.33333333333333,402,829.66666666666663]}
SETUP_PROBE {"appearance":"light","dynamicTypeSize":"accessibility5","frame":[32,2164.6666666666665,217.33333333333331,63.33333333333394],"id":"load-film","preferredBodyPoints":53,"time":1790872659.3940191,"uptime":1240035.4644482441}
SETUP_PROBE {"appearance":"light","dynamicTypeSize":"accessibility5","frame":[32,1389.3333333333333,333.33333333333337,187.33333333333326],"id":"trial-label","preferredBodyPoints":53,"time":1790872659.394093,"uptime":1240035.4645224321}
SETUP_PROBE {"appearance":"light","dynamicTypeSize":"accessibility5","frame":[32,1127.6666666666667,199.66666666666666,63.333333333333258],"id":"film-title","preferredBodyPoints":53,"time":1790872659.3941531,"uptime":1240035.464582619}
SETUP_PROBE {"appearance":"light","dynamicTypeSize":"accessibility5","frame":[60,758.66666666666674,308,63.333333333333371],"id":"silent-capture","preferredBodyPoints":53,"time":1790872659.3942111,"uptime":1240035.4646401622}
SETUP_PROBE {"appearance":"light","dynamicTypeSize":"accessibility5","frame":[32,541.33333333333326,302.66666666666663,187.33333333333348],"id":"camera-description","preferredBodyPoints":53,"time":1790872659.3942671,"uptime":1240035.464696411}
SETUP_PROBE {"appearance":"light","dynamicTypeSize":"accessibility5","frame":[32,852.00000000000011,249.66666666666663,125.33333333333337],"id":"orientation-label","preferredBodyPoints":53,"time":1790872659.3943219,"uptime":1240035.464751512}
SETUP_VIEWPORT {"event":"window","rootFrame":[0,171.33333333333331,402,668.66666666666674],"rootSafeArea":[0,0,0,0],"time":1790872659.3981009,"uptime":1240035.468532711,"windowBounds":[0,0,402,874],"windowSafeArea":[62,0,34,0]}
SETUP_VIEWPORT {"bounds":[0,-91,402,687],"containerSize":[402,687],"contentSize":[402,2089.333333333333],"event":"scroll","insets":[109.33333333333333,0,33.999999999999886,0],"offset":[0,-91],"time":1790872659.4139419,"uptime":1240035.4843735842,"visibleRect":[0,-91,402,830.33333333333326]}
SETUP_PROBE {"appearance":"light","dynamicTypeSize":"accessibility5","frame":[32,2145.666666666667,217.33333333333331,63.33333333333303],"id":"load-film","preferredBodyPoints":53,"time":1790872659.4141321,"uptime":1240035.4845615691}
SETUP_PROBE {"appearance":"light","dynamicTypeSize":"accessibility5","frame":[32,1370.3333333333335,333.33333333333337,187.33333333333326],"id":"trial-label","preferredBodyPoints":53,"time":1790872659.414211,"uptime":1240035.4846397392}
SETUP_PROBE {"appearance":"light","dynamicTypeSize":"accessibility5","frame":[32,1108.6666666666665,199.66666666666666,63.333333333333485],"id":"film-title","preferredBodyPoints":53,"time":1790872659.414273,"uptime":1240035.4847019762}
SETUP_PROBE {"appearance":"light","dynamicTypeSize":"accessibility5","frame":[60,739.66666666666663,308,63.333333333333371],"id":"silent-capture","preferredBodyPoints":53,"time":1790872659.414331,"uptime":1240035.4847599561}
SETUP_PROBE {"appearance":"light","dynamicTypeSize":"accessibility5","frame":[32,522.33333333333326,302.66666666666663,187.33333333333337],"id":"camera-description","preferredBodyPoints":53,"time":1790872659.4143891,"uptime":1240035.4848184302}
SETUP_PROBE {"appearance":"light","dynamicTypeSize":"accessibility5","frame":[32,833,249.66666666666663,125.33333333333337],"id":"orientation-label","preferredBodyPoints":53,"time":1790872659.4144459,"uptime":1240035.4848751521}
SETUP_VIEWPORT {"event":"window","rootFrame":[0,153,402,687],"rootSafeArea":[0,0,0,0],"time":1790872659.4191852,"uptime":1240035.489615666,"windowBounds":[0,0,402,874],"windowSafeArea":[62,0,34,0]}
SETUP_VIEWPORT {"bounds":[0,-72,402,706],"containerSize":[402,706],"contentSize":[402,2089.333333333333],"event":"scroll","insets":[91,0,34,0],"offset":[0,-72],"time":1790872659.4278989,"uptime":1240035.498333263,"visibleRect":[0,-72,402,831]}
SETUP_PROBE {"appearance":"light","dynamicTypeSize":"accessibility5","frame":[32,2126,217.33333333333331,63.333333333333485],"id":"load-film","preferredBodyPoints":53,"time":1790872659.4281931,"uptime":1240035.4986224521}
SETUP_PROBE {"appearance":"light","dynamicTypeSize":"accessibility5","frame":[32,1350.6666666666667,333.33333333333337,187.33333333333326],"id":"trial-label","preferredBodyPoints":53,"time":1790872659.4282651,"uptime":1240035.498693411}
SETUP_PROBE {"appearance":"light","dynamicTypeSize":"accessibility5","frame":[32,1089,199.66666666666666,63.333333333333258],"id":"film-title","preferredBodyPoints":53,"time":1790872659.4283252,"uptime":1240035.498754319}
SETUP_PROBE {"appearance":"light","dynamicTypeSize":"accessibility5","frame":[60,720,308,63.333333333333371],"id":"silent-capture","preferredBodyPoints":53,"time":1790872659.428381,"uptime":1240035.4988097111}
SETUP_PROBE {"appearance":"light","dynamicTypeSize":"accessibility5","frame":[32,502.66666666666663,302.66666666666663,187.33333333333337],"id":"camera-description","preferredBodyPoints":53,"time":1790872659.4284348,"uptime":1240035.4988642421}
SETUP_PROBE {"appearance":"light","dynamicTypeSize":"accessibility5","frame":[32,813.33333333333337,249.66666666666663,125.33333333333337],"id":"orientation-label","preferredBodyPoints":53,"time":1790872659.4284902,"uptime":1240035.4989187191}
SETUP_VIEWPORT {"event":"window","rootFrame":[0,134,402,706],"rootSafeArea":[0,0,0,0],"time":1790872659.4318972,"uptime":1240035.5023277041,"windowBounds":[0,0,402,874],"windowSafeArea":[62,0,34,0]}
SETUP_VIEWPORT {"bounds":[0,-53,402,708],"containerSize":[402,708],"contentSize":[402,2089.333333333333],"event":"scroll","insets":[72,0,34,0],"offset":[0,-53],"time":1790872659.4461141,"uptime":1240035.5165452741,"visibleRect":[0,-53,402,814]}
SETUP_PROBE {"appearance":"light","dynamicTypeSize":"accessibility5","frame":[32,2124,217.33333333333331,63.333333333333485],"id":"load-film","preferredBodyPoints":53,"time":1790872659.446341,"uptime":1240035.5167703761}
SETUP_PROBE {"appearance":"light","dynamicTypeSize":"accessibility5","frame":[32,1348.6666666666667,333.33333333333337,187.33333333333326],"id":"trial-label","preferredBodyPoints":53,"time":1790872659.4464412,"uptime":1240035.5168697201}
SETUP_PROBE {"appearance":"light","dynamicTypeSize":"accessibility5","frame":[32,1087,199.66666666666666,63.333333333333258],"id":"film-title","preferredBodyPoints":53,"time":1790872659.446527,"uptime":1240035.516956144}
SETUP_PROBE {"appearance":"light","dynamicTypeSize":"accessibility5","frame":[60,718,308,63.333333333333371],"id":"silent-capture","preferredBodyPoints":53,"time":1790872659.446609,"uptime":1240035.517037567}
SETUP_PROBE {"appearance":"light","dynamicTypeSize":"accessibility5","frame":[32,500.66666666666663,302.66666666666663,187.33333333333337],"id":"camera-description","preferredBodyPoints":53,"time":1790872659.4466891,"uptime":1240035.5171180021}
SETUP_PROBE {"appearance":"light","dynamicTypeSize":"accessibility5","frame":[32,811.33333333333337,249.66666666666663,125.33333333333337],"id":"orientation-label","preferredBodyPoints":53,"time":1790872659.446769,"uptime":1240035.517197517}
SETUP_VIEWPORT {"event":"window","rootFrame":[0,132,402,708],"rootSafeArea":[0,0,0,0],"time":1790872659.4521999,"uptime":1240035.5226309721,"windowBounds":[0,0,402,874],"windowSafeArea":[62,0,34,0]}
SETUP_VIEWPORT {"bounds":[0,-34,402,708],"containerSize":[402,708],"contentSize":[402,2089.333333333333],"event":"scroll","insets":[70,0,34,0],"offset":[0,-34],"time":1790872659.4577761,"uptime":1240035.5282071361,"visibleRect":[0,-34,402,812]}
SETUP_PROBE {"appearance":"light","dynamicTypeSize":"accessibility5","frame":[32,2107,217.33333333333331,63.333333333333485],"id":"load-film","preferredBodyPoints":53,"time":1790872659.457958,"uptime":1240035.5283869961}
SETUP_PROBE {"appearance":"light","dynamicTypeSize":"accessibility5","frame":[32,1331.6666666666667,333.33333333333337,187.33333333333326],"id":"trial-label","preferredBodyPoints":53,"time":1790872659.4580631,"uptime":1240035.528491141}
SETUP_PROBE {"appearance":"light","dynamicTypeSize":"accessibility5","frame":[32,1070,199.66666666666666,63.333333333333258],"id":"film-title","preferredBodyPoints":53,"time":1790872659.458127,"uptime":1240035.5285555131}
SETUP_PROBE {"appearance":"light","dynamicTypeSize":"accessibility5","frame":[60,701,308,63.333333333333371],"id":"silent-capture","preferredBodyPoints":53,"time":1790872659.4581871,"uptime":1240035.5286153101}
SETUP_PROBE {"appearance":"light","dynamicTypeSize":"accessibility5","frame":[32,483.66666666666663,302.66666666666663,187.33333333333337],"id":"camera-description","preferredBodyPoints":53,"time":1790872659.4582429,"uptime":1240035.5286717671}
SETUP_PROBE {"appearance":"light","dynamicTypeSize":"accessibility5","frame":[32,794.33333333333337,249.66666666666663,125.33333333333337],"id":"orientation-label","preferredBodyPoints":53,"time":1790872659.4583001,"uptime":1240035.528728382}
SETUP_VIEWPORT {"bounds":[0,-15.333333333333336,402,708],"containerSize":[402,708],"contentSize":[402,2089.333333333333],"event":"scroll","insets":[70,0,34,0],"offset":[0,-15.333333333333336],"time":1790872659.4737,"uptime":1240035.5441302541,"visibleRect":[0,-15.333333333333336,402,812]}
SETUP_PROBE {"appearance":"light","dynamicTypeSize":"accessibility5","frame":[32,2088.333333333333,217.33333333333331,63.33333333333394],"id":"load-film","preferredBodyPoints":53,"time":1790872659.473845,"uptime":1240035.544274085}
SETUP_PROBE {"appearance":"light","dynamicTypeSize":"accessibility5","frame":[32,1313,333.33333333333337,187.33333333333326],"id":"trial-label","preferredBodyPoints":53,"time":1790872659.4739161,"uptime":1240035.5443442021}
SETUP_PROBE {"appearance":"light","dynamicTypeSize":"accessibility5","frame":[32,1051.3333333333335,199.66666666666666,63.33333333333303],"id":"film-title","preferredBodyPoints":53,"time":1790872659.473974,"uptime":1240035.5444024331}
SETUP_PROBE {"appearance":"light","dynamicTypeSize":"accessibility5","frame":[60,682.33333333333337,308,63.333333333333371],"id":"silent-capture","preferredBodyPoints":53,"time":1790872659.474036,"uptime":1240035.544464512}
SETUP_PROBE {"appearance":"light","dynamicTypeSize":"accessibility5","frame":[32,464.99999999999994,302.66666666666663,187.33333333333343],"id":"camera-description","preferredBodyPoints":53,"time":1790872659.474093,"uptime":1240035.5445217711}
SETUP_PROBE {"appearance":"light","dynamicTypeSize":"accessibility5","frame":[32,775.66666666666674,249.66666666666663,125.33333333333337],"id":"orientation-label","preferredBodyPoints":53,"time":1790872659.4741468,"uptime":1240035.5445756211}
SETUP_VIEWPORT {"bounds":[0,2.3333333333333286,402,708],"containerSize":[402,708],"contentSize":[402,2089.333333333333],"event":"scroll","insets":[70,0,34,0],"offset":[0,2.3333333333333286],"time":1790872659.4904571,"uptime":1240035.560887452,"visibleRect":[0,2.3333333333333286,402,812]}
SETUP_PROBE {"appearance":"light","dynamicTypeSize":"accessibility5","frame":[32,2070.666666666667,217.33333333333331,63.33333333333303],"id":"load-film","preferredBodyPoints":53,"time":1790872659.4906201,"uptime":1240035.5610485391}
SETUP_PROBE {"appearance":"light","dynamicTypeSize":"accessibility5","frame":[32,1295.3333333333335,333.33333333333337,187.33333333333326],"id":"trial-label","preferredBodyPoints":53,"time":1790872659.490695,"uptime":1240035.561122969}
SETUP_PROBE {"appearance":"light","dynamicTypeSize":"accessibility5","frame":[32,1033.6666666666665,199.66666666666666,63.333333333333485],"id":"film-title","preferredBodyPoints":53,"time":1790872659.4907532,"uptime":1240035.5611813441}
SETUP_PROBE {"appearance":"light","dynamicTypeSize":"accessibility5","frame":[60,664.66666666666663,308,63.333333333333371],"id":"silent-capture","preferredBodyPoints":53,"time":1790872659.490808,"uptime":1240035.5612362321}
SETUP_PROBE {"appearance":"light","dynamicTypeSize":"accessibility5","frame":[32,447.33333333333331,302.66666666666663,187.33333333333343],"id":"camera-description","preferredBodyPoints":53,"time":1790872659.4908628,"uptime":1240035.561290968}
SETUP_PROBE {"appearance":"light","dynamicTypeSize":"accessibility5","frame":[32,758,249.66666666666663,125.33333333333337],"id":"orientation-label","preferredBodyPoints":53,"time":1790872659.490917,"uptime":1240035.5613451661}
SETUP_VIEWPORT {"bounds":[0,18.666666666666671,402,708],"containerSize":[402,708],"contentSize":[402,2089.333333333333],"event":"scroll","insets":[70,0,34,0],"offset":[0,18.666666666666671],"time":1790872659.507201,"uptime":1240035.577630538,"visibleRect":[0,18.666666666666671,402,812]}
SETUP_PROBE {"appearance":"light","dynamicTypeSize":"accessibility5","frame":[32,2054.333333333333,217.33333333333331,63.33333333333394],"id":"load-film","preferredBodyPoints":53,"time":1790872659.5073609,"uptime":1240035.577788773}
SETUP_PROBE {"appearance":"light","dynamicTypeSize":"accessibility5","frame":[32,1279,333.33333333333337,187.33333333333326],"id":"trial-label","preferredBodyPoints":53,"time":1790872659.5074401,"uptime":1240035.5778679082}
SETUP_PROBE {"appearance":"light","dynamicTypeSize":"accessibility5","frame":[32,1017.3333333333334,199.66666666666666,63.333333333333144],"id":"film-title","preferredBodyPoints":53,"time":1790872659.507498,"uptime":1240035.577926049}
SETUP_PROBE {"appearance":"light","dynamicTypeSize":"accessibility5","frame":[60,648.33333333333337,308,63.333333333333371],"id":"silent-capture","preferredBodyPoints":53,"time":1790872659.5075531,"uptime":1240035.5779813761}
SETUP_PROBE {"appearance":"light","dynamicTypeSize":"accessibility5","frame":[32,430.99999999999994,302.66666666666663,187.33333333333331],"id":"camera-description","preferredBodyPoints":53,"time":1790872659.507606,"uptime":1240035.5780343611}
SETUP_PROBE {"appearance":"light","dynamicTypeSize":"accessibility5","frame":[32,741.66666666666674,249.66666666666663,125.33333333333337],"id":"orientation-label","preferredBodyPoints":53,"time":1790872659.5076599,"uptime":1240035.5780881741}
SETUP_VIEWPORT {"bounds":[0,33,402,708],"containerSize":[402,708],"contentSize":[402,2089.333333333333],"event":"scroll","insets":[70,0,34,0],"offset":[0,33],"time":1790872659.524267,"uptime":1240035.594696362,"visibleRect":[0,33,402,812]}
SETUP_PROBE {"appearance":"light","dynamicTypeSize":"accessibility5","frame":[32,2040,217.33333333333331,63.333333333333485],"id":"load-film","preferredBodyPoints":53,"time":1790872659.5244751,"uptime":1240035.5949029562}
SETUP_PROBE {"appearance":"light","dynamicTypeSize":"accessibility5","frame":[32,1264.6666666666667,333.33333333333337,187.33333333333326],"id":"trial-label","preferredBodyPoints":53,"time":1790872659.524579,"uptime":1240035.5950071011}
SETUP_PROBE {"appearance":"light","dynamicTypeSize":"accessibility5","frame":[32,1003,199.66666666666666,63.333333333333258],"id":"film-title","preferredBodyPoints":53,"time":1790872659.524667,"uptime":1240035.5950946431}
SETUP_PROBE {"appearance":"light","dynamicTypeSize":"accessibility5","frame":[60,634,308,63.333333333333371],"id":"silent-capture","preferredBodyPoints":53,"time":1790872659.5247459,"uptime":1240035.5951738742}
SETUP_PROBE {"appearance":"light","dynamicTypeSize":"accessibility5","frame":[32,416.66666666666663,302.66666666666663,187.33333333333337],"id":"camera-description","preferredBodyPoints":53,"time":1790872659.52635,"uptime":1240035.5967787541}
SETUP_PROBE {"appearance":"light","dynamicTypeSize":"accessibility5","frame":[32,727.33333333333337,249.66666666666663,125.33333333333337],"id":"orientation-label","preferredBodyPoints":53,"time":1790872659.526473,"uptime":1240035.596901282}
SETUP_VIEWPORT {"bounds":[0,49.666666666666657,402,708],"containerSize":[402,708],"contentSize":[402,2089.333333333333],"event":"scroll","insets":[70,0,34,0],"offset":[0,49.666666666666657],"time":1790872659.6256051,"uptime":1240035.6960333132,"visibleRect":[0,49.666666666666657,402,812]}
SETUP_PROBE {"appearance":"light","dynamicTypeSize":"accessibility5","frame":[32,2023.3333333333333,217.33333333333331,63.333333333333712],"id":"load-film","preferredBodyPoints":53,"time":1790872659.625808,"uptime":1240035.6962354151}
SETUP_PROBE {"appearance":"light","dynamicTypeSize":"accessibility5","frame":[32,1248,333.33333333333337,187.33333333333326],"id":"trial-label","preferredBodyPoints":53,"time":1790872659.6259031,"uptime":1240035.696329924}
SETUP_PROBE {"appearance":"light","dynamicTypeSize":"accessibility5","frame":[32,986.33333333333337,199.66666666666666,63.333333333333144],"id":"film-title","preferredBodyPoints":53,"time":1790872659.625988,"uptime":1240035.6964144942}
SETUP_PROBE {"appearance":"light","dynamicTypeSize":"accessibility5","frame":[60,617.33333333333337,308,63.333333333333371],"id":"silent-capture","preferredBodyPoints":53,"time":1790872659.6260681,"uptime":1240035.6964951151}
SETUP_PROBE {"appearance":"light","dynamicTypeSize":"accessibility5","frame":[32,400,302.66666666666663,187.33333333333337],"id":"camera-description","preferredBodyPoints":53,"time":1790872659.626626,"uptime":1240035.697052994}
SETUP_PROBE {"appearance":"light","dynamicTypeSize":"accessibility5","frame":[32,710.66666666666674,249.66666666666663,125.33333333333337],"id":"orientation-label","preferredBodyPoints":53,"time":1790872659.6267219,"uptime":1240035.697149134}
SETUP_VIEWPORT {"bounds":[0,63,402,708],"containerSize":[402,708],"contentSize":[402,2089.333333333333],"event":"scroll","insets":[70,0,34,0],"offset":[0,63],"time":1790872659.6393671,"uptime":1240035.709796933,"visibleRect":[0,63,402,812]}
SETUP_PROBE {"appearance":"light","dynamicTypeSize":"accessibility5","frame":[32,2010,217.33333333333331,63.333333333333485],"id":"load-film","preferredBodyPoints":53,"time":1790872659.639591,"uptime":1240035.7100175382}
SETUP_PROBE {"appearance":"light","dynamicTypeSize":"accessibility5","frame":[32,1234.6666666666667,333.33333333333337,187.33333333333326],"id":"trial-label","preferredBodyPoints":53,"time":1790872659.639699,"uptime":1240035.7101259541}
SETUP_PROBE {"appearance":"light","dynamicTypeSize":"accessibility5","frame":[32,973,199.66666666666666,63.333333333333258],"id":"film-title","preferredBodyPoints":53,"time":1790872659.6397839,"uptime":1240035.7102105631}
SETUP_PROBE {"appearance":"light","dynamicTypeSize":"accessibility5","frame":[60,604,308,63.333333333333371],"id":"silent-capture","preferredBodyPoints":53,"time":1790872659.639863,"uptime":1240035.7102895621}
SETUP_PROBE {"appearance":"light","dynamicTypeSize":"accessibility5","frame":[32,386.66666666666663,302.66666666666663,187.33333333333337],"id":"camera-description","preferredBodyPoints":53,"time":1790872659.639931,"uptime":1240035.710357514}
SETUP_PROBE {"appearance":"light","dynamicTypeSize":"accessibility5","frame":[32,697.33333333333337,249.66666666666663,125.33333333333337],"id":"orientation-label","preferredBodyPoints":53,"time":1790872659.6401761,"uptime":1240035.710603534}
SETUP_VIEWPORT {"bounds":[0,78.666666666666686,402,708],"containerSize":[402,708],"contentSize":[402,2089.333333333333],"event":"scroll","insets":[70,0,34,0],"offset":[0,78.666666666666686],"time":1790872659.6556859,"uptime":1240035.726113647,"visibleRect":[0,78.666666666666686,402,812]}
SETUP_PROBE {"appearance":"light","dynamicTypeSize":"accessibility5","frame":[32,1994.3333333333333,217.33333333333331,63.333333333333712],"id":"load-film","preferredBodyPoints":53,"time":1790872659.6558518,"uptime":1240035.726278299}
SETUP_PROBE {"appearance":"light","dynamicTypeSize":"accessibility5","frame":[32,1219,333.33333333333337,187.33333333333326],"id":"trial-label","preferredBodyPoints":53,"time":1790872659.6559229,"uptime":1240035.726349076}
SETUP_PROBE {"appearance":"light","dynamicTypeSize":"accessibility5","frame":[32,957.33333333333326,199.66666666666666,63.333333333333258],"id":"film-title","preferredBodyPoints":53,"time":1790872659.6559801,"uptime":1240035.726406717}
SETUP_PROBE {"appearance":"light","dynamicTypeSize":"accessibility5","frame":[60,588.33333333333326,308,63.333333333333485],"id":"silent-capture","preferredBodyPoints":53,"time":1790872659.6560349,"uptime":1240035.7264618601}
SETUP_PROBE {"appearance":"light","dynamicTypeSize":"accessibility5","frame":[32,370.99999999999994,302.66666666666663,187.33333333333331],"id":"camera-description","preferredBodyPoints":53,"time":1790872659.65609,"uptime":1240035.726516006}
SETUP_PROBE {"appearance":"light","dynamicTypeSize":"accessibility5","frame":[32,681.66666666666674,249.66666666666663,125.33333333333326],"id":"orientation-label","preferredBodyPoints":53,"time":1790872659.6561441,"uptime":1240035.726570592}
SETUP_VIEWPORT {"bounds":[0,94,402,708],"containerSize":[402,708],"contentSize":[402,2089.333333333333],"event":"scroll","insets":[70,0,34,0],"offset":[0,94],"time":1790872659.6733921,"uptime":1240035.743820329,"visibleRect":[0,94,402,812]}
SETUP_PROBE {"appearance":"light","dynamicTypeSize":"accessibility5","frame":[32,1979,217.33333333333331,63.333333333333485],"id":"load-film","preferredBodyPoints":53,"time":1790872659.673605,"uptime":1240035.7440320782}
SETUP_PROBE {"appearance":"light","dynamicTypeSize":"accessibility5","frame":[32,1203.6666666666667,333.33333333333337,187.33333333333326],"id":"trial-label","preferredBodyPoints":53,"time":1790872659.673702,"uptime":1240035.7441285672}
SETUP_PROBE {"appearance":"light","dynamicTypeSize":"accessibility5","frame":[32,942,199.66666666666666,63.333333333333258],"id":"film-title","preferredBodyPoints":53,"time":1790872659.6737871,"uptime":1240035.7442132882}
SETUP_PROBE {"appearance":"light","dynamicTypeSize":"accessibility5","frame":[60,573,308,63.333333333333371],"id":"silent-capture","preferredBodyPoints":53,"time":1790872659.6738679,"uptime":1240035.744294008}
SETUP_PROBE {"appearance":"light","dynamicTypeSize":"accessibility5","frame":[32,355.66666666666663,302.66666666666663,187.33333333333337],"id":"camera-description","preferredBodyPoints":53,"time":1790872659.6743259,"uptime":1240035.7447524532}
SETUP_PROBE {"appearance":"light","dynamicTypeSize":"accessibility5","frame":[32,666.33333333333337,249.66666666666663,125.33333333333337],"id":"orientation-label","preferredBodyPoints":53,"time":1790872659.6744142,"uptime":1240035.7448401041}
SETUP_VIEWPORT {"bounds":[0,123,402,708],"containerSize":[402,708],"contentSize":[402,2089.333333333333],"event":"scroll","insets":[70,0,34,0],"offset":[0,123],"time":1790872659.70591,"uptime":1240035.7763374231,"visibleRect":[0,123,402,812]}
SETUP_PROBE {"appearance":"light","dynamicTypeSize":"accessibility5","frame":[32,1950,217.33333333333331,63.333333333333485],"id":"load-film","preferredBodyPoints":53,"time":1790872659.7061119,"uptime":1240035.776538288}
SETUP_PROBE {"appearance":"light","dynamicTypeSize":"accessibility5","frame":[32,1174.6666666666667,333.33333333333337,187.33333333333326],"id":"trial-label","preferredBodyPoints":53,"time":1790872659.706202,"uptime":1240035.776627714}
SETUP_PROBE {"appearance":"light","dynamicTypeSize":"accessibility5","frame":[32,913,199.66666666666666,63.333333333333258],"id":"film-title","preferredBodyPoints":53,"time":1790872659.7062831,"uptime":1240035.776708818}
SETUP_PROBE {"appearance":"light","dynamicTypeSize":"accessibility5","frame":[60,544,308,63.333333333333371],"id":"silent-capture","preferredBodyPoints":53,"time":1790872659.7063611,"uptime":1240035.77678698}
SETUP_PROBE {"appearance":"light","dynamicTypeSize":"accessibility5","frame":[32,326.66666666666663,302.66666666666663,187.33333333333337],"id":"camera-description","preferredBodyPoints":53,"time":1790872659.7066741,"uptime":1240035.777100113}
SETUP_PROBE {"appearance":"light","dynamicTypeSize":"accessibility5","frame":[32,637.33333333333337,249.66666666666663,125.33333333333337],"id":"orientation-label","preferredBodyPoints":53,"time":1790872659.706753,"uptime":1240035.777179372}
SETUP_VIEWPORT {"bounds":[0,136.66666666666666,402,708],"containerSize":[402,708],"contentSize":[402,2089.333333333333],"event":"scroll","insets":[70,0,34,0],"offset":[0,136.66666666666666],"time":1790872659.7226439,"uptime":1240035.793072026,"visibleRect":[0,136.66666666666666,402,812]}
SETUP_PROBE {"appearance":"light","dynamicTypeSize":"accessibility5","frame":[32,1936.3333333333333,217.33333333333331,63.333333333333485],"id":"load-film","preferredBodyPoints":53,"time":1790872659.7228689,"uptime":1240035.793294894}
SETUP_PROBE {"appearance":"light","dynamicTypeSize":"accessibility5","frame":[32,1161,333.33333333333337,187.33333333333326],"id":"trial-label","preferredBodyPoints":53,"time":1790872659.7229681,"uptime":1240035.7933933691}
SETUP_PROBE {"appearance":"light","dynamicTypeSize":"accessibility5","frame":[32,899.33333333333337,199.66666666666666,63.333333333333258],"id":"film-title","preferredBodyPoints":53,"time":1790872659.723052,"uptime":1240035.7934777651}
SETUP_PROBE {"appearance":"light","dynamicTypeSize":"accessibility5","frame":[60,530.33333333333337,308,63.333333333333371],"id":"silent-capture","preferredBodyPoints":53,"time":1790872659.7231359,"uptime":1240035.79356225}
SETUP_PROBE {"appearance":"light","dynamicTypeSize":"accessibility5","frame":[32,313,302.66666666666663,187.33333333333337],"id":"camera-description","preferredBodyPoints":53,"time":1790872659.7232189,"uptime":1240035.793645116}
SETUP_PROBE {"appearance":"light","dynamicTypeSize":"accessibility5","frame":[32,623.66666666666674,249.66666666666663,125.33333333333337],"id":"orientation-label","preferredBodyPoints":53,"time":1790872659.7233,"uptime":1240035.7937254691}
SETUP_VIEWPORT {"bounds":[0,150,402,708],"containerSize":[402,708],"contentSize":[402,2089.333333333333],"event":"scroll","insets":[70,0,34,0],"offset":[0,150],"time":1790872659.7389979,"uptime":1240035.8094257831,"visibleRect":[0,150,402,812]}
SETUP_PROBE {"appearance":"light","dynamicTypeSize":"accessibility5","frame":[32,1923,217.33333333333331,63.333333333333485],"id":"load-film","preferredBodyPoints":53,"time":1790872659.7391582,"uptime":1240035.809583921}
SETUP_PROBE {"appearance":"light","dynamicTypeSize":"accessibility5","frame":[32,1147.6666666666667,333.33333333333337,187.33333333333326],"id":"trial-label","preferredBodyPoints":53,"time":1790872659.7392368,"uptime":1240035.8096621442}
SETUP_PROBE {"appearance":"light","dynamicTypeSize":"accessibility5","frame":[32,886,199.66666666666666,63.333333333333258],"id":"film-title","preferredBodyPoints":53,"time":1790872659.739301,"uptime":1240035.8097266031}
SETUP_PROBE {"appearance":"light","dynamicTypeSize":"accessibility5","frame":[60,517,308,63.333333333333371],"id":"silent-capture","preferredBodyPoints":53,"time":1790872659.7393599,"uptime":1240035.8097852322}
SETUP_PROBE {"appearance":"light","dynamicTypeSize":"accessibility5","frame":[32,299.66666666666663,302.66666666666663,187.33333333333337],"id":"camera-description","preferredBodyPoints":53,"time":1790872659.7394152,"uptime":1240035.809840813}
SETUP_PROBE {"appearance":"light","dynamicTypeSize":"accessibility5","frame":[32,610.33333333333337,249.66666666666663,125.33333333333337],"id":"orientation-label","preferredBodyPoints":53,"time":1790872659.73947,"uptime":1240035.8098960212}
SETUP_VIEWPORT {"bounds":[0,163,402,708],"containerSize":[402,708],"contentSize":[402,2089.333333333333],"event":"scroll","insets":[70,0,34,0],"offset":[0,163],"time":1790872659.7556601,"uptime":1240035.826086808,"visibleRect":[0,163,402,812]}
SETUP_PROBE {"appearance":"light","dynamicTypeSize":"accessibility5","frame":[32,1910,217.33333333333331,63.333333333333485],"id":"load-film","preferredBodyPoints":53,"time":1790872659.7558179,"uptime":1240035.8262436811}
SETUP_PROBE {"appearance":"light","dynamicTypeSize":"accessibility5","frame":[32,1134.6666666666667,333.33333333333337,187.33333333333326],"id":"trial-label","preferredBodyPoints":53,"time":1790872659.755888,"uptime":1240035.826313623}
SETUP_PROBE {"appearance":"light","dynamicTypeSize":"accessibility5","frame":[32,873,199.66666666666666,63.333333333333258],"id":"film-title","preferredBodyPoints":53,"time":1790872659.7559471,"uptime":1240035.8263726281}
SETUP_PROBE {"appearance":"light","dynamicTypeSize":"accessibility5","frame":[60,504,308,63.333333333333371],"id":"silent-capture","preferredBodyPoints":53,"time":1790872659.756005,"uptime":1240035.8264301741}
SETUP_PROBE {"appearance":"light","dynamicTypeSize":"accessibility5","frame":[32,286.66666666666663,302.66666666666663,187.33333333333337],"id":"camera-description","preferredBodyPoints":53,"time":1790872659.7560601,"uptime":1240035.826484899}
SETUP_PROBE {"appearance":"light","dynamicTypeSize":"accessibility5","frame":[32,597.33333333333337,249.66666666666663,125.33333333333337],"id":"orientation-label","preferredBodyPoints":53,"time":1790872659.7561131,"uptime":1240035.8265387241}
SETUP_VIEWPORT {"bounds":[0,175.33333333333334,402,708],"containerSize":[402,708],"contentSize":[402,2089.333333333333],"event":"scroll","insets":[70,0,34,0],"offset":[0,175.33333333333334],"time":1790872659.772532,"uptime":1240035.8429592161,"visibleRect":[0,175.33333333333334,402,812]}
SETUP_PROBE {"appearance":"light","dynamicTypeSize":"accessibility5","frame":[32,1897.6666666666667,217.33333333333331,63.333333333333485],"id":"load-film","preferredBodyPoints":53,"time":1790872659.772742,"uptime":1240035.843167427}
SETUP_PROBE {"appearance":"light","dynamicTypeSize":"accessibility5","frame":[32,1122.3333333333335,333.33333333333337,187.33333333333326],"id":"trial-label","preferredBodyPoints":53,"time":1790872659.7728338,"uptime":1240035.843259186}
SETUP_PROBE {"appearance":"light","dynamicTypeSize":"accessibility5","frame":[32,860.66666666666663,199.66666666666666,63.333333333333258],"id":"film-title","preferredBodyPoints":53,"time":1790872659.7729139,"uptime":1240035.8433390332}
SETUP_PROBE {"appearance":"light","dynamicTypeSize":"accessibility5","frame":[60,491.66666666666663,308,63.333333333333371],"id":"silent-capture","preferredBodyPoints":53,"time":1790872659.77299,"uptime":1240035.8434147381}
SETUP_PROBE {"appearance":"light","dynamicTypeSize":"accessibility5","frame":[32,274.33333333333326,302.66666666666663,187.33333333333337],"id":"camera-description","preferredBodyPoints":53,"time":1790872659.7742319,"uptime":1240035.844657691}
SETUP_PROBE {"appearance":"light","dynamicTypeSize":"accessibility5","frame":[32,585,249.66666666666663,125.33333333333337],"id":"orientation-label","preferredBodyPoints":53,"time":1790872659.774312,"uptime":1240035.8447377002}
SETUP_VIEWPORT {"bounds":[0,187.33333333333337,402,708],"containerSize":[402,708],"contentSize":[402,2089.333333333333],"event":"scroll","insets":[70,0,34,0],"offset":[0,187.33333333333337],"time":1790872659.78917,"uptime":1240035.8595970972,"visibleRect":[0,187.33333333333337,402,812]}
SETUP_PROBE {"appearance":"light","dynamicTypeSize":"accessibility5","frame":[32,1885.6666666666665,217.33333333333331,63.333333333333485],"id":"load-film","preferredBodyPoints":53,"time":1790872659.7893691,"uptime":1240035.859794077}
SETUP_PROBE {"appearance":"light","dynamicTypeSize":"accessibility5","frame":[32,1110.3333333333335,333.33333333333337,187.33333333333303],"id":"trial-label","preferredBodyPoints":53,"time":1790872659.7894411,"uptime":1240035.859866329}
SETUP_PROBE {"appearance":"light","dynamicTypeSize":"accessibility5","frame":[32,848.66666666666663,199.66666666666666,63.333333333333258],"id":"film-title","preferredBodyPoints":53,"time":1790872659.789516,"uptime":1240035.8599414031}
SETUP_PROBE {"appearance":"light","dynamicTypeSize":"accessibility5","frame":[60,479.66666666666663,308,63.333333333333371],"id":"silent-capture","preferredBodyPoints":53,"time":1790872659.789577,"uptime":1240035.860002565}
SETUP_PROBE {"appearance":"light","dynamicTypeSize":"accessibility5","frame":[32,262.33333333333326,302.66666666666663,187.33333333333337],"id":"camera-description","preferredBodyPoints":53,"time":1790872659.7896361,"uptime":1240035.860061357}
SETUP_PROBE {"appearance":"light","dynamicTypeSize":"accessibility5","frame":[32,573,249.66666666666663,125.33333333333337],"id":"orientation-label","preferredBodyPoints":53,"time":1790872659.7896929,"uptime":1240035.8601181391}
SETUP_VIEWPORT {"bounds":[0,199,402,708],"containerSize":[402,708],"contentSize":[402,2089.333333333333],"event":"scroll","insets":[70,0,34,0],"offset":[0,199],"time":1790872659.805712,"uptime":1240035.876138462,"visibleRect":[0,199,402,812]}
SETUP_PROBE {"appearance":"light","dynamicTypeSize":"accessibility5","frame":[32,1874,217.33333333333331,63.333333333333485],"id":"load-film","preferredBodyPoints":53,"time":1790872659.805881,"uptime":1240035.8763064481}
SETUP_PROBE {"appearance":"light","dynamicTypeSize":"accessibility5","frame":[32,1098.6666666666667,333.33333333333337,187.33333333333326],"id":"trial-label","preferredBodyPoints":53,"time":1790872659.8059549,"uptime":1240035.876380299}
SETUP_PROBE {"appearance":"light","dynamicTypeSize":"accessibility5","frame":[32,837,199.66666666666666,63.333333333333258],"id":"film-title","preferredBodyPoints":53,"time":1790872659.8060179,"uptime":1240035.8764427591}
SETUP_PROBE {"appearance":"light","dynamicTypeSize":"accessibility5","frame":[60,468,308,63.333333333333371],"id":"silent-capture","preferredBodyPoints":53,"time":1790872659.8060751,"uptime":1240035.8765001851}
SETUP_PROBE {"appearance":"light","dynamicTypeSize":"accessibility5","frame":[32,250.66666666666663,302.66666666666663,187.33333333333337],"id":"camera-description","preferredBodyPoints":53,"time":1790872659.806133,"uptime":1240035.876558244}
SETUP_PROBE {"appearance":"light","dynamicTypeSize":"accessibility5","frame":[32,561.33333333333337,249.66666666666663,125.33333333333337],"id":"orientation-label","preferredBodyPoints":53,"time":1790872659.8061919,"uptime":1240035.8766164291}
SETUP_VIEWPORT {"bounds":[0,210.33333333333337,402,708],"containerSize":[402,708],"contentSize":[402,2089.333333333333],"event":"scroll","insets":[70,0,34,0],"offset":[0,210.33333333333337],"time":1790872659.8226161,"uptime":1240035.893043563,"visibleRect":[0,210.33333333333337,402,812]}
SETUP_PROBE {"appearance":"light","dynamicTypeSize":"accessibility5","frame":[32,1862.6666666666665,217.33333333333331,63.333333333333485],"id":"load-film","preferredBodyPoints":53,"time":1790872659.8228431,"uptime":1240035.893268079}
SETUP_PROBE {"appearance":"light","dynamicTypeSize":"accessibility5","frame":[32,1087.3333333333335,333.33333333333337,187.33333333333303],"id":"trial-label","preferredBodyPoints":53,"time":1790872659.822942,"uptime":1240035.8933671191}
SETUP_PROBE {"appearance":"light","dynamicTypeSize":"accessibility5","frame":[32,825.66666666666663,199.66666666666666,63.333333333333258],"id":"film-title","preferredBodyPoints":53,"time":1790872659.8230309,"uptime":1240035.893455582}
SETUP_PROBE {"appearance":"light","dynamicTypeSize":"accessibility5","frame":[60,456.66666666666663,308,63.333333333333371],"id":"silent-capture","preferredBodyPoints":53,"time":1790872659.8231149,"uptime":1240035.8935400241}
SETUP_PROBE {"appearance":"light","dynamicTypeSize":"accessibility5","frame":[32,239.33333333333326,302.66666666666663,187.33333333333337],"id":"camera-description","preferredBodyPoints":53,"time":1790872659.8246589,"uptime":1240035.895084813}
SETUP_PROBE {"appearance":"light","dynamicTypeSize":"accessibility5","frame":[32,550,249.66666666666663,125.33333333333337],"id":"orientation-label","preferredBodyPoints":53,"time":1790872659.8247771,"uptime":1240035.895202284}
SETUP_VIEWPORT {"bounds":[0,221.33333333333337,402,708],"containerSize":[402,708],"contentSize":[402,2089.333333333333],"event":"scroll","insets":[70,0,34,0],"offset":[0,221.33333333333337],"time":1790872659.8391352,"uptime":1240035.9095611381,"visibleRect":[0,221.33333333333337,402,812]}
SETUP_PROBE {"appearance":"light","dynamicTypeSize":"accessibility5","frame":[32,1851.6666666666665,217.33333333333331,63.333333333333485],"id":"load-film","preferredBodyPoints":53,"time":1790872659.8393199,"uptime":1240035.909745238}
SETUP_PROBE {"appearance":"light","dynamicTypeSize":"accessibility5","frame":[32,1076.3333333333335,333.33333333333337,187.33333333333303],"id":"trial-label","preferredBodyPoints":53,"time":1790872659.8393919,"uptime":1240035.9098161981}
SETUP_PROBE {"appearance":"light","dynamicTypeSize":"accessibility5","frame":[32,814.66666666666663,199.66666666666666,63.333333333333258],"id":"film-title","preferredBodyPoints":53,"time":1790872659.839452,"uptime":1240035.909876077}
SETUP_PROBE {"appearance":"light","dynamicTypeSize":"accessibility5","frame":[60,445.66666666666663,308,63.333333333333371],"id":"silent-capture","preferredBodyPoints":53,"time":1790872659.8395071,"uptime":1240035.9099319491}
SETUP_PROBE {"appearance":"light","dynamicTypeSize":"accessibility5","frame":[32,228.33333333333326,302.66666666666663,187.33333333333337],"id":"camera-description","preferredBodyPoints":53,"time":1790872659.8395629,"uptime":1240035.9099878331}
SETUP_PROBE {"appearance":"light","dynamicTypeSize":"accessibility5","frame":[32,539,249.66666666666663,125.33333333333337],"id":"orientation-label","preferredBodyPoints":53,"time":1790872659.8396249,"uptime":1240035.910049479}
SETUP_VIEWPORT {"bounds":[0,232,402,708],"containerSize":[402,708],"contentSize":[402,2089.333333333333],"event":"scroll","insets":[70,0,34,0],"offset":[0,232],"time":1790872659.855835,"uptime":1240035.9262610842,"visibleRect":[0,232,402,812]}
SETUP_PROBE {"appearance":"light","dynamicTypeSize":"accessibility5","frame":[32,1841,217.33333333333331,63.333333333333485],"id":"load-film","preferredBodyPoints":53,"time":1790872659.8560982,"uptime":1240035.9265227742}
SETUP_PROBE {"appearance":"light","dynamicTypeSize":"accessibility5","frame":[32,1065.6666666666667,333.33333333333337,187.33333333333326],"id":"trial-label","preferredBodyPoints":53,"time":1790872659.85619,"uptime":1240035.9266140631}
SETUP_PROBE {"appearance":"light","dynamicTypeSize":"accessibility5","frame":[32,804,199.66666666666666,63.333333333333258],"id":"film-title","preferredBodyPoints":53,"time":1790872659.856252,"uptime":1240035.926676227}
SETUP_PROBE {"appearance":"light","dynamicTypeSize":"accessibility5","frame":[60,435,308,63.333333333333371],"id":"silent-capture","preferredBodyPoints":53,"time":1790872659.856307,"uptime":1240035.9267314761}
SETUP_PROBE {"appearance":"light","dynamicTypeSize":"accessibility5","frame":[32,217.66666666666663,302.66666666666663,187.33333333333337],"id":"camera-description","preferredBodyPoints":53,"time":1790872659.8563609,"uptime":1240035.926785314}
SETUP_PROBE {"appearance":"light","dynamicTypeSize":"accessibility5","frame":[32,528.33333333333337,249.66666666666663,125.33333333333337],"id":"orientation-label","preferredBodyPoints":53,"time":1790872659.856415,"uptime":1240035.9268393822}
SETUP_VIEWPORT {"bounds":[0,242,402,708],"containerSize":[402,708],"contentSize":[402,2089.333333333333],"event":"scroll","insets":[70,0,34,0],"offset":[0,242],"time":1790872659.872586,"uptime":1240035.9430123521,"visibleRect":[0,242,402,812]}
SETUP_PROBE {"appearance":"light","dynamicTypeSize":"accessibility5","frame":[32,1831,217.33333333333331,63.333333333333485],"id":"load-film","preferredBodyPoints":53,"time":1790872659.8728051,"uptime":1240035.943230398}
SETUP_PROBE {"appearance":"light","dynamicTypeSize":"accessibility5","frame":[32,1055.6666666666667,333.33333333333337,187.33333333333326],"id":"trial-label","preferredBodyPoints":53,"time":1790872659.87291,"uptime":1240035.943334565}
SETUP_PROBE {"appearance":"light","dynamicTypeSize":"accessibility5","frame":[32,794,199.66666666666666,63.333333333333258],"id":"film-title","preferredBodyPoints":53,"time":1790872659.8730021,"uptime":1240035.9434266952}
SETUP_PROBE {"appearance":"light","dynamicTypeSize":"accessibility5","frame":[60,425,308,63.333333333333371],"id":"silent-capture","preferredBodyPoints":53,"time":1790872659.873085,"uptime":1240035.943509198}
SETUP_PROBE {"appearance":"light","dynamicTypeSize":"accessibility5","frame":[32,207.66666666666663,302.66666666666663,187.33333333333337],"id":"camera-description","preferredBodyPoints":53,"time":1790872659.873162,"uptime":1240035.943586387}
SETUP_PROBE {"appearance":"light","dynamicTypeSize":"accessibility5","frame":[32,518.33333333333337,249.66666666666663,125.33333333333337],"id":"orientation-label","preferredBodyPoints":53,"time":1790872659.8732491,"uptime":1240035.9436735141}
SETUP_VIEWPORT {"bounds":[0,252,402,708],"containerSize":[402,708],"contentSize":[402,2089.333333333333],"event":"scroll","insets":[70,0,34,0],"offset":[0,252],"time":1790872659.8894591,"uptime":1240035.9598851241,"visibleRect":[0,252,402,812]}
SETUP_PROBE {"appearance":"light","dynamicTypeSize":"accessibility5","frame":[32,1821,217.33333333333331,63.333333333333485],"id":"load-film","preferredBodyPoints":53,"time":1790872659.889679,"uptime":1240035.960103591}
SETUP_PROBE {"appearance":"light","dynamicTypeSize":"accessibility5","frame":[32,1045.6666666666667,333.33333333333337,187.33333333333326],"id":"trial-label","preferredBodyPoints":53,"time":1790872659.88977,"uptime":1240035.9601944131}
SETUP_PROBE {"appearance":"light","dynamicTypeSize":"accessibility5","frame":[32,784,199.66666666666666,63.333333333333258],"id":"film-title","preferredBodyPoints":53,"time":1790872659.889832,"uptime":1240035.960256442}
SETUP_PROBE {"appearance":"light","dynamicTypeSize":"accessibility5","frame":[60,415,308,63.333333333333371],"id":"silent-capture","preferredBodyPoints":53,"time":1790872659.88989,"uptime":1240035.960313777}
SETUP_PROBE {"appearance":"light","dynamicTypeSize":"accessibility5","frame":[32,197.66666666666663,302.66666666666663,187.33333333333337],"id":"camera-description","preferredBodyPoints":53,"time":1790872659.889945,"uptime":1240035.9603692042}
SETUP_PROBE {"appearance":"light","dynamicTypeSize":"accessibility5","frame":[32,508.33333333333337,249.66666666666663,125.33333333333337],"id":"orientation-label","preferredBodyPoints":53,"time":1790872659.890002,"uptime":1240035.960426009}
SETUP_VIEWPORT {"bounds":[0,261.33333333333331,402,708],"containerSize":[402,708],"contentSize":[402,2089.333333333333],"event":"scroll","insets":[70,0,34,0],"offset":[0,261.33333333333331],"time":1790872659.905724,"uptime":1240035.9761499672,"visibleRect":[0,261.33333333333331,402,812]}
SETUP_PROBE {"appearance":"light","dynamicTypeSize":"accessibility5","frame":[32,1811.6666666666667,217.33333333333331,63.333333333333485],"id":"load-film","preferredBodyPoints":53,"time":1790872659.9059129,"uptime":1240035.9763366771}
SETUP_PROBE {"appearance":"light","dynamicTypeSize":"accessibility5","frame":[32,1036.3333333333335,333.33333333333337,187.33333333333326],"id":"trial-label","preferredBodyPoints":53,"time":1790872659.9059949,"uptime":1240035.976418802}
SETUP_PROBE {"appearance":"light","dynamicTypeSize":"accessibility5","frame":[32,774.66666666666674,199.66666666666666,63.333333333333258],"id":"film-title","preferredBodyPoints":53,"time":1790872659.9060578,"uptime":1240035.9764813681}
SETUP_PROBE {"appearance":"light","dynamicTypeSize":"accessibility5","frame":[60,405.66666666666669,308,63.333333333333371],"id":"silent-capture","preferredBodyPoints":53,"time":1790872659.9061151,"uptime":1240035.976538378}
SETUP_PROBE {"appearance":"light","dynamicTypeSize":"accessibility5","frame":[32,188.33333333333331,302.66666666666663,187.33333333333337],"id":"camera-description","preferredBodyPoints":53,"time":1790872659.906172,"uptime":1240035.976595802}
SETUP_PROBE {"appearance":"light","dynamicTypeSize":"accessibility5","frame":[32,499.00000000000006,249.66666666666663,125.33333333333343],"id":"orientation-label","preferredBodyPoints":53,"time":1790872659.9062281,"uptime":1240035.976651415}
SETUP_VIEWPORT {"bounds":[0,270.66666666666669,402,708],"containerSize":[402,708],"contentSize":[402,2089.333333333333],"event":"scroll","insets":[70,0,34,0],"offset":[0,270.66666666666669],"time":1790872659.9226332,"uptime":1240035.9930593541,"visibleRect":[0,270.66666666666669,402,812]}
SETUP_PROBE {"appearance":"light","dynamicTypeSize":"accessibility5","frame":[32,1802.3333333333333,217.33333333333331,63.333333333333485],"id":"load-film","preferredBodyPoints":53,"time":1790872659.9228659,"uptime":1240035.9932898041}
SETUP_PROBE {"appearance":"light","dynamicTypeSize":"accessibility5","frame":[32,1027,333.33333333333337,187.33333333333326],"id":"trial-label","preferredBodyPoints":53,"time":1790872659.922967,"uptime":1240035.9933911441}
SETUP_PROBE {"appearance":"light","dynamicTypeSize":"accessibility5","frame":[32,765.33333333333326,199.66666666666666,63.333333333333258],"id":"film-title","preferredBodyPoints":53,"time":1790872659.9230561,"uptime":1240035.9934800041}
SETUP_PROBE {"appearance":"light","dynamicTypeSize":"accessibility5","frame":[60,396.33333333333331,308,63.333333333333371],"id":"silent-capture","preferredBodyPoints":53,"time":1790872659.923142,"uptime":1240035.9935661291}
SETUP_PROBE {"appearance":"light","dynamicTypeSize":"accessibility5","frame":[32,178.99999999999994,302.66666666666663,187.33333333333337],"id":"camera-description","preferredBodyPoints":53,"time":1790872659.924597,"uptime":1240035.995021167}
SETUP_PROBE {"appearance":"light","dynamicTypeSize":"accessibility5","frame":[32,489.66666666666669,249.66666666666663,125.33333333333331],"id":"orientation-label","preferredBodyPoints":53,"time":1790872659.9247088,"uptime":1240035.995132704}
SETUP_VIEWPORT {"bounds":[0,279.66666666666669,402,708],"containerSize":[402,708],"contentSize":[402,2089.333333333333],"event":"scroll","insets":[70,0,34,0],"offset":[0,279.66666666666669],"time":1790872659.9390831,"uptime":1240036.0095088761,"visibleRect":[0,279.66666666666669,402,812]}
SETUP_PROBE {"appearance":"light","dynamicTypeSize":"accessibility5","frame":[32,1793.3333333333333,217.33333333333331,63.333333333333485],"id":"load-film","preferredBodyPoints":53,"time":1790872659.9393458,"uptime":1240036.0097701261}
SETUP_PROBE {"appearance":"light","dynamicTypeSize":"accessibility5","frame":[32,1018,333.33333333333337,187.33333333333326],"id":"trial-label","preferredBodyPoints":53,"time":1790872659.9394631,"uptime":1240036.009886292}
SETUP_PROBE {"appearance":"light","dynamicTypeSize":"accessibility5","frame":[32,756.33333333333326,199.66666666666666,63.333333333333258],"id":"film-title","preferredBodyPoints":53,"time":1790872659.9395289,"uptime":1240036.0099528772}
SETUP_PROBE {"appearance":"light","dynamicTypeSize":"accessibility5","frame":[60,387.33333333333331,308,63.333333333333371],"id":"silent-capture","preferredBodyPoints":53,"time":1790872659.939594,"uptime":1240036.010016958}
SETUP_PROBE {"appearance":"light","dynamicTypeSize":"accessibility5","frame":[32,169.99999999999994,302.66666666666663,187.33333333333337],"id":"camera-description","preferredBodyPoints":53,"time":1790872659.9396582,"uptime":1240036.0100817981}
SETUP_PROBE {"appearance":"light","dynamicTypeSize":"accessibility5","frame":[32,480.66666666666669,249.66666666666663,125.33333333333331],"id":"orientation-label","preferredBodyPoints":53,"time":1790872659.9397988,"uptime":1240036.01022296}
SETUP_VIEWPORT {"bounds":[0,288.33333333333331,402,708],"containerSize":[402,708],"contentSize":[402,2089.333333333333],"event":"scroll","insets":[70,0,34,0],"offset":[0,288.33333333333331],"time":1790872659.9559841,"uptime":1240036.026409995,"visibleRect":[0,288.33333333333331,402,812]}
SETUP_PROBE {"appearance":"light","dynamicTypeSize":"accessibility5","frame":[32,1784.6666666666667,217.33333333333331,63.333333333333485],"id":"load-film","preferredBodyPoints":53,"time":1790872659.9562101,"uptime":1240036.026633997}
SETUP_PROBE {"appearance":"light","dynamicTypeSize":"accessibility5","frame":[32,1009.3333333333335,333.33333333333337,187.33333333333326],"id":"trial-label","preferredBodyPoints":53,"time":1790872659.9563079,"uptime":1240036.0267309521}
SETUP_PROBE {"appearance":"light","dynamicTypeSize":"accessibility5","frame":[32,747.66666666666674,199.66666666666666,63.333333333333258],"id":"film-title","preferredBodyPoints":53,"time":1790872659.9563961,"uptime":1240036.0268194131}
SETUP_PROBE {"appearance":"light","dynamicTypeSize":"accessibility5","frame":[60,378.66666666666669,308,63.333333333333371],"id":"silent-capture","preferredBodyPoints":53,"time":1790872659.956476,"uptime":1240036.0268996831}
SETUP_PROBE {"appearance":"light","dynamicTypeSize":"accessibility5","frame":[32,161.33333333333331,302.66666666666663,187.33333333333337],"id":"camera-description","preferredBodyPoints":53,"time":1790872659.956558,"uptime":1240036.0269815191}
SETUP_PROBE {"appearance":"light","dynamicTypeSize":"accessibility5","frame":[32,472.00000000000006,249.66666666666663,125.33333333333343],"id":"orientation-label","preferredBodyPoints":53,"time":1790872659.9566379,"uptime":1240036.0270613672}
SETUP_VIEWPORT {"bounds":[0,296.66666666666669,402,708],"containerSize":[402,708],"contentSize":[402,2089.333333333333],"event":"scroll","insets":[70,0,34,0],"offset":[0,296.66666666666669],"time":1790872659.9723611,"uptime":1240036.042786285,"visibleRect":[0,296.66666666666669,402,812]}
SETUP_PROBE {"appearance":"light","dynamicTypeSize":"accessibility5","frame":[32,1776.3333333333333,217.33333333333331,63.333333333333485],"id":"load-film","preferredBodyPoints":53,"time":1790872659.972533,"uptime":1240036.0429558691}
SETUP_PROBE {"appearance":"light","dynamicTypeSize":"accessibility5","frame":[32,1001,333.33333333333337,187.33333333333326],"id":"trial-label","preferredBodyPoints":53,"time":1790872659.97261,"uptime":1240036.0430333021}
SETUP_PROBE {"appearance":"light","dynamicTypeSize":"accessibility5","frame":[32,739.33333333333326,199.66666666666666,63.333333333333258],"id":"film-title","preferredBodyPoints":53,"time":1790872659.9726729,"uptime":1240036.043096317}
SETUP_PROBE {"appearance":"light","dynamicTypeSize":"accessibility5","frame":[60,370.33333333333331,308,63.333333333333371],"id":"silent-capture","preferredBodyPoints":53,"time":1790872659.972734,"uptime":1240036.0431570262}
SETUP_PROBE {"appearance":"light","dynamicTypeSize":"accessibility5","frame":[32,152.99999999999994,302.66666666666663,187.33333333333337],"id":"camera-description","preferredBodyPoints":53,"time":1790872659.9727931,"uptime":1240036.0432166022}
SETUP_PROBE {"appearance":"light","dynamicTypeSize":"accessibility5","frame":[32,463.66666666666669,249.66666666666663,125.33333333333331],"id":"orientation-label","preferredBodyPoints":53,"time":1790872659.9728529,"uptime":1240036.043275852}
SETUP_VIEWPORT {"bounds":[0,304.66666666666669,402,708],"containerSize":[402,708],"contentSize":[402,2089.333333333333],"event":"scroll","insets":[70,0,34,0],"offset":[0,304.66666666666669],"time":1790872659.989011,"uptime":1240036.0594357911,"visibleRect":[0,304.66666666666669,402,812]}
SETUP_PROBE {"appearance":"light","dynamicTypeSize":"accessibility5","frame":[32,1768.3333333333333,217.33333333333331,63.333333333333485],"id":"load-film","preferredBodyPoints":53,"time":1790872659.9891839,"uptime":1240036.0596077661}
SETUP_PROBE {"appearance":"light","dynamicTypeSize":"accessibility5","frame":[32,993,333.33333333333337,187.33333333333326],"id":"trial-label","preferredBodyPoints":53,"time":1790872659.9892581,"uptime":1240036.0596811241}
SETUP_PROBE {"appearance":"light","dynamicTypeSize":"accessibility5","frame":[32,731.33333333333326,199.66666666666666,63.333333333333258],"id":"film-title","preferredBodyPoints":53,"time":1790872659.9893169,"uptime":1240036.059739938}
SETUP_PROBE {"appearance":"light","dynamicTypeSize":"accessibility5","frame":[60,362.33333333333331,308,63.333333333333371],"id":"silent-capture","preferredBodyPoints":53,"time":1790872659.989373,"uptime":1240036.0597957531}
SETUP_PROBE {"appearance":"light","dynamicTypeSize":"accessibility5","frame":[32,144.99999999999994,302.66666666666663,187.33333333333337],"id":"camera-description","preferredBodyPoints":53,"time":1790872659.989429,"uptime":1240036.059851733}
SETUP_PROBE {"appearance":"light","dynamicTypeSize":"accessibility5","frame":[32,455.66666666666669,249.66666666666663,125.33333333333331],"id":"orientation-label","preferredBodyPoints":53,"time":1790872659.9894838,"uptime":1240036.0599072021}
SETUP_VIEWPORT {"bounds":[0,312.66666666666669,402,708],"containerSize":[402,708],"contentSize":[402,2089.333333333333],"event":"scroll","insets":[70,0,34,0],"offset":[0,312.66666666666669],"time":1790872660.0058951,"uptime":1240036.076319728,"visibleRect":[0,312.66666666666669,402,812]}
SETUP_PROBE {"appearance":"light","dynamicTypeSize":"accessibility5","frame":[32,1760.3333333333333,217.33333333333331,63.333333333333485],"id":"load-film","preferredBodyPoints":53,"time":1790872660.0060968,"uptime":1240036.0765201831}
SETUP_PROBE {"appearance":"light","dynamicTypeSize":"accessibility5","frame":[32,985,333.33333333333337,187.33333333333326],"id":"trial-label","preferredBodyPoints":53,"time":1790872660.0061898,"uptime":1240036.076612812}
SETUP_PROBE {"appearance":"light","dynamicTypeSize":"accessibility5","frame":[32,723.33333333333326,199.66666666666666,63.333333333333258],"id":"film-title","preferredBodyPoints":53,"time":1790872660.0062752,"uptime":1240036.076697883}
SETUP_PROBE {"appearance":"light","dynamicTypeSize":"accessibility5","frame":[60,354.33333333333331,308,63.333333333333371],"id":"silent-capture","preferredBodyPoints":53,"time":1790872660.0063539,"uptime":1240036.076776739}
SETUP_PROBE {"appearance":"light","dynamicTypeSize":"accessibility5","frame":[32,136.99999999999994,302.66666666666663,187.33333333333337],"id":"camera-description","preferredBodyPoints":53,"time":1790872660.008548,"uptime":1240036.0789707571}
SETUP_PROBE {"appearance":"light","dynamicTypeSize":"accessibility5","frame":[32,447.66666666666669,249.66666666666663,125.33333333333331],"id":"orientation-label","preferredBodyPoints":53,"time":1790872660.008646,"uptime":1240036.079068908}
SETUP_VIEWPORT {"bounds":[0,320,402,708],"containerSize":[402,708],"contentSize":[402,2089.333333333333],"event":"scroll","insets":[70,0,34,0],"offset":[0,320],"time":1790872660.022398,"uptime":1240036.0928220982,"visibleRect":[0,320,402,812]}
SETUP_PROBE {"appearance":"light","dynamicTypeSize":"accessibility5","frame":[32,1753,217.33333333333331,63.333333333333485],"id":"load-film","preferredBodyPoints":53,"time":1790872660.022567,"uptime":1240036.092990289}
SETUP_PROBE {"appearance":"light","dynamicTypeSize":"accessibility5","frame":[32,977.66666666666674,333.33333333333337,187.33333333333326],"id":"trial-label","preferredBodyPoints":53,"time":1790872660.02264,"uptime":1240036.0930627061}
SETUP_PROBE {"appearance":"light","dynamicTypeSize":"accessibility5","frame":[32,716,199.66666666666666,63.333333333333258],"id":"film-title","preferredBodyPoints":53,"time":1790872660.0227041,"uptime":1240036.093126215}
SETUP_PROBE {"appearance":"light","dynamicTypeSize":"accessibility5","frame":[60,347,308,63.333333333333371],"id":"silent-capture","preferredBodyPoints":53,"time":1790872660.0227618,"uptime":1240036.0931845731}
SETUP_PROBE {"appearance":"light","dynamicTypeSize":"accessibility5","frame":[32,129.66666666666663,302.66666666666663,187.33333333333337],"id":"camera-description","preferredBodyPoints":53,"time":1790872660.02282,"uptime":1240036.093242317}
SETUP_PROBE {"appearance":"light","dynamicTypeSize":"accessibility5","frame":[32,440.33333333333337,249.66666666666663,125.33333333333337],"id":"orientation-label","preferredBodyPoints":53,"time":1790872660.0228782,"uptime":1240036.0933005321}
SETUP_VIEWPORT {"bounds":[0,327.33333333333331,402,708],"containerSize":[402,708],"contentSize":[402,2089.333333333333],"event":"scroll","insets":[70,0,34,0],"offset":[0,327.33333333333331],"time":1790872660.0396061,"uptime":1240036.1100307091,"visibleRect":[0,327.33333333333331,402,812]}
SETUP_PROBE {"appearance":"light","dynamicTypeSize":"accessibility5","frame":[32,1745.6666666666667,217.33333333333331,63.333333333333485],"id":"load-film","preferredBodyPoints":53,"time":1790872660.039839,"uptime":1240036.1102618622}
SETUP_PROBE {"appearance":"light","dynamicTypeSize":"accessibility5","frame":[32,970.33333333333348,333.33333333333337,187.33333333333326],"id":"trial-label","preferredBodyPoints":53,"time":1790872660.0399399,"uptime":1240036.1103621391}
SETUP_PROBE {"appearance":"light","dynamicTypeSize":"accessibility5","frame":[32,708.66666666666674,199.66666666666666,63.333333333333258],"id":"film-title","preferredBodyPoints":53,"time":1790872660.040031,"uptime":1240036.11045391}
SETUP_PROBE {"appearance":"light","dynamicTypeSize":"accessibility5","frame":[60,339.66666666666669,308,63.333333333333371],"id":"silent-capture","preferredBodyPoints":53,"time":1790872660.040118,"uptime":1240036.110540034}
SETUP_PROBE {"appearance":"light","dynamicTypeSize":"accessibility5","frame":[32,122.33333333333331,302.66666666666663,187.33333333333337],"id":"camera-description","preferredBodyPoints":53,"time":1790872660.0401969,"uptime":1240036.11061984}
SETUP_PROBE {"appearance":"light","dynamicTypeSize":"accessibility5","frame":[32,433.00000000000006,249.66666666666663,125.33333333333343],"id":"orientation-label","preferredBodyPoints":53,"time":1790872660.0402789,"uptime":1240036.1107011251}
SETUP_VIEWPORT {"bounds":[0,334.33333333333331,402,708],"containerSize":[402,708],"contentSize":[402,2089.333333333333],"event":"scroll","insets":[70,0,34,0],"offset":[0,334.33333333333331],"time":1790872660.0558071,"uptime":1240036.1262316441,"visibleRect":[0,334.33333333333331,402,812]}
SETUP_PROBE {"appearance":"light","dynamicTypeSize":"accessibility5","frame":[32,1738.6666666666667,217.33333333333331,63.333333333333485],"id":"load-film","preferredBodyPoints":53,"time":1790872660.056015,"uptime":1240036.126437793}
SETUP_PROBE {"appearance":"light","dynamicTypeSize":"accessibility5","frame":[32,963.33333333333348,333.33333333333337,187.33333333333326],"id":"trial-label","preferredBodyPoints":53,"time":1790872660.056098,"uptime":1240036.126519955}
SETUP_PROBE {"appearance":"light","dynamicTypeSize":"accessibility5","frame":[32,701.66666666666674,199.66666666666666,63.333333333333258],"id":"film-title","preferredBodyPoints":53,"time":1790872660.056159,"uptime":1240036.1265813401}
SETUP_PROBE {"appearance":"light","dynamicTypeSize":"accessibility5","frame":[60,332.66666666666669,308,63.333333333333371],"id":"silent-capture","preferredBodyPoints":53,"time":1790872660.0562181,"uptime":1240036.1266404791}
SETUP_PROBE {"appearance":"light","dynamicTypeSize":"accessibility5","frame":[32,115.33333333333331,302.66666666666663,187.33333333333337],"id":"camera-description","preferredBodyPoints":53,"time":1790872660.0562758,"uptime":1240036.1266982751}
SETUP_PROBE {"appearance":"light","dynamicTypeSize":"accessibility5","frame":[32,426.00000000000006,249.66666666666663,125.33333333333343],"id":"orientation-label","preferredBodyPoints":53,"time":1790872660.0563331,"uptime":1240036.126755733}
SETUP_VIEWPORT {"bounds":[0,341.33333333333331,402,708],"containerSize":[402,708],"contentSize":[402,2089.333333333333],"event":"scroll","insets":[70,0,34,0],"offset":[0,341.33333333333331],"time":1790872660.0724039,"uptime":1240036.142828369,"visibleRect":[0,341.33333333333331,402,812]}
SETUP_PROBE {"appearance":"light","dynamicTypeSize":"accessibility5","frame":[32,1731.6666666666667,217.33333333333331,63.333333333333485],"id":"load-film","preferredBodyPoints":53,"time":1790872660.0725751,"uptime":1240036.142997443}
SETUP_PROBE {"appearance":"light","dynamicTypeSize":"accessibility5","frame":[32,956.33333333333348,333.33333333333337,187.33333333333326],"id":"trial-label","preferredBodyPoints":53,"time":1790872660.072649,"uptime":1240036.1430709872}
SETUP_PROBE {"appearance":"light","dynamicTypeSize":"accessibility5","frame":[32,694.66666666666674,199.66666666666666,63.333333333333258],"id":"film-title","preferredBodyPoints":53,"time":1790872660.07271,"uptime":1240036.1431325411}
SETUP_PROBE {"appearance":"light","dynamicTypeSize":"accessibility5","frame":[60,325.66666666666669,308,63.333333333333371],"id":"silent-capture","preferredBodyPoints":53,"time":1790872660.072767,"uptime":1240036.143189033}
SETUP_PROBE {"appearance":"light","dynamicTypeSize":"accessibility5","frame":[32,108.33333333333331,302.66666666666663,187.33333333333337],"id":"camera-description","preferredBodyPoints":53,"time":1790872660.072823,"uptime":1240036.1432455562}
SETUP_PROBE {"appearance":"light","dynamicTypeSize":"accessibility5","frame":[32,419.00000000000006,249.66666666666663,125.33333333333343],"id":"orientation-label","preferredBodyPoints":53,"time":1790872660.0728788,"uptime":1240036.143301378}
SETUP_VIEWPORT {"bounds":[0,348,402,708],"containerSize":[402,708],"contentSize":[402,2089.333333333333],"event":"scroll","insets":[70,0,34,0],"offset":[0,348],"time":1790872660.089303,"uptime":1240036.1597268272,"visibleRect":[0,348,402,812]}
SETUP_PROBE {"appearance":"light","dynamicTypeSize":"accessibility5","frame":[32,1725,217.33333333333331,63.333333333333485],"id":"load-film","preferredBodyPoints":53,"time":1790872660.0895228,"uptime":1240036.1599457101}
SETUP_PROBE {"appearance":"light","dynamicTypeSize":"accessibility5","frame":[32,949.66666666666674,333.33333333333337,187.33333333333326],"id":"trial-label","preferredBodyPoints":53,"time":1790872660.0896239,"uptime":1240036.1600456052}
SETUP_PROBE {"appearance":"light","dynamicTypeSize":"accessibility5","frame":[32,688,199.66666666666666,63.333333333333258],"id":"film-title","preferredBodyPoints":53,"time":1790872660.0897079,"uptime":1240036.160129817}
SETUP_PROBE {"appearance":"light","dynamicTypeSize":"accessibility5","frame":[60,319,308,63.333333333333371],"id":"silent-capture","preferredBodyPoints":53,"time":1790872660.0897861,"uptime":1240036.1602080101}
SETUP_PROBE {"appearance":"light","dynamicTypeSize":"accessibility5","frame":[32,101.66666666666663,302.66666666666663,187.33333333333337],"id":"camera-description","preferredBodyPoints":53,"time":1790872660.0898709,"uptime":1240036.1602934881}
SETUP_PROBE {"appearance":"light","dynamicTypeSize":"accessibility5","frame":[32,412.33333333333337,249.66666666666663,125.33333333333337],"id":"orientation-label","preferredBodyPoints":53,"time":1790872660.0899601,"uptime":1240036.160382384}
SETUP_VIEWPORT {"bounds":[0,354.33333333333331,402,708],"containerSize":[402,708],"contentSize":[402,2089.333333333333],"event":"scroll","insets":[70,0,34,0],"offset":[0,354.33333333333331],"time":1790872660.1057549,"uptime":1240036.1761786651,"visibleRect":[0,354.33333333333331,402,812]}
SETUP_PROBE {"appearance":"light","dynamicTypeSize":"accessibility5","frame":[32,1718.6666666666667,217.33333333333331,63.333333333333485],"id":"load-film","preferredBodyPoints":53,"time":1790872660.1059241,"uptime":1240036.1763465921}
SETUP_PROBE {"appearance":"light","dynamicTypeSize":"accessibility5","frame":[32,943.33333333333348,333.33333333333337,187.33333333333326],"id":"trial-label","preferredBodyPoints":53,"time":1790872660.1059999,"uptime":1240036.1764217762}
SETUP_PROBE {"appearance":"light","dynamicTypeSize":"accessibility5","frame":[32,681.66666666666674,199.66666666666666,63.333333333333258],"id":"film-title","preferredBodyPoints":53,"time":1790872660.106061,"uptime":1240036.1764827911}
SETUP_PROBE {"appearance":"light","dynamicTypeSize":"accessibility5","frame":[60,312.66666666666669,308,63.333333333333371],"id":"silent-capture","preferredBodyPoints":53,"time":1790872660.1061211,"uptime":1240036.1765423121}
SETUP_PROBE {"appearance":"light","dynamicTypeSize":"accessibility5","frame":[32,95.333333333333314,302.66666666666663,187.33333333333337],"id":"camera-description","preferredBodyPoints":53,"time":1790872660.1061769,"uptime":1240036.1765990402}
SETUP_PROBE {"appearance":"light","dynamicTypeSize":"accessibility5","frame":[32,406.00000000000006,249.66666666666663,125.33333333333343],"id":"orientation-label","preferredBodyPoints":53,"time":1790872660.1062341,"uptime":1240036.1766559121}
SETUP_VIEWPORT {"bounds":[0,360.66666666666669,402,708],"containerSize":[402,708],"contentSize":[402,2089.333333333333],"event":"scroll","insets":[70,0,34,0],"offset":[0,360.66666666666669],"time":1790872660.122355,"uptime":1240036.1927785601,"visibleRect":[0,360.66666666666669,402,812]}
SETUP_PROBE {"appearance":"light","dynamicTypeSize":"accessibility5","frame":[32,1712.3333333333333,217.33333333333331,63.333333333333485],"id":"load-film","preferredBodyPoints":53,"time":1790872660.122519,"uptime":1240036.192940803}
SETUP_PROBE {"appearance":"light","dynamicTypeSize":"accessibility5","frame":[32,937,333.33333333333337,187.33333333333326],"id":"trial-label","preferredBodyPoints":53,"time":1790872660.122591,"uptime":1240036.193012869}
SETUP_PROBE {"appearance":"light","dynamicTypeSize":"accessibility5","frame":[32,675.33333333333326,199.66666666666666,63.333333333333258],"id":"film-title","preferredBodyPoints":53,"time":1790872660.1226549,"uptime":1240036.193076838}
SETUP_PROBE {"appearance":"light","dynamicTypeSize":"accessibility5","frame":[60,306.33333333333331,308,63.333333333333371],"id":"silent-capture","preferredBodyPoints":53,"time":1790872660.122715,"uptime":1240036.193136927}
SETUP_PROBE {"appearance":"light","dynamicTypeSize":"accessibility5","frame":[32,88.999999999999943,302.66666666666663,187.33333333333337],"id":"camera-description","preferredBodyPoints":53,"time":1790872660.1227741,"uptime":1240036.193195591}
SETUP_PROBE {"appearance":"light","dynamicTypeSize":"accessibility5","frame":[32,399.66666666666669,249.66666666666663,125.33333333333331],"id":"orientation-label","preferredBodyPoints":53,"time":1790872660.1228318,"uptime":1240036.1932539102}
SETUP_VIEWPORT {"bounds":[0,366.66666666666669,402,708],"containerSize":[402,708],"contentSize":[402,2089.333333333333],"event":"scroll","insets":[70,0,34,0],"offset":[0,366.66666666666669],"time":1790872660.139272,"uptime":1240036.2096952922,"visibleRect":[0,366.66666666666669,402,812]}
SETUP_PROBE {"appearance":"light","dynamicTypeSize":"accessibility5","frame":[32,1706.3333333333333,217.33333333333331,63.333333333333485],"id":"load-film","preferredBodyPoints":53,"time":1790872660.1394911,"uptime":1240036.209913257}
SETUP_PROBE {"appearance":"light","dynamicTypeSize":"accessibility5","frame":[32,931,333.33333333333337,187.33333333333326],"id":"trial-label","preferredBodyPoints":53,"time":1790872660.13959,"uptime":1240036.2100118231}
SETUP_PROBE {"appearance":"light","dynamicTypeSize":"accessibility5","frame":[32,669.33333333333326,199.66666666666666,63.333333333333258],"id":"film-title","preferredBodyPoints":53,"time":1790872660.139679,"uptime":1240036.21010016}
SETUP_PROBE {"appearance":"light","dynamicTypeSize":"accessibility5","frame":[60,300.33333333333331,308,63.333333333333371],"id":"silent-capture","preferredBodyPoints":53,"time":1790872660.1397638,"uptime":1240036.210185559}
SETUP_PROBE {"appearance":"light","dynamicTypeSize":"accessibility5","frame":[32,82.999999999999943,302.66666666666663,187.33333333333337],"id":"camera-description","preferredBodyPoints":53,"time":1790872660.139924,"uptime":1240036.2103456561}
SETUP_PROBE {"appearance":"light","dynamicTypeSize":"accessibility5","frame":[32,393.66666666666669,249.66666666666663,125.33333333333331],"id":"orientation-label","preferredBodyPoints":53,"time":1790872660.140012,"uptime":1240036.2104332352}
SETUP_VIEWPORT {"bounds":[0,372.33333333333331,402,708],"containerSize":[402,708],"contentSize":[402,2089.333333333333],"event":"scroll","insets":[70,0,34,0],"offset":[0,372.33333333333331],"time":1790872660.1563711,"uptime":1240036.226797143,"visibleRect":[0,372.33333333333331,402,812]}
SETUP_PROBE {"appearance":"light","dynamicTypeSize":"accessibility5","frame":[32,1700.6666666666667,217.33333333333331,63.333333333333485],"id":"load-film","preferredBodyPoints":53,"time":1790872660.156661,"uptime":1240036.227082697}
SETUP_PROBE {"appearance":"light","dynamicTypeSize":"accessibility5","frame":[32,925.33333333333348,333.33333333333337,187.33333333333326],"id":"trial-label","preferredBodyPoints":53,"time":1790872660.15675,"uptime":1240036.2271716911}
SETUP_PROBE {"appearance":"light","dynamicTypeSize":"accessibility5","frame":[32,663.66666666666674,199.66666666666666,63.333333333333258],"id":"film-title","preferredBodyPoints":53,"time":1790872660.1568131,"uptime":1240036.2272342381}
SETUP_PROBE {"appearance":"light","dynamicTypeSize":"accessibility5","frame":[60,294.66666666666669,308,63.333333333333371],"id":"silent-capture","preferredBodyPoints":53,"time":1790872660.156873,"uptime":1240036.2272939691}
SETUP_PROBE {"appearance":"light","dynamicTypeSize":"accessibility5","frame":[32,77.333333333333314,302.66666666666663,187.33333333333337],"id":"camera-description","preferredBodyPoints":53,"time":1790872660.1569319,"uptime":1240036.2273528001}
SETUP_PROBE {"appearance":"light","dynamicTypeSize":"accessibility5","frame":[32,388.00000000000006,249.66666666666663,125.33333333333343],"id":"orientation-label","preferredBodyPoints":53,"time":1790872660.1570449,"uptime":1240036.2274668191}
SETUP_VIEWPORT {"bounds":[0,378,402,708],"containerSize":[402,708],"contentSize":[402,2089.333333333333],"event":"scroll","insets":[70,0,34,0],"offset":[0,378],"time":1790872660.172421,"uptime":1240036.242844888,"visibleRect":[0,378,402,812]}
SETUP_PROBE {"appearance":"light","dynamicTypeSize":"accessibility5","frame":[32,1695,217.33333333333331,63.333333333333485],"id":"load-film","preferredBodyPoints":53,"time":1790872660.1726089,"uptime":1240036.243030204}
SETUP_PROBE {"appearance":"light","dynamicTypeSize":"accessibility5","frame":[32,919.66666666666674,333.33333333333337,187.33333333333326],"id":"trial-label","preferredBodyPoints":53,"time":1790872660.1726809,"uptime":1240036.2431021212}
SETUP_PROBE {"appearance":"light","dynamicTypeSize":"accessibility5","frame":[32,658,199.66666666666666,63.333333333333258],"id":"film-title","preferredBodyPoints":53,"time":1790872660.1727409,"uptime":1240036.2431623691}
SETUP_PROBE {"appearance":"light","dynamicTypeSize":"accessibility5","frame":[60,289,308,63.333333333333371],"id":"silent-capture","preferredBodyPoints":53,"time":1790872660.1727982,"uptime":1240036.243219042}
SETUP_PROBE {"appearance":"light","dynamicTypeSize":"accessibility5","frame":[32,71.666666666666629,302.66666666666663,187.33333333333337],"id":"camera-description","preferredBodyPoints":53,"time":1790872660.172853,"uptime":1240036.2432735341}
SETUP_PROBE {"appearance":"light","dynamicTypeSize":"accessibility5","frame":[32,382.33333333333337,249.66666666666663,125.33333333333337],"id":"orientation-label","preferredBodyPoints":53,"time":1790872660.1729078,"uptime":1240036.243328854}
SETUP_VIEWPORT {"bounds":[0,383.33333333333331,402,708],"containerSize":[402,708],"contentSize":[402,2089.333333333333],"event":"scroll","insets":[70,0,34,0],"offset":[0,383.33333333333331],"time":1790872660.189326,"uptime":1240036.2597500121,"visibleRect":[0,383.33333333333331,402,812]}
SETUP_PROBE {"appearance":"light","dynamicTypeSize":"accessibility5","frame":[32,1689.6666666666667,217.33333333333331,63.333333333333485],"id":"load-film","preferredBodyPoints":53,"time":1790872660.1895571,"uptime":1240036.259978499}
SETUP_PROBE {"appearance":"light","dynamicTypeSize":"accessibility5","frame":[32,914.33333333333348,333.33333333333337,187.33333333333326],"id":"trial-label","preferredBodyPoints":53,"time":1790872660.1896548,"uptime":1240036.2600762511}
SETUP_PROBE {"appearance":"light","dynamicTypeSize":"accessibility5","frame":[32,652.66666666666674,199.66666666666666,63.333333333333258],"id":"film-title","preferredBodyPoints":53,"time":1790872660.1897411,"uptime":1240036.260162204}
SETUP_PROBE {"appearance":"light","dynamicTypeSize":"accessibility5","frame":[60,283.66666666666669,308,63.333333333333371],"id":"silent-capture","preferredBodyPoints":53,"time":1790872660.1898241,"uptime":1240036.26024523}
SETUP_PROBE {"appearance":"light","dynamicTypeSize":"accessibility5","frame":[32,66.333333333333314,302.66666666666663,187.33333333333337],"id":"camera-description","preferredBodyPoints":53,"time":1790872660.1924429,"uptime":1240036.2628656991}
SETUP_PROBE {"appearance":"light","dynamicTypeSize":"accessibility5","frame":[32,377.00000000000006,249.66666666666663,125.33333333333337],"id":"orientation-label","preferredBodyPoints":53,"time":1790872660.1925778,"uptime":1240036.2629993821}
SETUP_VIEWPORT {"bounds":[0,388.66666666666669,402,708],"containerSize":[402,708],"contentSize":[402,2089.333333333333],"event":"scroll","insets":[70,0,34,0],"offset":[0,388.66666666666669],"time":1790872660.205868,"uptime":1240036.2762947271,"visibleRect":[0,388.66666666666669,402,812]}
SETUP_PROBE {"appearance":"light","dynamicTypeSize":"accessibility5","frame":[32,1684.3333333333333,217.33333333333331,63.333333333333485],"id":"load-film","preferredBodyPoints":53,"time":1790872660.206284,"uptime":1240036.276705649}
SETUP_PROBE {"appearance":"light","dynamicTypeSize":"accessibility5","frame":[32,909,333.33333333333337,187.33333333333326],"id":"trial-label","preferredBodyPoints":53,"time":1790872660.206389,"uptime":1240036.276810243}
SETUP_PROBE {"appearance":"light","dynamicTypeSize":"accessibility5","frame":[32,647.33333333333326,199.66666666666666,63.333333333333258],"id":"film-title","preferredBodyPoints":53,"time":1790872660.206466,"uptime":1240036.276886543}
SETUP_PROBE {"appearance":"light","dynamicTypeSize":"accessibility5","frame":[60,278.33333333333331,308,63.333333333333371],"id":"silent-capture","preferredBodyPoints":53,"time":1790872660.2065361,"uptime":1240036.2769570882}
SETUP_PROBE {"appearance":"light","dynamicTypeSize":"accessibility5","frame":[32,60.999999999999943,302.66666666666663,187.33333333333337],"id":"camera-description","preferredBodyPoints":53,"time":1790872660.2065969,"uptime":1240036.2770173531}
SETUP_PROBE {"appearance":"light","dynamicTypeSize":"accessibility5","frame":[32,371.66666666666669,249.66666666666663,125.33333333333337],"id":"orientation-label","preferredBodyPoints":53,"time":1790872660.206656,"uptime":1240036.27707693}
SETUP_VIEWPORT {"bounds":[0,393.66666666666669,402,708],"containerSize":[402,708],"contentSize":[402,2089.333333333333],"event":"scroll","insets":[70,0,34,0],"offset":[0,393.66666666666669],"time":1790872660.2225451,"uptime":1240036.2929672932,"visibleRect":[0,393.66666666666669,402,812]}
SETUP_PROBE {"appearance":"light","dynamicTypeSize":"accessibility5","frame":[32,1679.3333333333333,217.33333333333331,63.333333333333485],"id":"load-film","preferredBodyPoints":53,"time":1790872660.2227149,"uptime":1240036.2931357021}
SETUP_PROBE {"appearance":"light","dynamicTypeSize":"accessibility5","frame":[32,904,333.33333333333337,187.33333333333326],"id":"trial-label","preferredBodyPoints":53,"time":1790872660.2227869,"uptime":1240036.293207322}
SETUP_PROBE {"appearance":"light","dynamicTypeSize":"accessibility5","frame":[32,642.33333333333326,199.66666666666666,63.333333333333258],"id":"film-title","preferredBodyPoints":53,"time":1790872660.222846,"uptime":1240036.2932667451}
SETUP_PROBE {"appearance":"light","dynamicTypeSize":"accessibility5","frame":[60,273.33333333333331,308,63.333333333333371],"id":"silent-capture","preferredBodyPoints":53,"time":1790872660.222904,"uptime":1240036.293324867}
SETUP_PROBE {"appearance":"light","dynamicTypeSize":"accessibility5","frame":[32,55.999999999999943,302.66666666666663,187.33333333333337],"id":"camera-description","preferredBodyPoints":53,"time":1790872660.222959,"uptime":1240036.29338003}
SETUP_PROBE {"appearance":"light","dynamicTypeSize":"accessibility5","frame":[32,366.66666666666669,249.66666666666663,125.33333333333337],"id":"orientation-label","preferredBodyPoints":53,"time":1790872660.2230139,"uptime":1240036.2934349501}
SETUP_VIEWPORT {"bounds":[0,398.66666666666669,402,708],"containerSize":[402,708],"contentSize":[402,2089.333333333333],"event":"scroll","insets":[70,0,34,0],"offset":[0,398.66666666666669],"time":1790872660.2389832,"uptime":1240036.309405511,"visibleRect":[0,398.66666666666669,402,812]}
SETUP_PROBE {"appearance":"light","dynamicTypeSize":"accessibility5","frame":[32,1674.3333333333333,217.33333333333331,63.333333333333485],"id":"load-film","preferredBodyPoints":53,"time":1790872660.239152,"uptime":1240036.309572615}
SETUP_PROBE {"appearance":"light","dynamicTypeSize":"accessibility5","frame":[32,899,333.33333333333337,187.33333333333326],"id":"trial-label","preferredBodyPoints":53,"time":1790872660.2392249,"uptime":1240036.309644911}
SETUP_PROBE {"appearance":"light","dynamicTypeSize":"accessibility5","frame":[32,637.33333333333326,199.66666666666666,63.333333333333258],"id":"film-title","preferredBodyPoints":53,"time":1790872660.239284,"uptime":1240036.309704507}
SETUP_PROBE {"appearance":"light","dynamicTypeSize":"accessibility5","frame":[60,268.33333333333331,308,63.333333333333371],"id":"silent-capture","preferredBodyPoints":53,"time":1790872660.239341,"uptime":1240036.3097610271}
SETUP_PROBE {"appearance":"light","dynamicTypeSize":"accessibility5","frame":[32,50.999999999999943,302.66666666666663,187.33333333333337],"id":"camera-description","preferredBodyPoints":53,"time":1790872660.2393961,"uptime":1240036.309816675}
SETUP_PROBE {"appearance":"light","dynamicTypeSize":"accessibility5","frame":[32,361.66666666666669,249.66666666666663,125.33333333333337],"id":"orientation-label","preferredBodyPoints":53,"time":1790872660.2394528,"uptime":1240036.309873645}
SETUP_VIEWPORT {"bounds":[0,403.33333333333331,402,708],"containerSize":[402,708],"contentSize":[402,2089.333333333333],"event":"scroll","insets":[70,0,34,0],"offset":[0,403.33333333333331],"time":1790872660.2556319,"uptime":1240036.3260543621,"visibleRect":[0,403.33333333333331,402,812]}
SETUP_PROBE {"appearance":"light","dynamicTypeSize":"accessibility5","frame":[32,1669.6666666666667,217.33333333333331,63.333333333333485],"id":"load-film","preferredBodyPoints":53,"time":1790872660.255794,"uptime":1240036.326214869}
SETUP_PROBE {"appearance":"light","dynamicTypeSize":"accessibility5","frame":[32,894.33333333333348,333.33333333333337,187.33333333333326],"id":"trial-label","preferredBodyPoints":53,"time":1790872660.255867,"uptime":1240036.3262875951}
SETUP_PROBE {"appearance":"light","dynamicTypeSize":"accessibility5","frame":[32,632.66666666666674,199.66666666666666,63.333333333333258],"id":"film-title","preferredBodyPoints":53,"time":1790872660.255929,"uptime":1240036.3263491401}
SETUP_PROBE {"appearance":"light","dynamicTypeSize":"accessibility5","frame":[60,263.66666666666669,308,63.333333333333371],"id":"silent-capture","preferredBodyPoints":53,"time":1790872660.255986,"uptime":1240036.326405894}
SETUP_PROBE {"appearance":"light","dynamicTypeSize":"accessibility5","frame":[32,46.333333333333314,302.66666666666663,187.33333333333337],"id":"camera-description","preferredBodyPoints":53,"time":1790872660.256042,"uptime":1240036.3264618651}
SETUP_PROBE {"appearance":"light","dynamicTypeSize":"accessibility5","frame":[32,357.00000000000006,249.66666666666663,125.33333333333337],"id":"orientation-label","preferredBodyPoints":53,"time":1790872660.2560968,"uptime":1240036.3265172571}
SETUP_VIEWPORT {"bounds":[0,408,402,708],"containerSize":[402,708],"contentSize":[402,2089.333333333333],"event":"scroll","insets":[70,0,34,0],"offset":[0,408],"time":1790872660.27248,"uptime":1240036.342901577,"visibleRect":[0,408,402,812]}
SETUP_PROBE {"appearance":"light","dynamicTypeSize":"accessibility5","frame":[32,1665,217.33333333333331,63.333333333333485],"id":"load-film","preferredBodyPoints":53,"time":1790872660.2726431,"uptime":1240036.3430632991}
SETUP_PROBE {"appearance":"light","dynamicTypeSize":"accessibility5","frame":[32,889.66666666666674,333.33333333333337,187.33333333333326],"id":"trial-label","preferredBodyPoints":53,"time":1790872660.2727141,"uptime":1240036.3431339641}
SETUP_PROBE {"appearance":"light","dynamicTypeSize":"accessibility5","frame":[32,628,199.66666666666666,63.333333333333258],"id":"film-title","preferredBodyPoints":53,"time":1790872660.272774,"uptime":1240036.343193582}
SETUP_PROBE {"appearance":"light","dynamicTypeSize":"accessibility5","frame":[60,259,308,63.333333333333371],"id":"silent-capture","preferredBodyPoints":53,"time":1790872660.27283,"uptime":1240036.343249775}
SETUP_PROBE {"appearance":"light","dynamicTypeSize":"accessibility5","frame":[32,41.666666666666629,302.66666666666663,187.33333333333337],"id":"camera-description","preferredBodyPoints":53,"time":1790872660.2728848,"uptime":1240036.3433053}
SETUP_PROBE {"appearance":"light","dynamicTypeSize":"accessibility5","frame":[32,352.33333333333337,249.66666666666663,125.33333333333337],"id":"orientation-label","preferredBodyPoints":53,"time":1790872660.2729402,"uptime":1240036.3433602271}
SETUP_VIEWPORT {"bounds":[0,412.33333333333331,402,708],"containerSize":[402,708],"contentSize":[402,2089.333333333333],"event":"scroll","insets":[70,0,34,0],"offset":[0,412.33333333333331],"time":1790872660.2893071,"uptime":1240036.35972952,"visibleRect":[0,412.33333333333331,402,812]}
SETUP_PROBE {"appearance":"light","dynamicTypeSize":"accessibility5","frame":[32,1660.6666666666667,217.33333333333331,63.333333333333485],"id":"load-film","preferredBodyPoints":53,"time":1790872660.2895279,"uptime":1240036.3599513671}
SETUP_PROBE {"appearance":"light","dynamicTypeSize":"accessibility5","frame":[32,885.33333333333348,333.33333333333337,187.33333333333326],"id":"trial-label","preferredBodyPoints":53,"time":1790872660.2896271,"uptime":1240036.3600470161}
SETUP_PROBE {"appearance":"light","dynamicTypeSize":"accessibility5","frame":[32,623.66666666666674,199.66666666666666,63.333333333333258],"id":"film-title","preferredBodyPoints":53,"time":1790872660.289711,"uptime":1240036.360130708}
SETUP_PROBE {"appearance":"light","dynamicTypeSize":"accessibility5","frame":[60,254.66666666666669,308,63.333333333333371],"id":"silent-capture","preferredBodyPoints":53,"time":1790872660.2897902,"uptime":1240036.3602103521}
SETUP_PROBE {"appearance":"light","dynamicTypeSize":"accessibility5","frame":[32,37.333333333333314,302.66666666666663,187.33333333333337],"id":"camera-description","preferredBodyPoints":53,"time":1790872660.295557,"uptime":1240036.3659790331}
SETUP_PROBE {"appearance":"light","dynamicTypeSize":"accessibility5","frame":[32,348.00000000000006,249.66666666666663,125.33333333333337],"id":"orientation-label","preferredBodyPoints":53,"time":1790872660.2957048,"uptime":1240036.3661261171}
SETUP_VIEWPORT {"bounds":[0,416.66666666666669,402,708],"containerSize":[402,708],"contentSize":[402,2089.333333333333],"event":"scroll","insets":[70,0,34,0],"offset":[0,416.66666666666669],"time":1790872660.306118,"uptime":1240036.3765391021,"visibleRect":[0,416.66666666666669,402,812]}
SETUP_PROBE {"appearance":"light","dynamicTypeSize":"accessibility5","frame":[32,1656.3333333333333,217.33333333333331,63.333333333333485],"id":"load-film","preferredBodyPoints":53,"time":1790872660.30635,"uptime":1240036.3767701881}
SETUP_PROBE {"appearance":"light","dynamicTypeSize":"accessibility5","frame":[32,881,333.33333333333337,187.33333333333326],"id":"trial-label","preferredBodyPoints":53,"time":1790872660.3064499,"uptime":1240036.3768697481}
SETUP_PROBE {"appearance":"light","dynamicTypeSize":"accessibility5","frame":[32,619.33333333333326,199.66666666666666,63.333333333333258],"id":"film-title","preferredBodyPoints":53,"time":1790872660.3065162,"uptime":1240036.3769359521}
SETUP_PROBE {"appearance":"light","dynamicTypeSize":"accessibility5","frame":[60,250.33333333333331,308,63.333333333333371],"id":"silent-capture","preferredBodyPoints":53,"time":1790872660.3065782,"uptime":1240036.376997798}
SETUP_PROBE {"appearance":"light","dynamicTypeSize":"accessibility5","frame":[32,32.999999999999943,302.66666666666663,187.33333333333337],"id":"camera-description","preferredBodyPoints":53,"time":1790872660.3066401,"uptime":1240036.377059377}
SETUP_PROBE {"appearance":"light","dynamicTypeSize":"accessibility5","frame":[32,343.66666666666669,249.66666666666663,125.33333333333337],"id":"orientation-label","preferredBodyPoints":53,"time":1790872660.3067,"uptime":1240036.3771198392}
SETUP_VIEWPORT {"bounds":[0,420.66666666666669,402,708],"containerSize":[402,708],"contentSize":[402,2089.333333333333],"event":"scroll","insets":[70,0,34,0],"offset":[0,420.66666666666669],"time":1790872660.3225961,"uptime":1240036.393018248,"visibleRect":[0,420.66666666666669,402,812]}
SETUP_PROBE {"appearance":"light","dynamicTypeSize":"accessibility5","frame":[32,1652.3333333333333,217.33333333333331,63.333333333333485],"id":"load-film","preferredBodyPoints":53,"time":1790872660.322772,"uptime":1240036.393191654}
SETUP_PROBE {"appearance":"light","dynamicTypeSize":"accessibility5","frame":[32,877,333.33333333333337,187.33333333333326],"id":"trial-label","preferredBodyPoints":53,"time":1790872660.3228469,"uptime":1240036.3932665191}
SETUP_PROBE {"appearance":"light","dynamicTypeSize":"accessibility5","frame":[32,615.33333333333326,199.66666666666666,63.333333333333258],"id":"film-title","preferredBodyPoints":53,"time":1790872660.322911,"uptime":1240036.39333031}
SETUP_PROBE {"appearance":"light","dynamicTypeSize":"accessibility5","frame":[60,246.33333333333331,308,63.333333333333371],"id":"silent-capture","preferredBodyPoints":53,"time":1790872660.3229809,"uptime":1240036.393400555}
SETUP_PROBE {"appearance":"light","dynamicTypeSize":"accessibility5","frame":[32,28.999999999999943,302.66666666666663,187.33333333333337],"id":"camera-description","preferredBodyPoints":53,"time":1790872660.323041,"uptime":1240036.3934609131}
SETUP_PROBE {"appearance":"light","dynamicTypeSize":"accessibility5","frame":[32,339.66666666666669,249.66666666666663,125.33333333333337],"id":"orientation-label","preferredBodyPoints":53,"time":1790872660.323101,"uptime":1240036.3935201971}
SETUP_VIEWPORT {"bounds":[0,424.66666666666669,402,708],"containerSize":[402,708],"contentSize":[402,2089.333333333333],"event":"scroll","insets":[70,0,34,0],"offset":[0,424.66666666666669],"time":1790872660.339299,"uptime":1240036.409720602,"visibleRect":[0,424.66666666666669,402,812]}
SETUP_PROBE {"appearance":"light","dynamicTypeSize":"accessibility5","frame":[32,1648.3333333333333,217.33333333333331,63.333333333333485],"id":"load-film","preferredBodyPoints":53,"time":1790872660.3395181,"uptime":1240036.4099377492}
SETUP_PROBE {"appearance":"light","dynamicTypeSize":"accessibility5","frame":[32,873,333.33333333333337,187.33333333333326],"id":"trial-label","preferredBodyPoints":53,"time":1790872660.339617,"uptime":1240036.410036447}
SETUP_PROBE {"appearance":"light","dynamicTypeSize":"accessibility5","frame":[32,611.33333333333326,199.66666666666666,63.333333333333258],"id":"film-title","preferredBodyPoints":53,"time":1790872660.3397012,"uptime":1240036.410120568}
SETUP_PROBE {"appearance":"light","dynamicTypeSize":"accessibility5","frame":[60,242.33333333333331,308,63.333333333333371],"id":"silent-capture","preferredBodyPoints":53,"time":1790872660.339782,"uptime":1240036.410201801}
SETUP_PROBE {"appearance":"light","dynamicTypeSize":"accessibility5","frame":[32,24.999999999999943,302.66666666666663,187.33333333333337],"id":"camera-description","preferredBodyPoints":53,"time":1790872660.3442039,"uptime":1240036.4146256382}
SETUP_PROBE {"appearance":"light","dynamicTypeSize":"accessibility5","frame":[32,335.66666666666669,249.66666666666663,125.33333333333337],"id":"orientation-label","preferredBodyPoints":53,"time":1790872660.344377,"uptime":1240036.4147965261}
SETUP_VIEWPORT {"bounds":[0,428.66666666666669,402,708],"containerSize":[402,708],"contentSize":[402,2089.333333333333],"event":"scroll","insets":[70,0,34,0],"offset":[0,428.66666666666669],"time":1790872660.3570991,"uptime":1240036.427525681,"visibleRect":[0,428.66666666666669,402,812]}
SETUP_PROBE {"appearance":"light","dynamicTypeSize":"accessibility5","frame":[32,1644.3333333333333,217.33333333333331,63.333333333333485],"id":"load-film","preferredBodyPoints":53,"time":1790872660.357434,"uptime":1240036.4278537831}
SETUP_PROBE {"appearance":"light","dynamicTypeSize":"accessibility5","frame":[32,869,333.33333333333337,187.33333333333326],"id":"trial-label","preferredBodyPoints":53,"time":1790872660.3575501,"uptime":1240036.4279695251}
SETUP_PROBE {"appearance":"light","dynamicTypeSize":"accessibility5","frame":[32,607.33333333333326,199.66666666666666,63.333333333333258],"id":"film-title","preferredBodyPoints":53,"time":1790872660.357645,"uptime":1240036.428064615}
SETUP_PROBE {"appearance":"light","dynamicTypeSize":"accessibility5","frame":[60,238.33333333333331,308,63.333333333333371],"id":"silent-capture","preferredBodyPoints":53,"time":1790872660.3577399,"uptime":1240036.4281588101}
SETUP_PROBE {"appearance":"light","dynamicTypeSize":"accessibility5","frame":[32,20.999999999999943,302.66666666666663,187.33333333333337],"id":"camera-description","preferredBodyPoints":53,"time":1790872660.3578382,"uptime":1240036.428257857}
SETUP_PROBE {"appearance":"light","dynamicTypeSize":"accessibility5","frame":[32,331.66666666666669,249.66666666666663,125.33333333333337],"id":"orientation-label","preferredBodyPoints":53,"time":1790872660.357933,"uptime":1240036.4283521571}
SETUP_VIEWPORT {"bounds":[0,432.33333333333331,402,708],"containerSize":[402,708],"contentSize":[402,2089.333333333333],"event":"scroll","insets":[70,0,34,0],"offset":[0,432.33333333333331],"time":1790872660.372618,"uptime":1240036.4430398811,"visibleRect":[0,432.33333333333331,402,812]}
SETUP_PROBE {"appearance":"light","dynamicTypeSize":"accessibility5","frame":[32,1640.6666666666667,217.33333333333331,63.333333333333485],"id":"load-film","preferredBodyPoints":53,"time":1790872660.3728399,"uptime":1240036.443258842}
SETUP_PROBE {"appearance":"light","dynamicTypeSize":"accessibility5","frame":[32,865.33333333333348,333.33333333333337,187.33333333333326],"id":"trial-label","preferredBodyPoints":53,"time":1790872660.3729351,"uptime":1240036.4433542432}
SETUP_PROBE {"appearance":"light","dynamicTypeSize":"accessibility5","frame":[32,603.66666666666674,199.66666666666666,63.333333333333258],"id":"film-title","preferredBodyPoints":53,"time":1790872660.3730202,"uptime":1240036.443438685}
SETUP_PROBE {"appearance":"light","dynamicTypeSize":"accessibility5","frame":[60,234.66666666666669,308,63.333333333333371],"id":"silent-capture","preferredBodyPoints":53,"time":1790872660.373101,"uptime":1240036.443519634}
SETUP_PROBE {"appearance":"light","dynamicTypeSize":"accessibility5","frame":[32,17.333333333333314,302.66666666666663,187.33333333333337],"id":"camera-description","preferredBodyPoints":53,"time":1790872660.3731809,"uptime":1240036.4435997051}
SETUP_PROBE {"appearance":"light","dynamicTypeSize":"accessibility5","frame":[32,328.00000000000006,249.66666666666663,125.33333333333337],"id":"orientation-label","preferredBodyPoints":53,"time":1790872660.37326,"uptime":1240036.443678638}
SETUP_VIEWPORT {"bounds":[0,436,402,708],"containerSize":[402,708],"contentSize":[402,2089.333333333333],"event":"scroll","insets":[70,0,34,0],"offset":[0,436],"time":1790872660.388988,"uptime":1240036.4594086211,"visibleRect":[0,436,402,812]}
SETUP_PROBE {"appearance":"light","dynamicTypeSize":"accessibility5","frame":[32,1637,217.33333333333331,63.333333333333485],"id":"load-film","preferredBodyPoints":53,"time":1790872660.3891621,"uptime":1240036.4595809141}
SETUP_PROBE {"appearance":"light","dynamicTypeSize":"accessibility5","frame":[32,861.66666666666674,333.33333333333337,187.33333333333326],"id":"trial-label","preferredBodyPoints":53,"time":1790872660.389235,"uptime":1240036.4596534211}
SETUP_PROBE {"appearance":"light","dynamicTypeSize":"accessibility5","frame":[32,600,199.66666666666666,63.333333333333258],"id":"film-title","preferredBodyPoints":53,"time":1790872660.389297,"uptime":1240036.4597159012}
SETUP_PROBE {"appearance":"light","dynamicTypeSize":"accessibility5","frame":[60,231,308,63.333333333333371],"id":"silent-capture","preferredBodyPoints":53,"time":1790872660.389354,"uptime":1240036.4597729652}
SETUP_PROBE {"appearance":"light","dynamicTypeSize":"accessibility5","frame":[32,13.666666666666629,302.66666666666663,187.33333333333337],"id":"camera-description","preferredBodyPoints":53,"time":1790872660.389411,"uptime":1240036.459830048}
SETUP_PROBE {"appearance":"light","dynamicTypeSize":"accessibility5","frame":[32,324.33333333333337,249.66666666666663,125.33333333333337],"id":"orientation-label","preferredBodyPoints":53,"time":1790872660.3894691,"uptime":1240036.4598875982}
SETUP_VIEWPORT {"bounds":[0,439.66666666666669,402,708],"containerSize":[402,708],"contentSize":[402,2089.333333333333],"event":"scroll","insets":[70,0,34,0],"offset":[0,439.66666666666669],"time":1790872660.4059801,"uptime":1240036.476401119,"visibleRect":[0,439.66666666666669,402,812]}
SETUP_PROBE {"appearance":"light","dynamicTypeSize":"accessibility5","frame":[32,1633.3333333333333,217.33333333333331,63.333333333333485],"id":"load-film","preferredBodyPoints":53,"time":1790872660.4062161,"uptime":1240036.4766349872}
SETUP_PROBE {"appearance":"light","dynamicTypeSize":"accessibility5","frame":[32,858,333.33333333333337,187.33333333333326],"id":"trial-label","preferredBodyPoints":53,"time":1790872660.406316,"uptime":1240036.4767348161}
SETUP_PROBE {"appearance":"light","dynamicTypeSize":"accessibility5","frame":[32,596.33333333333326,199.66666666666666,63.333333333333258],"id":"film-title","preferredBodyPoints":53,"time":1790872660.406404,"uptime":1240036.476823257}
SETUP_PROBE {"appearance":"light","dynamicTypeSize":"accessibility5","frame":[60,227.33333333333331,308,63.333333333333371],"id":"silent-capture","preferredBodyPoints":53,"time":1790872660.4064889,"uptime":1240036.4769079541}
SETUP_PROBE {"appearance":"light","dynamicTypeSize":"accessibility5","frame":[32,9.9999999999999432,302.66666666666663,187.33333333333337],"id":"camera-description","preferredBodyPoints":53,"time":1790872660.40658,"uptime":1240036.4769982521}
SETUP_PROBE {"appearance":"light","dynamicTypeSize":"accessibility5","frame":[32,320.66666666666669,249.66666666666663,125.33333333333337],"id":"orientation-label","preferredBodyPoints":53,"time":1790872660.4066648,"uptime":1240036.4770839741}
SETUP_VIEWPORT {"bounds":[0,443,402,708],"containerSize":[402,708],"contentSize":[402,2089.333333333333],"event":"scroll","insets":[70,0,34,0],"offset":[0,443],"time":1790872660.4223971,"uptime":1240036.492817641,"visibleRect":[0,443,402,812]}
SETUP_PROBE {"appearance":"light","dynamicTypeSize":"accessibility5","frame":[32,1630,217.33333333333331,63.333333333333485],"id":"load-film","preferredBodyPoints":53,"time":1790872660.4225678,"uptime":1240036.492986693}
SETUP_PROBE {"appearance":"light","dynamicTypeSize":"accessibility5","frame":[32,854.66666666666674,333.33333333333337,187.33333333333326],"id":"trial-label","preferredBodyPoints":53,"time":1790872660.4226389,"uptime":1240036.4930578382}
SETUP_PROBE {"appearance":"light","dynamicTypeSize":"accessibility5","frame":[32,593,199.66666666666666,63.333333333333258],"id":"film-title","preferredBodyPoints":53,"time":1790872660.422699,"uptime":1240036.4931174491}
SETUP_PROBE {"appearance":"light","dynamicTypeSize":"accessibility5","frame":[60,224,308,63.333333333333371],"id":"silent-capture","preferredBodyPoints":53,"time":1790872660.422755,"uptime":1240036.4931735932}
SETUP_PROBE {"appearance":"light","dynamicTypeSize":"accessibility5","frame":[32,6.6666666666666288,302.66666666666663,187.33333333333337],"id":"camera-description","preferredBodyPoints":53,"time":1790872660.4228101,"uptime":1240036.4932288881}
SETUP_PROBE {"appearance":"light","dynamicTypeSize":"accessibility5","frame":[32,317.33333333333337,249.66666666666663,125.33333333333337],"id":"orientation-label","preferredBodyPoints":53,"time":1790872660.4228668,"uptime":1240036.4932854711}
SETUP_VIEWPORT {"bounds":[0,446.33333333333326,402,708],"containerSize":[402,708],"contentSize":[402,2089.333333333333],"event":"scroll","insets":[70,0,34,0],"offset":[0,446.33333333333326],"time":1790872660.4389939,"uptime":1240036.50941383,"visibleRect":[0,446.33333333333326,402,812]}
SETUP_PROBE {"appearance":"light","dynamicTypeSize":"accessibility5","frame":[32,1626.6666666666667,217.33333333333331,63.333333333333485],"id":"load-film","preferredBodyPoints":53,"time":1790872660.439162,"uptime":1240036.5095801421}
SETUP_PROBE {"appearance":"light","dynamicTypeSize":"accessibility5","frame":[32,851.33333333333348,333.33333333333337,187.33333333333326],"id":"trial-label","preferredBodyPoints":53,"time":1790872660.439234,"uptime":1240036.509652324}
SETUP_PROBE {"appearance":"light","dynamicTypeSize":"accessibility5","frame":[32,589.66666666666674,199.66666666666666,63.333333333333258],"id":"film-title","preferredBodyPoints":53,"time":1790872660.4392939,"uptime":1240036.5097119152}
SETUP_PROBE {"appearance":"light","dynamicTypeSize":"accessibility5","frame":[60,220.66666666666674,308,63.333333333333371],"id":"silent-capture","preferredBodyPoints":53,"time":1790872660.4393501,"uptime":1240036.509767985}
SETUP_PROBE {"appearance":"light","dynamicTypeSize":"accessibility5","frame":[32,3.3333333333333712,302.66666666666663,187.33333333333337],"id":"camera-description","preferredBodyPoints":53,"time":1790872660.439405,"uptime":1240036.5098235321}
SETUP_PROBE {"appearance":"light","dynamicTypeSize":"accessibility5","frame":[32,314.00000000000011,249.66666666666663,125.33333333333337],"id":"orientation-label","preferredBodyPoints":53,"time":1790872660.43946,"uptime":1240036.5098784361}
SETUP_VIEWPORT {"bounds":[0,449.33333333333326,402,708],"containerSize":[402,708],"contentSize":[402,2089.333333333333],"event":"scroll","insets":[70,0,34,0],"offset":[0,449.33333333333326],"time":1790872660.455992,"uptime":1240036.5264120882,"visibleRect":[0,449.33333333333326,402,812]}
SETUP_PROBE {"appearance":"light","dynamicTypeSize":"accessibility5","frame":[32,1623.6666666666667,217.33333333333331,63.333333333333485],"id":"load-film","preferredBodyPoints":53,"time":1790872660.4562268,"uptime":1240036.526645245}
SETUP_PROBE {"appearance":"light","dynamicTypeSize":"accessibility5","frame":[32,848.33333333333348,333.33333333333337,187.33333333333326],"id":"trial-label","preferredBodyPoints":53,"time":1790872660.456336,"uptime":1240036.526754017}
SETUP_PROBE {"appearance":"light","dynamicTypeSize":"accessibility5","frame":[32,586.66666666666674,199.66666666666666,63.333333333333258],"id":"film-title","preferredBodyPoints":53,"time":1790872660.4564309,"uptime":1240036.526848946}
SETUP_PROBE {"appearance":"light","dynamicTypeSize":"accessibility5","frame":[60,217.66666666666674,308,63.333333333333371],"id":"silent-capture","preferredBodyPoints":53,"time":1790872660.456516,"uptime":1240036.5269345192}
SETUP_PROBE {"appearance":"light","dynamicTypeSize":"accessibility5","frame":[32,0.33333333333337123,302.66666666666663,187.33333333333337],"id":"camera-description","preferredBodyPoints":53,"time":1790872660.4566011,"uptime":1240036.5270195471}
SETUP_PROBE {"appearance":"light","dynamicTypeSize":"accessibility5","frame":[32,311.00000000000011,249.66666666666663,125.33333333333337],"id":"orientation-label","preferredBodyPoints":53,"time":1790872660.456686,"uptime":1240036.5271038271}
SETUP_VIEWPORT {"bounds":[0,452.33333333333326,402,708],"containerSize":[402,708],"contentSize":[402,2089.333333333333],"event":"scroll","insets":[70,0,34,0],"offset":[0,452.33333333333326],"time":1790872660.472446,"uptime":1240036.542867047,"visibleRect":[0,452.33333333333326,402,812]}
SETUP_PROBE {"appearance":"light","dynamicTypeSize":"accessibility5","frame":[32,1620.6666666666667,217.33333333333331,63.333333333333485],"id":"load-film","preferredBodyPoints":53,"time":1790872660.472667,"uptime":1240036.5430856831}
SETUP_PROBE {"appearance":"light","dynamicTypeSize":"accessibility5","frame":[32,845.33333333333348,333.33333333333337,187.33333333333326],"id":"trial-label","preferredBodyPoints":53,"time":1790872660.472749,"uptime":1240036.543166721}
SETUP_PROBE {"appearance":"light","dynamicTypeSize":"accessibility5","frame":[32,583.66666666666674,199.66666666666666,63.333333333333258],"id":"film-title","preferredBodyPoints":53,"time":1790872660.4728141,"uptime":1240036.5432319841}
SETUP_PROBE {"appearance":"light","dynamicTypeSize":"accessibility5","frame":[60,214.66666666666674,308,63.333333333333371],"id":"silent-capture","preferredBodyPoints":53,"time":1790872660.4728742,"uptime":1240036.5432922042}
SETUP_PROBE {"appearance":"light","dynamicTypeSize":"accessibility5","frame":[32,-2.6666666666666288,302.66666666666663,187.33333333333337],"id":"camera-description","preferredBodyPoints":53,"time":1790872660.4729331,"uptime":1240036.5433508521}
SETUP_PROBE {"appearance":"light","dynamicTypeSize":"accessibility5","frame":[32,308.00000000000011,249.66666666666663,125.33333333333337],"id":"orientation-label","preferredBodyPoints":53,"time":1790872660.4729919,"uptime":1240036.543409775}
SETUP_VIEWPORT {"bounds":[0,455.33333333333326,402,708],"containerSize":[402,708],"contentSize":[402,2089.333333333333],"event":"scroll","insets":[70,0,34,0],"offset":[0,455.33333333333326],"time":1790872660.4893,"uptime":1240036.5597197881,"visibleRect":[0,455.33333333333326,402,812]}
SETUP_PROBE {"appearance":"light","dynamicTypeSize":"accessibility5","frame":[32,1617.6666666666667,217.33333333333331,63.333333333333485],"id":"load-film","preferredBodyPoints":53,"time":1790872660.4894719,"uptime":1240036.559890348}
SETUP_PROBE {"appearance":"light","dynamicTypeSize":"accessibility5","frame":[32,842.33333333333348,333.33333333333337,187.33333333333326],"id":"trial-label","preferredBodyPoints":53,"time":1790872660.4895449,"uptime":1240036.5599628051}
SETUP_PROBE {"appearance":"light","dynamicTypeSize":"accessibility5","frame":[32,580.66666666666674,199.66666666666666,63.333333333333258],"id":"film-title","preferredBodyPoints":53,"time":1790872660.4896059,"uptime":1240036.5600240252}
SETUP_PROBE {"appearance":"light","dynamicTypeSize":"accessibility5","frame":[60,211.66666666666674,308,63.333333333333371],"id":"silent-capture","preferredBodyPoints":53,"time":1790872660.4896641,"uptime":1240036.5600812591}
SETUP_PROBE {"appearance":"light","dynamicTypeSize":"accessibility5","frame":[32,-5.6666666666666288,302.66666666666663,187.33333333333337],"id":"camera-description","preferredBodyPoints":53,"time":1790872660.4897189,"uptime":1240036.5601366812}
SETUP_PROBE {"appearance":"light","dynamicTypeSize":"accessibility5","frame":[32,305.00000000000011,249.66666666666663,125.33333333333337],"id":"orientation-label","preferredBodyPoints":53,"time":1790872660.4897749,"uptime":1240036.5601931352}
SETUP_VIEWPORT {"bounds":[0,458.33333333333326,402,708],"containerSize":[402,708],"contentSize":[402,2089.333333333333],"event":"scroll","insets":[70,0,34,0],"offset":[0,458.33333333333326],"time":1790872660.5056648,"uptime":1240036.576084116,"visibleRect":[0,458.33333333333326,402,812]}
SETUP_PROBE {"appearance":"light","dynamicTypeSize":"accessibility5","frame":[32,1614.6666666666667,217.33333333333331,63.333333333333485],"id":"load-film","preferredBodyPoints":53,"time":1790872660.5058489,"uptime":1240036.5762664131}
SETUP_PROBE {"appearance":"light","dynamicTypeSize":"accessibility5","frame":[32,839.33333333333348,333.33333333333337,187.33333333333326],"id":"trial-label","preferredBodyPoints":53,"time":1790872660.505923,"uptime":1240036.576340623}
SETUP_PROBE {"appearance":"light","dynamicTypeSize":"accessibility5","frame":[32,577.66666666666674,199.66666666666666,63.333333333333258],"id":"film-title","preferredBodyPoints":53,"time":1790872660.5059872,"uptime":1240036.5764045201}
SETUP_PROBE {"appearance":"light","dynamicTypeSize":"accessibility5","frame":[60,208.66666666666674,308,63.333333333333371],"id":"silent-capture","preferredBodyPoints":53,"time":1790872660.506047,"uptime":1240036.5764647371}
SETUP_PROBE {"appearance":"light","dynamicTypeSize":"accessibility5","frame":[32,-8.6666666666666288,302.66666666666663,187.33333333333337],"id":"camera-description","preferredBodyPoints":53,"time":1790872660.5061069,"uptime":1240036.5765242891}
SETUP_PROBE {"appearance":"light","dynamicTypeSize":"accessibility5","frame":[32,302.00000000000011,249.66666666666663,125.33333333333337],"id":"orientation-label","preferredBodyPoints":53,"time":1790872660.506166,"uptime":1240036.576583094}
SETUP_VIEWPORT {"bounds":[0,461,402,708],"containerSize":[402,708],"contentSize":[402,2089.333333333333],"event":"scroll","insets":[70,0,34,0],"offset":[0,461],"time":1790872660.52244,"uptime":1240036.5928589501,"visibleRect":[0,461,402,812]}
SETUP_PROBE {"appearance":"light","dynamicTypeSize":"accessibility5","frame":[32,1612,217.33333333333331,63.333333333333485],"id":"load-film","preferredBodyPoints":53,"time":1790872660.522598,"uptime":1240036.593015407}
SETUP_PROBE {"appearance":"light","dynamicTypeSize":"accessibility5","frame":[32,836.66666666666674,333.33333333333337,187.33333333333326],"id":"trial-label","preferredBodyPoints":53,"time":1790872660.5226688,"uptime":1240036.5930865761}
SETUP_PROBE {"appearance":"light","dynamicTypeSize":"accessibility5","frame":[32,575,199.66666666666666,63.333333333333258],"id":"film-title","preferredBodyPoints":53,"time":1790872660.522733,"uptime":1240036.593150388}
SETUP_PROBE {"appearance":"light","dynamicTypeSize":"accessibility5","frame":[60,206,308,63.333333333333371],"id":"silent-capture","preferredBodyPoints":53,"time":1790872660.5227919,"uptime":1240036.593209103}
SETUP_PROBE {"appearance":"light","dynamicTypeSize":"accessibility5","frame":[32,-11.333333333333371,302.66666666666663,187.33333333333337],"id":"camera-description","preferredBodyPoints":53,"time":1790872660.52285,"uptime":1240036.5932672741}
SETUP_PROBE {"appearance":"light","dynamicTypeSize":"accessibility5","frame":[32,299.33333333333337,249.66666666666663,125.33333333333337],"id":"orientation-label","preferredBodyPoints":53,"time":1790872660.5229092,"uptime":1240036.5933266392}
SETUP_VIEWPORT {"bounds":[0,463.66666666666674,402,708],"containerSize":[402,708],"contentSize":[402,2089.333333333333],"event":"scroll","insets":[70,0,34,0],"offset":[0,463.66666666666674],"time":1790872660.5392718,"uptime":1240036.6096912941,"visibleRect":[0,463.66666666666674,402,812]}
SETUP_PROBE {"appearance":"light","dynamicTypeSize":"accessibility5","frame":[32,1609.3333333333333,217.33333333333331,63.333333333333485],"id":"load-film","preferredBodyPoints":53,"time":1790872660.539485,"uptime":1240036.609902929}
SETUP_PROBE {"appearance":"light","dynamicTypeSize":"accessibility5","frame":[32,834,333.33333333333337,187.33333333333326],"id":"trial-label","preferredBodyPoints":53,"time":1790872660.539583,"uptime":1240036.610000778}
SETUP_PROBE {"appearance":"light","dynamicTypeSize":"accessibility5","frame":[32,572.33333333333326,199.66666666666666,63.333333333333258],"id":"film-title","preferredBodyPoints":53,"time":1790872660.5396829,"uptime":1240036.6101001021}
SETUP_PROBE {"appearance":"light","dynamicTypeSize":"accessibility5","frame":[60,203.33333333333326,308,63.333333333333371],"id":"silent-capture","preferredBodyPoints":53,"time":1790872660.5397649,"uptime":1240036.6101822101}
SETUP_PROBE {"appearance":"light","dynamicTypeSize":"accessibility5","frame":[32,-14.000000000000114,302.66666666666663,187.33333333333337],"id":"camera-description","preferredBodyPoints":53,"time":1790872660.540314,"uptime":1240036.610732056}
SETUP_PROBE {"appearance":"light","dynamicTypeSize":"accessibility5","frame":[32,296.66666666666663,249.66666666666663,125.33333333333337],"id":"orientation-label","preferredBodyPoints":53,"time":1790872660.540422,"uptime":1240036.6108390091}
SETUP_VIEWPORT {"bounds":[0,466.33333333333326,402,708],"containerSize":[402,708],"contentSize":[402,2089.333333333333],"event":"scroll","insets":[70,0,34,0],"offset":[0,466.33333333333326],"time":1790872660.5559039,"uptime":1240036.626324258,"visibleRect":[0,466.33333333333326,402,812]}
SETUP_PROBE {"appearance":"light","dynamicTypeSize":"accessibility5","frame":[32,1606.6666666666667,217.33333333333331,63.333333333333485],"id":"load-film","preferredBodyPoints":53,"time":1790872660.556129,"uptime":1240036.6265466211}
SETUP_PROBE {"appearance":"light","dynamicTypeSize":"accessibility5","frame":[32,831.33333333333348,333.33333333333337,187.33333333333326],"id":"trial-label","preferredBodyPoints":53,"time":1790872660.5562229,"uptime":1240036.626640538}
SETUP_PROBE {"appearance":"light","dynamicTypeSize":"accessibility5","frame":[32,569.66666666666674,199.66666666666666,63.333333333333258],"id":"film-title","preferredBodyPoints":53,"time":1790872660.5563068,"uptime":1240036.6267241}
SETUP_PROBE {"appearance":"light","dynamicTypeSize":"accessibility5","frame":[60,200.66666666666674,308,63.333333333333371],"id":"silent-capture","preferredBodyPoints":53,"time":1790872660.5563869,"uptime":1240036.6268041451}
SETUP_PROBE {"appearance":"light","dynamicTypeSize":"accessibility5","frame":[32,-16.666666666666629,302.66666666666663,187.33333333333337],"id":"camera-description","preferredBodyPoints":53,"time":1790872660.564249,"uptime":1240036.6346707451}
SETUP_PROBE {"appearance":"light","dynamicTypeSize":"accessibility5","frame":[32,294.00000000000011,249.66666666666663,125.33333333333337],"id":"orientation-label","preferredBodyPoints":53,"time":1790872660.5644879,"uptime":1240036.6349062151}
SETUP_VIEWPORT {"bounds":[0,469,402,708],"containerSize":[402,708],"contentSize":[402,2089.333333333333],"event":"scroll","insets":[70,0,34,0],"offset":[0,469],"time":1790872660.5724349,"uptime":1240036.642854016,"visibleRect":[0,469,402,812]}
SETUP_PROBE {"appearance":"light","dynamicTypeSize":"accessibility5","frame":[32,1604,217.33333333333331,63.333333333333485],"id":"load-film","preferredBodyPoints":53,"time":1790872660.572608,"uptime":1240036.643025514}
SETUP_PROBE {"appearance":"light","dynamicTypeSize":"accessibility5","frame":[32,828.66666666666674,333.33333333333337,187.33333333333326],"id":"trial-label","preferredBodyPoints":53,"time":1790872660.57268,"uptime":1240036.6430969501}
SETUP_PROBE {"appearance":"light","dynamicTypeSize":"accessibility5","frame":[32,567,199.66666666666666,63.333333333333258],"id":"film-title","preferredBodyPoints":53,"time":1790872660.572741,"uptime":1240036.6431581771}
SETUP_PROBE {"appearance":"light","dynamicTypeSize":"accessibility5","frame":[60,198,308,63.333333333333371],"id":"silent-capture","preferredBodyPoints":53,"time":1790872660.572799,"uptime":1240036.6432156831}
SETUP_PROBE {"appearance":"light","dynamicTypeSize":"accessibility5","frame":[32,-19.333333333333371,302.66666666666663,187.33333333333337],"id":"camera-description","preferredBodyPoints":53,"time":1790872660.5728559,"uptime":1240036.6432723731}
SETUP_PROBE {"appearance":"light","dynamicTypeSize":"accessibility5","frame":[32,291.33333333333337,249.66666666666663,125.33333333333337],"id":"orientation-label","preferredBodyPoints":53,"time":1790872660.572912,"uptime":1240036.6433291}
SETUP_VIEWPORT {"bounds":[0,471.33333333333326,402,708],"containerSize":[402,708],"contentSize":[402,2089.333333333333],"event":"scroll","insets":[70,0,34,0],"offset":[0,471.33333333333326],"time":1790872660.589294,"uptime":1240036.6597135782,"visibleRect":[0,471.33333333333326,402,812]}
SETUP_PROBE {"appearance":"light","dynamicTypeSize":"accessibility5","frame":[32,1601.6666666666667,217.33333333333331,63.333333333333485],"id":"load-film","preferredBodyPoints":53,"time":1790872660.589478,"uptime":1240036.659895333}
SETUP_PROBE {"appearance":"light","dynamicTypeSize":"accessibility5","frame":[32,826.33333333333348,333.33333333333337,187.33333333333326],"id":"trial-label","preferredBodyPoints":53,"time":1790872660.5895529,"uptime":1240036.659969789}
SETUP_PROBE {"appearance":"light","dynamicTypeSize":"accessibility5","frame":[32,564.66666666666674,199.66666666666666,63.333333333333258],"id":"film-title","preferredBodyPoints":53,"time":1790872660.5896149,"uptime":1240036.6600312521}
SETUP_PROBE {"appearance":"light","dynamicTypeSize":"accessibility5","frame":[60,195.66666666666674,308,63.333333333333371],"id":"silent-capture","preferredBodyPoints":53,"time":1790872660.5896711,"uptime":1240036.6600872651}
SETUP_PROBE {"appearance":"light","dynamicTypeSize":"accessibility5","frame":[32,-21.666666666666629,302.66666666666663,187.33333333333337],"id":"camera-description","preferredBodyPoints":53,"time":1790872660.5897269,"uptime":1240036.660143564}
SETUP_PROBE {"appearance":"light","dynamicTypeSize":"accessibility5","frame":[32,289.00000000000011,249.66666666666663,125.33333333333337],"id":"orientation-label","preferredBodyPoints":53,"time":1790872660.589783,"uptime":1240036.6601999791}
SETUP_VIEWPORT {"bounds":[0,473.66666666666674,402,708],"containerSize":[402,708],"contentSize":[402,2089.333333333333],"event":"scroll","insets":[70,0,34,0],"offset":[0,473.66666666666674],"time":1790872660.606019,"uptime":1240036.676438391,"visibleRect":[0,473.66666666666674,402,812]}
SETUP_PROBE {"appearance":"light","dynamicTypeSize":"accessibility5","frame":[32,1599.3333333333333,217.33333333333331,63.333333333333485],"id":"load-film","preferredBodyPoints":53,"time":1790872660.6062598,"uptime":1240036.676676648}
SETUP_PROBE {"appearance":"light","dynamicTypeSize":"accessibility5","frame":[32,824,333.33333333333337,187.33333333333326],"id":"trial-label","preferredBodyPoints":53,"time":1790872660.6063619,"uptime":1240036.676778465}
SETUP_PROBE {"appearance":"light","dynamicTypeSize":"accessibility5","frame":[32,562.33333333333326,199.66666666666666,63.333333333333258],"id":"film-title","preferredBodyPoints":53,"time":1790872660.606447,"uptime":1240036.676863963}
SETUP_PROBE {"appearance":"light","dynamicTypeSize":"accessibility5","frame":[60,193.33333333333326,308,63.333333333333371],"id":"silent-capture","preferredBodyPoints":53,"time":1790872660.606529,"uptime":1240036.6769451851}
SETUP_PROBE {"appearance":"light","dynamicTypeSize":"accessibility5","frame":[32,-24.000000000000114,302.66666666666663,187.33333333333337],"id":"camera-description","preferredBodyPoints":53,"time":1790872660.613899,"uptime":1240036.6843174521}
SETUP_PROBE {"appearance":"light","dynamicTypeSize":"accessibility5","frame":[32,286.66666666666663,249.66666666666663,125.33333333333337],"id":"orientation-label","preferredBodyPoints":53,"time":1790872660.614054,"uptime":1240036.6844712382}
SETUP_VIEWPORT {"bounds":[0,476,402,708],"containerSize":[402,708],"contentSize":[402,2089.333333333333],"event":"scroll","insets":[70,0,34,0],"offset":[0,476],"time":1790872660.622741,"uptime":1240036.6931598422,"visibleRect":[0,476,402,812]}
SETUP_PROBE {"appearance":"light","dynamicTypeSize":"accessibility5","frame":[32,1597,217.33333333333331,63.333333333333485],"id":"load-film","preferredBodyPoints":53,"time":1790872660.6229739,"uptime":1240036.6933907252}
SETUP_PROBE {"appearance":"light","dynamicTypeSize":"accessibility5","frame":[32,821.66666666666674,333.33333333333337,187.33333333333326],"id":"trial-label","preferredBodyPoints":53,"time":1790872660.623049,"uptime":1240036.6934649081}
SETUP_PROBE {"appearance":"light","dynamicTypeSize":"accessibility5","frame":[32,560,199.66666666666666,63.333333333333258],"id":"film-title","preferredBodyPoints":53,"time":1790872660.6231101,"uptime":1240036.6935258892}
SETUP_PROBE {"appearance":"light","dynamicTypeSize":"accessibility5","frame":[60,191,308,63.333333333333371],"id":"silent-capture","preferredBodyPoints":53,"time":1790872660.6231661,"uptime":1240036.693582739}
SETUP_PROBE {"appearance":"light","dynamicTypeSize":"accessibility5","frame":[32,-26.333333333333371,302.66666666666663,187.33333333333337],"id":"camera-description","preferredBodyPoints":53,"time":1790872660.6232219,"uptime":1240036.6936378342}
SETUP_PROBE {"appearance":"light","dynamicTypeSize":"accessibility5","frame":[32,284.33333333333337,249.66666666666663,125.33333333333337],"id":"orientation-label","preferredBodyPoints":53,"time":1790872660.6232769,"uptime":1240036.6936929091}
SETUP_VIEWPORT {"bounds":[0,478,402,708],"containerSize":[402,708],"contentSize":[402,2089.333333333333],"event":"scroll","insets":[70,0,34,0],"offset":[0,478],"time":1790872660.6391258,"uptime":1240036.7095440121,"visibleRect":[0,478,402,812]}
SETUP_PROBE {"appearance":"light","dynamicTypeSize":"accessibility5","frame":[32,1595,217.33333333333331,63.333333333333485],"id":"load-film","preferredBodyPoints":53,"time":1790872660.639308,"uptime":1240036.7097251071}
SETUP_PROBE {"appearance":"light","dynamicTypeSize":"accessibility5","frame":[32,819.66666666666674,333.33333333333337,187.33333333333326],"id":"trial-label","preferredBodyPoints":53,"time":1790872660.639385,"uptime":1240036.709800957}
SETUP_PROBE {"appearance":"light","dynamicTypeSize":"accessibility5","frame":[32,558,199.66666666666666,63.333333333333258],"id":"film-title","preferredBodyPoints":53,"time":1790872660.639447,"uptime":1240036.7098632231}
SETUP_PROBE {"appearance":"light","dynamicTypeSize":"accessibility5","frame":[60,189,308,63.333333333333371],"id":"silent-capture","preferredBodyPoints":53,"time":1790872660.639508,"uptime":1240036.7099239121}
SETUP_PROBE {"appearance":"light","dynamicTypeSize":"accessibility5","frame":[32,-28.333333333333371,302.66666666666663,187.33333333333337],"id":"camera-description","preferredBodyPoints":53,"time":1790872660.639564,"uptime":1240036.7099806191}
SETUP_PROBE {"appearance":"light","dynamicTypeSize":"accessibility5","frame":[32,282.33333333333337,249.66666666666663,125.33333333333337],"id":"orientation-label","preferredBodyPoints":53,"time":1790872660.6396232,"uptime":1240036.7100394701}
SETUP_VIEWPORT {"bounds":[0,480.33333333333326,402,708],"containerSize":[402,708],"contentSize":[402,2089.333333333333],"event":"scroll","insets":[70,0,34,0],"offset":[0,480.33333333333326],"time":1790872660.6559281,"uptime":1240036.726345835,"visibleRect":[0,480.33333333333326,402,812]}
SETUP_PROBE {"appearance":"light","dynamicTypeSize":"accessibility5","frame":[32,1592.6666666666667,217.33333333333331,63.333333333333485],"id":"load-film","preferredBodyPoints":53,"time":1790872660.656141,"uptime":1240036.726557187}
SETUP_PROBE {"appearance":"light","dynamicTypeSize":"accessibility5","frame":[32,817.33333333333348,333.33333333333337,187.33333333333326],"id":"trial-label","preferredBodyPoints":53,"time":1790872660.656235,"uptime":1240036.7266514022}
SETUP_PROBE {"appearance":"light","dynamicTypeSize":"accessibility5","frame":[32,555.66666666666674,199.66666666666666,63.333333333333258],"id":"film-title","preferredBodyPoints":53,"time":1790872660.6563191,"uptime":1240036.7267351591}
SETUP_PROBE {"appearance":"light","dynamicTypeSize":"accessibility5","frame":[60,186.66666666666674,308,63.333333333333371],"id":"silent-capture","preferredBodyPoints":53,"time":1790872660.656399,"uptime":1240036.7268150311}
SETUP_PROBE {"appearance":"light","dynamicTypeSize":"accessibility5","frame":[32,-30.666666666666629,302.66666666666663,187.33333333333337],"id":"camera-description","preferredBodyPoints":53,"time":1790872660.6626658,"uptime":1240036.7330829981}
SETUP_PROBE {"appearance":"light","dynamicTypeSize":"accessibility5","frame":[32,280.00000000000011,249.66666666666663,125.33333333333337],"id":"orientation-label","preferredBodyPoints":53,"time":1790872660.6627979,"uptime":1240036.7332146331}
SETUP_VIEWPORT {"bounds":[0,482.33333333333326,402,708],"containerSize":[402,708],"contentSize":[402,2089.333333333333],"event":"scroll","insets":[70,0,34,0],"offset":[0,482.33333333333326],"time":1790872660.6727118,"uptime":1240036.7431300371,"visibleRect":[0,482.33333333333326,402,812]}
SETUP_PROBE {"appearance":"light","dynamicTypeSize":"accessibility5","frame":[32,1590.6666666666667,217.33333333333331,63.333333333333485],"id":"load-film","preferredBodyPoints":53,"time":1790872660.6729431,"uptime":1240036.7433595601}
SETUP_PROBE {"appearance":"light","dynamicTypeSize":"accessibility5","frame":[32,815.33333333333348,333.33333333333337,187.33333333333326],"id":"trial-label","preferredBodyPoints":53,"time":1790872660.673054,"uptime":1240036.743469577}
SETUP_PROBE {"appearance":"light","dynamicTypeSize":"accessibility5","frame":[32,553.66666666666674,199.66666666666666,63.333333333333258],"id":"film-title","preferredBodyPoints":53,"time":1790872660.6731491,"uptime":1240036.743564764}
SETUP_PROBE {"appearance":"light","dynamicTypeSize":"accessibility5","frame":[60,184.66666666666674,308,63.333333333333371],"id":"silent-capture","preferredBodyPoints":53,"time":1790872660.6732359,"uptime":1240036.7436518671}
SETUP_PROBE {"appearance":"light","dynamicTypeSize":"accessibility5","frame":[32,-32.666666666666629,302.66666666666663,187.33333333333337],"id":"camera-description","preferredBodyPoints":53,"time":1790872660.6748271,"uptime":1240036.745243611}
SETUP_PROBE {"appearance":"light","dynamicTypeSize":"accessibility5","frame":[32,278.00000000000011,249.66666666666663,125.33333333333337],"id":"orientation-label","preferredBodyPoints":53,"time":1790872660.6749239,"uptime":1240036.7453398851}
SETUP_VIEWPORT {"bounds":[0,484.33333333333326,402,708],"containerSize":[402,708],"contentSize":[402,2089.333333333333],"event":"scroll","insets":[70,0,34,0],"offset":[0,484.33333333333326],"time":1790872660.6891689,"uptime":1240036.7595875191,"visibleRect":[0,484.33333333333326,402,812]}
SETUP_PROBE {"appearance":"light","dynamicTypeSize":"accessibility5","frame":[32,1588.6666666666667,217.33333333333331,63.333333333333485],"id":"load-film","preferredBodyPoints":53,"time":1790872660.689348,"uptime":1240036.7597649661}
SETUP_PROBE {"appearance":"light","dynamicTypeSize":"accessibility5","frame":[32,813.33333333333348,333.33333333333337,187.33333333333326],"id":"trial-label","preferredBodyPoints":53,"time":1790872660.689429,"uptime":1240036.7598451281}
SETUP_PROBE {"appearance":"light","dynamicTypeSize":"accessibility5","frame":[32,551.66666666666674,199.66666666666666,63.333333333333258],"id":"film-title","preferredBodyPoints":53,"time":1790872660.689492,"uptime":1240036.7599074771}
SETUP_PROBE {"appearance":"light","dynamicTypeSize":"accessibility5","frame":[60,182.66666666666674,308,63.333333333333371],"id":"silent-capture","preferredBodyPoints":53,"time":1790872660.6895518,"uptime":1240036.759967234}
SETUP_PROBE {"appearance":"light","dynamicTypeSize":"accessibility5","frame":[32,-34.666666666666629,302.66666666666663,187.33333333333337],"id":"camera-description","preferredBodyPoints":53,"time":1790872660.68961,"uptime":1240036.760025487}
SETUP_PROBE {"appearance":"light","dynamicTypeSize":"accessibility5","frame":[32,276.00000000000011,249.66666666666663,125.33333333333337],"id":"orientation-label","preferredBodyPoints":53,"time":1790872660.689667,"uptime":1240036.7600823531}
SETUP_VIEWPORT {"bounds":[0,486.33333333333326,402,708],"containerSize":[402,708],"contentSize":[402,2089.333333333333],"event":"scroll","insets":[70,0,34,0],"offset":[0,486.33333333333326],"time":1790872660.7059889,"uptime":1240036.7764064211,"visibleRect":[0,486.33333333333326,402,812]}
SETUP_PROBE {"appearance":"light","dynamicTypeSize":"accessibility5","frame":[32,1586.6666666666667,217.33333333333331,63.333333333333485],"id":"load-film","preferredBodyPoints":53,"time":1790872660.7062171,"uptime":1240036.7766327341}
SETUP_PROBE {"appearance":"light","dynamicTypeSize":"accessibility5","frame":[32,811.33333333333348,333.33333333333337,187.33333333333326],"id":"trial-label","preferredBodyPoints":53,"time":1790872660.706321,"uptime":1240036.7767362311}
SETUP_PROBE {"appearance":"light","dynamicTypeSize":"accessibility5","frame":[32,549.66666666666674,199.66666666666666,63.333333333333258],"id":"film-title","preferredBodyPoints":53,"time":1790872660.7064109,"uptime":1240036.7768266331}
SETUP_PROBE {"appearance":"light","dynamicTypeSize":"accessibility5","frame":[60,180.66666666666674,308,63.333333333333371],"id":"silent-capture","preferredBodyPoints":53,"time":1790872660.706496,"uptime":1240036.7769119751}
SETUP_PROBE {"appearance":"light","dynamicTypeSize":"accessibility5","frame":[32,-36.666666666666629,302.66666666666663,187.33333333333337],"id":"camera-description","preferredBodyPoints":53,"time":1790872660.7143331,"uptime":1240036.7847531592}
SETUP_PROBE {"appearance":"light","dynamicTypeSize":"accessibility5","frame":[32,274.00000000000011,249.66666666666663,125.33333333333337],"id":"orientation-label","preferredBodyPoints":53,"time":1790872660.714596,"uptime":1240036.7850117411}
SETUP_VIEWPORT {"bounds":[0,488,402,708],"containerSize":[402,708],"contentSize":[402,2089.333333333333],"event":"scroll","insets":[70,0,34,0],"offset":[0,488],"time":1790872660.7227221,"uptime":1240036.793140182,"visibleRect":[0,488,402,812]}
SETUP_PROBE {"appearance":"light","dynamicTypeSize":"accessibility5","frame":[32,1585,217.33333333333331,63.333333333333485],"id":"load-film","preferredBodyPoints":53,"time":1790872660.722975,"uptime":1240036.7933904352}
SETUP_PROBE {"appearance":"light","dynamicTypeSize":"accessibility5","frame":[32,809.66666666666674,333.33333333333337,187.33333333333326],"id":"trial-label","preferredBodyPoints":53,"time":1790872660.723084,"uptime":1240036.7934999971}
SETUP_PROBE {"appearance":"light","dynamicTypeSize":"accessibility5","frame":[32,548,199.66666666666666,63.333333333333258],"id":"film-title","preferredBodyPoints":53,"time":1790872660.723175,"uptime":1240036.793590202}
SETUP_PROBE {"appearance":"light","dynamicTypeSize":"accessibility5","frame":[60,179,308,63.333333333333371],"id":"silent-capture","preferredBodyPoints":53,"time":1790872660.723238,"uptime":1240036.7936530721}
SETUP_PROBE {"appearance":"light","dynamicTypeSize":"accessibility5","frame":[32,-38.333333333333371,302.66666666666663,187.33333333333337],"id":"camera-description","preferredBodyPoints":53,"time":1790872660.7232971,"uptime":1240036.7937123331}
SETUP_PROBE {"appearance":"light","dynamicTypeSize":"accessibility5","frame":[32,272.33333333333337,249.66666666666663,125.33333333333337],"id":"orientation-label","preferredBodyPoints":53,"time":1790872660.7233691,"uptime":1240036.793783996}
SETUP_VIEWPORT {"bounds":[0,490,402,708],"containerSize":[402,708],"contentSize":[402,2089.333333333333],"event":"scroll","insets":[70,0,34,0],"offset":[0,490],"time":1790872660.739331,"uptime":1240036.8097481232,"visibleRect":[0,490,402,812]}
SETUP_PROBE {"appearance":"light","dynamicTypeSize":"accessibility5","frame":[32,1583,217.33333333333331,63.333333333333485],"id":"load-film","preferredBodyPoints":53,"time":1790872660.7395129,"uptime":1240036.8099287532}
SETUP_PROBE {"appearance":"light","dynamicTypeSize":"accessibility5","frame":[32,807.66666666666674,333.33333333333337,187.33333333333326],"id":"trial-label","preferredBodyPoints":53,"time":1790872660.739593,"uptime":1240036.8100087161}
SETUP_PROBE {"appearance":"light","dynamicTypeSize":"accessibility5","frame":[32,546,199.66666666666666,63.333333333333258],"id":"film-title","preferredBodyPoints":53,"time":1790872660.7396622,"uptime":1240036.8100768542}
SETUP_PROBE {"appearance":"light","dynamicTypeSize":"accessibility5","frame":[60,177,308,63.333333333333371],"id":"silent-capture","preferredBodyPoints":53,"time":1790872660.7397251,"uptime":1240036.8101400991}
SETUP_PROBE {"appearance":"light","dynamicTypeSize":"accessibility5","frame":[32,-40.333333333333371,302.66666666666663,187.33333333333337],"id":"camera-description","preferredBodyPoints":53,"time":1790872660.7397861,"uptime":1240036.8102014891}
SETUP_PROBE {"appearance":"light","dynamicTypeSize":"accessibility5","frame":[32,270.33333333333337,249.66666666666663,125.33333333333337],"id":"orientation-label","preferredBodyPoints":53,"time":1790872660.739867,"uptime":1240036.810282575}
SETUP_VIEWPORT {"bounds":[0,491.66666666666674,402,708],"containerSize":[402,708],"contentSize":[402,2089.333333333333],"event":"scroll","insets":[70,0,34,0],"offset":[0,491.66666666666674],"time":1790872660.7556849,"uptime":1240036.82610246,"visibleRect":[0,491.66666666666674,402,812]}
SETUP_PROBE {"appearance":"light","dynamicTypeSize":"accessibility5","frame":[32,1581.3333333333333,217.33333333333331,63.333333333333485],"id":"load-film","preferredBodyPoints":53,"time":1790872660.755856,"uptime":1240036.826271435}
SETUP_PROBE {"appearance":"light","dynamicTypeSize":"accessibility5","frame":[32,806,333.33333333333337,187.33333333333326],"id":"trial-label","preferredBodyPoints":53,"time":1790872660.755933,"uptime":1240036.8263476072}
SETUP_PROBE {"appearance":"light","dynamicTypeSize":"accessibility5","frame":[32,544.33333333333326,199.66666666666666,63.333333333333258],"id":"film-title","preferredBodyPoints":53,"time":1790872660.755996,"uptime":1240036.826411132}
SETUP_PROBE {"appearance":"light","dynamicTypeSize":"accessibility5","frame":[60,175.33333333333326,308,63.333333333333371],"id":"silent-capture","preferredBodyPoints":53,"time":1790872660.7560558,"uptime":1240036.8264708831}
SETUP_PROBE {"appearance":"light","dynamicTypeSize":"accessibility5","frame":[32,-42.000000000000114,302.66666666666663,187.33333333333337],"id":"camera-description","preferredBodyPoints":53,"time":1790872660.756115,"uptime":1240036.8265297031}
SETUP_PROBE {"appearance":"light","dynamicTypeSize":"accessibility5","frame":[32,268.66666666666663,249.66666666666663,125.33333333333337],"id":"orientation-label","preferredBodyPoints":53,"time":1790872660.7561731,"uptime":1240036.8265884412}
SETUP_VIEWPORT {"bounds":[0,493.33333333333326,402,708],"containerSize":[402,708],"contentSize":[402,2089.333333333333],"event":"scroll","insets":[70,0,34,0],"offset":[0,493.33333333333326],"time":1790872660.772382,"uptime":1240036.8427986281,"visibleRect":[0,493.33333333333326,402,812]}
SETUP_PROBE {"appearance":"light","dynamicTypeSize":"accessibility5","frame":[32,1579.6666666666667,217.33333333333331,63.333333333333485],"id":"load-film","preferredBodyPoints":53,"time":1790872660.7725539,"uptime":1240036.8429688681}
SETUP_PROBE {"appearance":"light","dynamicTypeSize":"accessibility5","frame":[32,804.33333333333348,333.33333333333337,187.33333333333326],"id":"trial-label","preferredBodyPoints":53,"time":1790872660.7726278,"uptime":1240036.8430426691}
SETUP_PROBE {"appearance":"light","dynamicTypeSize":"accessibility5","frame":[32,542.66666666666674,199.66666666666666,63.333333333333258],"id":"film-title","preferredBodyPoints":53,"time":1790872660.7726901,"uptime":1240036.8431051581}
SETUP_PROBE {"appearance":"light","dynamicTypeSize":"accessibility5","frame":[60,173.66666666666674,308,63.333333333333371],"id":"silent-capture","preferredBodyPoints":53,"time":1790872660.7727489,"uptime":1240036.843163965}
SETUP_PROBE {"appearance":"light","dynamicTypeSize":"accessibility5","frame":[32,-43.666666666666629,302.66666666666663,187.33333333333337],"id":"camera-description","preferredBodyPoints":53,"time":1790872660.7728062,"uptime":1240036.843221148}
SETUP_PROBE {"appearance":"light","dynamicTypeSize":"accessibility5","frame":[32,267.00000000000011,249.66666666666663,125.33333333333337],"id":"orientation-label","preferredBodyPoints":53,"time":1790872660.772866,"uptime":1240036.8432806102}
SETUP_VIEWPORT {"bounds":[0,495,402,708],"containerSize":[402,708],"contentSize":[402,2089.333333333333],"event":"scroll","insets":[70,0,34,0],"offset":[0,495],"time":1790872660.7890639,"uptime":1240036.859480032,"visibleRect":[0,495,402,812]}
SETUP_PROBE {"appearance":"light","dynamicTypeSize":"accessibility5","frame":[32,1578,217.33333333333331,63.333333333333485],"id":"load-film","preferredBodyPoints":53,"time":1790872660.7892308,"uptime":1240036.859645335}
SETUP_PROBE {"appearance":"light","dynamicTypeSize":"accessibility5","frame":[32,802.66666666666674,333.33333333333337,187.33333333333326],"id":"trial-label","preferredBodyPoints":53,"time":1790872660.789305,"uptime":1240036.8597200972}
SETUP_PROBE {"appearance":"light","dynamicTypeSize":"accessibility5","frame":[32,541,199.66666666666666,63.333333333333258],"id":"film-title","preferredBodyPoints":53,"time":1790872660.789377,"uptime":1240036.8597915792}
SETUP_PROBE {"appearance":"light","dynamicTypeSize":"accessibility5","frame":[60,172,308,63.333333333333371],"id":"silent-capture","preferredBodyPoints":53,"time":1790872660.789438,"uptime":1240036.859852388}
SETUP_PROBE {"appearance":"light","dynamicTypeSize":"accessibility5","frame":[32,-45.333333333333371,302.66666666666663,187.33333333333337],"id":"camera-description","preferredBodyPoints":53,"time":1790872660.7894969,"uptime":1240036.859911998}
SETUP_PROBE {"appearance":"light","dynamicTypeSize":"accessibility5","frame":[32,265.33333333333337,249.66666666666663,125.33333333333337],"id":"orientation-label","preferredBodyPoints":53,"time":1790872660.7895579,"uptime":1240036.859972547}
SETUP_VIEWPORT {"bounds":[0,496.66666666666674,402,708],"containerSize":[402,708],"contentSize":[402,2089.333333333333],"event":"scroll","insets":[70,0,34,0],"offset":[0,496.66666666666674],"time":1790872660.8057098,"uptime":1240036.876126047,"visibleRect":[0,496.66666666666674,402,812]}
SETUP_PROBE {"appearance":"light","dynamicTypeSize":"accessibility5","frame":[32,1576.3333333333333,217.33333333333331,63.333333333333485],"id":"load-film","preferredBodyPoints":53,"time":1790872660.8058801,"uptime":1240036.87629431}
SETUP_PROBE {"appearance":"light","dynamicTypeSize":"accessibility5","frame":[32,801,333.33333333333337,187.33333333333326],"id":"trial-label","preferredBodyPoints":53,"time":1790872660.8059502,"uptime":1240036.8763648742}
SETUP_PROBE {"appearance":"light","dynamicTypeSize":"accessibility5","frame":[32,539.33333333333326,199.66666666666666,63.333333333333258],"id":"film-title","preferredBodyPoints":53,"time":1790872660.8060122,"uptime":1240036.8764264071}
SETUP_PROBE {"appearance":"light","dynamicTypeSize":"accessibility5","frame":[60,170.33333333333326,308,63.333333333333371],"id":"silent-capture","preferredBodyPoints":53,"time":1790872660.8060699,"uptime":1240036.8764848141}
SETUP_PROBE {"appearance":"light","dynamicTypeSize":"accessibility5","frame":[32,-47.000000000000114,302.66666666666663,187.33333333333337],"id":"camera-description","preferredBodyPoints":53,"time":1790872660.806134,"uptime":1240036.8765485461}
SETUP_PROBE {"appearance":"light","dynamicTypeSize":"accessibility5","frame":[32,263.66666666666663,249.66666666666663,125.33333333333337],"id":"orientation-label","preferredBodyPoints":53,"time":1790872660.8061938,"uptime":1240036.8766086141}
SETUP_VIEWPORT {"bounds":[0,498,402,708],"containerSize":[402,708],"contentSize":[402,2089.333333333333],"event":"scroll","insets":[70,0,34,0],"offset":[0,498],"time":1790872660.8226318,"uptime":1240036.8930487782,"visibleRect":[0,498,402,812]}
SETUP_PROBE {"appearance":"light","dynamicTypeSize":"accessibility5","frame":[32,1575,217.33333333333331,63.333333333333485],"id":"load-film","preferredBodyPoints":53,"time":1790872660.82285,"uptime":1240036.8932646802}
SETUP_PROBE {"appearance":"light","dynamicTypeSize":"accessibility5","frame":[32,799.66666666666674,333.33333333333337,187.33333333333326],"id":"trial-label","preferredBodyPoints":53,"time":1790872660.8229499,"uptime":1240036.8933646751}
SETUP_PROBE {"appearance":"light","dynamicTypeSize":"accessibility5","frame":[32,538,199.66666666666666,63.333333333333258],"id":"film-title","preferredBodyPoints":53,"time":1790872660.8230391,"uptime":1240036.8934536621}
SETUP_PROBE {"appearance":"light","dynamicTypeSize":"accessibility5","frame":[60,169,308,63.333333333333371],"id":"silent-capture","preferredBodyPoints":53,"time":1790872660.823123,"uptime":1240036.8935369481}
SETUP_PROBE {"appearance":"light","dynamicTypeSize":"accessibility5","frame":[32,-48.333333333333371,302.66666666666663,187.33333333333337],"id":"camera-description","preferredBodyPoints":53,"time":1790872660.823205,"uptime":1240036.8936195911}
SETUP_PROBE {"appearance":"light","dynamicTypeSize":"accessibility5","frame":[32,262.33333333333337,249.66666666666663,125.33333333333337],"id":"orientation-label","preferredBodyPoints":53,"time":1790872660.8232889,"uptime":1240036.8937037941}
SETUP_VIEWPORT {"bounds":[0,499.66666666666674,402,708],"containerSize":[402,708],"contentSize":[402,2089.333333333333],"event":"scroll","insets":[70,0,34,0],"offset":[0,499.66666666666674],"time":1790872660.8392072,"uptime":1240036.909623296,"visibleRect":[0,499.66666666666674,402,812]}
SETUP_PROBE {"appearance":"light","dynamicTypeSize":"accessibility5","frame":[32,1573.3333333333333,217.33333333333331,63.333333333333485],"id":"load-film","preferredBodyPoints":53,"time":1790872660.8393841,"uptime":1240036.9097983402}
SETUP_PROBE {"appearance":"light","dynamicTypeSize":"accessibility5","frame":[32,798,333.33333333333337,187.33333333333326],"id":"trial-label","preferredBodyPoints":53,"time":1790872660.8394589,"uptime":1240036.9098733531}
SETUP_PROBE {"appearance":"light","dynamicTypeSize":"accessibility5","frame":[32,536.33333333333326,199.66666666666666,63.333333333333258],"id":"film-title","preferredBodyPoints":53,"time":1790872660.8395209,"uptime":1240036.9099354711}
SETUP_PROBE {"appearance":"light","dynamicTypeSize":"accessibility5","frame":[60,167.33333333333326,308,63.333333333333371],"id":"silent-capture","preferredBodyPoints":53,"time":1790872660.839581,"uptime":1240036.909994978}
SETUP_PROBE {"appearance":"light","dynamicTypeSize":"accessibility5","frame":[32,-50.000000000000114,302.66666666666663,187.33333333333337],"id":"camera-description","preferredBodyPoints":53,"time":1790872660.8396401,"uptime":1240036.910053944}
SETUP_PROBE {"appearance":"light","dynamicTypeSize":"accessibility5","frame":[32,260.66666666666663,249.66666666666663,125.33333333333337],"id":"orientation-label","preferredBodyPoints":53,"time":1790872660.839699,"uptime":1240036.9101129752}
SETUP_VIEWPORT {"bounds":[0,501,402,708],"containerSize":[402,708],"contentSize":[402,2089.333333333333],"event":"scroll","insets":[70,0,34,0],"offset":[0,501],"time":1790872660.8556859,"uptime":1240036.9261016811,"visibleRect":[0,501,402,812]}
SETUP_PROBE {"appearance":"light","dynamicTypeSize":"accessibility5","frame":[32,1572,217.33333333333331,63.333333333333485],"id":"load-film","preferredBodyPoints":53,"time":1790872660.8558478,"uptime":1240036.926261727}
SETUP_PROBE {"appearance":"light","dynamicTypeSize":"accessibility5","frame":[32,796.66666666666674,333.33333333333337,187.33333333333326],"id":"trial-label","preferredBodyPoints":53,"time":1790872660.855921,"uptime":1240036.9263346451}
SETUP_PROBE {"appearance":"light","dynamicTypeSize":"accessibility5","frame":[32,535,199.66666666666666,63.333333333333258],"id":"film-title","preferredBodyPoints":53,"time":1790872660.855983,"uptime":1240036.9263966801}
SETUP_PROBE {"appearance":"light","dynamicTypeSize":"accessibility5","frame":[60,166,308,63.333333333333371],"id":"silent-capture","preferredBodyPoints":53,"time":1790872660.85604,"uptime":1240036.9264537471}
SETUP_PROBE {"appearance":"light","dynamicTypeSize":"accessibility5","frame":[32,-51.333333333333371,302.66666666666663,187.33333333333337],"id":"camera-description","preferredBodyPoints":53,"time":1790872660.856096,"uptime":1240036.92651008}
SETUP_PROBE {"appearance":"light","dynamicTypeSize":"accessibility5","frame":[32,259.33333333333337,249.66666666666663,125.33333333333337],"id":"orientation-label","preferredBodyPoints":53,"time":1790872660.856154,"uptime":1240036.9265678101}
SETUP_VIEWPORT {"bounds":[0,502.33333333333326,402,708],"containerSize":[402,708],"contentSize":[402,2089.333333333333],"event":"scroll","insets":[70,0,34,0],"offset":[0,502.33333333333326],"time":1790872660.8726649,"uptime":1240036.943081229,"visibleRect":[0,502.33333333333326,402,812]}
SETUP_PROBE {"appearance":"light","dynamicTypeSize":"accessibility5","frame":[32,1570.6666666666667,217.33333333333331,63.333333333333485],"id":"load-film","preferredBodyPoints":53,"time":1790872660.8729,"uptime":1240036.9433137481}
SETUP_PROBE {"appearance":"light","dynamicTypeSize":"accessibility5","frame":[32,795.33333333333348,333.33333333333337,187.33333333333326],"id":"trial-label","preferredBodyPoints":53,"time":1790872660.8730071,"uptime":1240036.9434212812}
SETUP_PROBE {"appearance":"light","dynamicTypeSize":"accessibility5","frame":[32,533.66666666666674,199.66666666666666,63.333333333333258],"id":"film-title","preferredBodyPoints":53,"time":1790872660.8730989,"uptime":1240036.943513117}
SETUP_PROBE {"appearance":"light","dynamicTypeSize":"accessibility5","frame":[60,164.66666666666674,308,63.333333333333371],"id":"silent-capture","preferredBodyPoints":53,"time":1790872660.8731852,"uptime":1240036.9435988232}
SETUP_PROBE {"appearance":"light","dynamicTypeSize":"accessibility5","frame":[32,-52.666666666666629,302.66666666666663,187.33333333333337],"id":"camera-description","preferredBodyPoints":53,"time":1790872660.8735099,"uptime":1240036.9439248221}
SETUP_PROBE {"appearance":"light","dynamicTypeSize":"accessibility5","frame":[32,258.00000000000011,249.66666666666663,125.33333333333337],"id":"orientation-label","preferredBodyPoints":53,"time":1790872660.873632,"uptime":1240036.9440462941}
SETUP_VIEWPORT {"bounds":[0,503.66666666666674,402,708],"containerSize":[402,708],"contentSize":[402,2089.333333333333],"event":"scroll","insets":[70,0,34,0],"offset":[0,503.66666666666674],"time":1790872660.8891311,"uptime":1240036.959546925,"visibleRect":[0,503.66666666666674,402,812]}
SETUP_PROBE {"appearance":"light","dynamicTypeSize":"accessibility5","frame":[32,1569.3333333333333,217.33333333333331,63.333333333333485],"id":"load-film","preferredBodyPoints":53,"time":1790872660.8893209,"uptime":1240036.9597353202}
SETUP_PROBE {"appearance":"light","dynamicTypeSize":"accessibility5","frame":[32,794,333.33333333333337,187.33333333333326],"id":"trial-label","preferredBodyPoints":53,"time":1790872660.8894029,"uptime":1240036.95981642}
SETUP_PROBE {"appearance":"light","dynamicTypeSize":"accessibility5","frame":[32,532.33333333333326,199.66666666666666,63.333333333333258],"id":"film-title","preferredBodyPoints":53,"time":1790872660.8894649,"uptime":1240036.959878555}
SETUP_PROBE {"appearance":"light","dynamicTypeSize":"accessibility5","frame":[60,163.33333333333326,308,63.333333333333371],"id":"silent-capture","preferredBodyPoints":53,"time":1790872660.889524,"uptime":1240036.9599376242}
SETUP_PROBE {"appearance":"light","dynamicTypeSize":"accessibility5","frame":[32,-54.000000000000114,302.66666666666663,187.33333333333337],"id":"camera-description","preferredBodyPoints":53,"time":1790872660.8895841,"uptime":1240036.959997437}
SETUP_PROBE {"appearance":"light","dynamicTypeSize":"accessibility5","frame":[32,256.66666666666663,249.66666666666663,125.33333333333337],"id":"orientation-label","preferredBodyPoints":53,"time":1790872660.889641,"uptime":1240036.9600540691}
SETUP_VIEWPORT {"bounds":[0,505,402,708],"containerSize":[402,708],"contentSize":[402,2089.333333333333],"event":"scroll","insets":[70,0,34,0],"offset":[0,505],"time":1790872660.9058661,"uptime":1240036.976282388,"visibleRect":[0,505,402,812]}
SETUP_PROBE {"appearance":"light","dynamicTypeSize":"accessibility5","frame":[32,1568,217.33333333333331,63.333333333333485],"id":"load-film","preferredBodyPoints":53,"time":1790872660.9060841,"uptime":1240036.97649772}
SETUP_PROBE {"appearance":"light","dynamicTypeSize":"accessibility5","frame":[32,792.66666666666674,333.33333333333337,187.33333333333326],"id":"trial-label","preferredBodyPoints":53,"time":1790872660.906188,"uptime":1240036.97660124}
SETUP_PROBE {"appearance":"light","dynamicTypeSize":"accessibility5","frame":[32,531,199.66666666666666,63.333333333333258],"id":"film-title","preferredBodyPoints":53,"time":1790872660.9062781,"uptime":1240036.9766914551}
SETUP_PROBE {"appearance":"light","dynamicTypeSize":"accessibility5","frame":[60,162,308,63.333333333333371],"id":"silent-capture","preferredBodyPoints":53,"time":1790872660.906364,"uptime":1240036.97677729}
SETUP_PROBE {"appearance":"light","dynamicTypeSize":"accessibility5","frame":[32,-55.333333333333371,302.66666666666663,187.33333333333337],"id":"camera-description","preferredBodyPoints":53,"time":1790872660.9082022,"uptime":1240036.9786165701}
SETUP_PROBE {"appearance":"light","dynamicTypeSize":"accessibility5","frame":[32,255.33333333333337,249.66666666666663,125.33333333333337],"id":"orientation-label","preferredBodyPoints":53,"time":1790872660.908325,"uptime":1240036.978738683}
SETUP_VIEWPORT {"bounds":[0,506.33333333333326,402,708],"containerSize":[402,708],"contentSize":[402,2089.333333333333],"event":"scroll","insets":[70,0,34,0],"offset":[0,506.33333333333326],"time":1790872660.9226642,"uptime":1240036.9930801741,"visibleRect":[0,506.33333333333326,402,812]}
SETUP_PROBE {"appearance":"light","dynamicTypeSize":"accessibility5","frame":[32,1566.6666666666667,217.33333333333331,63.333333333333485],"id":"load-film","preferredBodyPoints":53,"time":1790872660.92291,"uptime":1240036.99332386}
SETUP_PROBE {"appearance":"light","dynamicTypeSize":"accessibility5","frame":[32,791.33333333333348,333.33333333333337,187.33333333333326],"id":"trial-label","preferredBodyPoints":53,"time":1790872660.9230208,"uptime":1240036.9934348001}
SETUP_PROBE {"appearance":"light","dynamicTypeSize":"accessibility5","frame":[32,529.66666666666674,199.66666666666666,63.333333333333258],"id":"film-title","preferredBodyPoints":53,"time":1790872660.923111,"uptime":1240036.9935245551}
SETUP_PROBE {"appearance":"light","dynamicTypeSize":"accessibility5","frame":[60,160.66666666666674,308,63.333333333333371],"id":"silent-capture","preferredBodyPoints":53,"time":1790872660.9231958,"uptime":1240036.9936093772}
SETUP_PROBE {"appearance":"light","dynamicTypeSize":"accessibility5","frame":[32,-56.666666666666629,302.66666666666663,187.33333333333337],"id":"camera-description","preferredBodyPoints":53,"time":1790872660.92328,"uptime":1240036.9936934272}
SETUP_PROBE {"appearance":"light","dynamicTypeSize":"accessibility5","frame":[32,254.00000000000011,249.66666666666663,125.33333333333337],"id":"orientation-label","preferredBodyPoints":53,"time":1790872660.9236789,"uptime":1240036.9940928081}
SETUP_VIEWPORT {"bounds":[0,507.33333333333326,402,708],"containerSize":[402,708],"contentSize":[402,2089.333333333333],"event":"scroll","insets":[70,0,34,0],"offset":[0,507.33333333333326],"time":1790872660.9392471,"uptime":1240037.00966178,"visibleRect":[0,507.33333333333326,402,812]}
SETUP_PROBE {"appearance":"light","dynamicTypeSize":"accessibility5","frame":[32,1565.6666666666667,217.33333333333331,63.333333333333485],"id":"load-film","preferredBodyPoints":53,"time":1790872660.939431,"uptime":1240037.009844674}
SETUP_PROBE {"appearance":"light","dynamicTypeSize":"accessibility5","frame":[32,790.33333333333348,333.33333333333337,187.33333333333326],"id":"trial-label","preferredBodyPoints":53,"time":1790872660.939513,"uptime":1240037.009925653}
SETUP_PROBE {"appearance":"light","dynamicTypeSize":"accessibility5","frame":[32,528.66666666666674,199.66666666666666,63.333333333333258],"id":"film-title","preferredBodyPoints":53,"time":1790872660.9395761,"uptime":1240037.0099889031}
SETUP_PROBE {"appearance":"light","dynamicTypeSize":"accessibility5","frame":[60,159.66666666666674,308,63.333333333333371],"id":"silent-capture","preferredBodyPoints":53,"time":1790872660.939635,"uptime":1240037.0100480351}
SETUP_PROBE {"appearance":"light","dynamicTypeSize":"accessibility5","frame":[32,-57.666666666666629,302.66666666666663,187.33333333333337],"id":"camera-description","preferredBodyPoints":53,"time":1790872660.939693,"uptime":1240037.0101065501}
SETUP_PROBE {"appearance":"light","dynamicTypeSize":"accessibility5","frame":[32,253.00000000000011,249.66666666666663,125.33333333333337],"id":"orientation-label","preferredBodyPoints":53,"time":1790872660.9397521,"uptime":1240037.010165408}
SETUP_VIEWPORT {"bounds":[0,508.66666666666674,402,708],"containerSize":[402,708],"contentSize":[402,2089.333333333333],"event":"scroll","insets":[70,0,34,0],"offset":[0,508.66666666666674],"time":1790872660.955682,"uptime":1240037.0260968881,"visibleRect":[0,508.66666666666674,402,812]}
SETUP_PROBE {"appearance":"light","dynamicTypeSize":"accessibility5","frame":[32,1564.3333333333333,217.33333333333331,63.333333333333485],"id":"load-film","preferredBodyPoints":53,"time":1790872660.9558511,"uptime":1240037.026263807}
SETUP_PROBE {"appearance":"light","dynamicTypeSize":"accessibility5","frame":[32,789,333.33333333333337,187.33333333333326],"id":"trial-label","preferredBodyPoints":53,"time":1790872660.955924,"uptime":1240037.026337215}
SETUP_PROBE {"appearance":"light","dynamicTypeSize":"accessibility5","frame":[32,527.33333333333326,199.66666666666666,63.333333333333258],"id":"film-title","preferredBodyPoints":53,"time":1790872660.955987,"uptime":1240037.0263996092}
SETUP_PROBE {"appearance":"light","dynamicTypeSize":"accessibility5","frame":[60,158.33333333333326,308,63.333333333333371],"id":"silent-capture","preferredBodyPoints":53,"time":1790872660.9560461,"uptime":1240037.0264587791}
SETUP_PROBE {"appearance":"light","dynamicTypeSize":"accessibility5","frame":[32,-59.000000000000114,302.66666666666663,187.33333333333337],"id":"camera-description","preferredBodyPoints":53,"time":1790872660.956104,"uptime":1240037.026516852}
SETUP_PROBE {"appearance":"light","dynamicTypeSize":"accessibility5","frame":[32,251.66666666666663,249.66666666666663,125.33333333333337],"id":"orientation-label","preferredBodyPoints":53,"time":1790872660.956162,"uptime":1240037.0265751001}
SETUP_VIEWPORT {"bounds":[0,509.66666666666674,402,708],"containerSize":[402,708],"contentSize":[402,2089.333333333333],"event":"scroll","insets":[70,0,34,0],"offset":[0,509.66666666666674],"time":1790872660.9726701,"uptime":1240037.043085614,"visibleRect":[0,509.66666666666674,402,812]}
SETUP_PROBE {"appearance":"light","dynamicTypeSize":"accessibility5","frame":[32,1563.3333333333333,217.33333333333331,63.333333333333485],"id":"load-film","preferredBodyPoints":53,"time":1790872660.972909,"uptime":1240037.043321636}
SETUP_PROBE {"appearance":"light","dynamicTypeSize":"accessibility5","frame":[32,788,333.33333333333337,187.33333333333326],"id":"trial-label","preferredBodyPoints":53,"time":1790872660.9730139,"uptime":1240037.0434272911}
SETUP_PROBE {"appearance":"light","dynamicTypeSize":"accessibility5","frame":[32,526.33333333333326,199.66666666666666,63.333333333333258],"id":"film-title","preferredBodyPoints":53,"time":1790872660.973115,"uptime":1240037.0435277522}
SETUP_PROBE {"appearance":"light","dynamicTypeSize":"accessibility5","frame":[60,157.33333333333326,308,63.333333333333371],"id":"silent-capture","preferredBodyPoints":53,"time":1790872660.973208,"uptime":1240037.043620442}
SETUP_PROBE {"appearance":"light","dynamicTypeSize":"accessibility5","frame":[32,-60.000000000000114,302.66666666666663,187.33333333333337],"id":"camera-description","preferredBodyPoints":53,"time":1790872660.973295,"uptime":1240037.0437079892}
SETUP_PROBE {"appearance":"light","dynamicTypeSize":"accessibility5","frame":[32,250.66666666666663,249.66666666666663,125.33333333333337],"id":"orientation-label","preferredBodyPoints":53,"time":1790872660.973381,"uptime":1240037.04379359}
SETUP_VIEWPORT {"bounds":[0,510.66666666666674,402,708],"containerSize":[402,708],"contentSize":[402,2089.333333333333],"event":"scroll","insets":[70,0,34,0],"offset":[0,510.66666666666674],"time":1790872660.989043,"uptime":1240037.0594570611,"visibleRect":[0,510.66666666666674,402,812]}
SETUP_PROBE {"appearance":"light","dynamicTypeSize":"accessibility5","frame":[32,1562.3333333333333,217.33333333333331,63.333333333333485],"id":"load-film","preferredBodyPoints":53,"time":1790872660.9892101,"uptime":1240037.0596226281}
SETUP_PROBE {"appearance":"light","dynamicTypeSize":"accessibility5","frame":[32,787,333.33333333333337,187.33333333333326],"id":"trial-label","preferredBodyPoints":53,"time":1790872660.9892931,"uptime":1240037.0597056921}
SETUP_PROBE {"appearance":"light","dynamicTypeSize":"accessibility5","frame":[32,525.33333333333326,199.66666666666666,63.333333333333258],"id":"film-title","preferredBodyPoints":53,"time":1790872660.9893589,"uptime":1240037.059771135}
SETUP_PROBE {"appearance":"light","dynamicTypeSize":"accessibility5","frame":[60,156.33333333333326,308,63.333333333333371],"id":"silent-capture","preferredBodyPoints":53,"time":1790872660.989418,"uptime":1240037.059830491}
SETUP_PROBE {"appearance":"light","dynamicTypeSize":"accessibility5","frame":[32,-61.000000000000114,302.66666666666663,187.33333333333337],"id":"camera-description","preferredBodyPoints":53,"time":1790872660.989475,"uptime":1240037.0598877082}
SETUP_PROBE {"appearance":"light","dynamicTypeSize":"accessibility5","frame":[32,249.66666666666663,249.66666666666663,125.33333333333337],"id":"orientation-label","preferredBodyPoints":53,"time":1790872660.9895329,"uptime":1240037.059945869}
SETUP_VIEWPORT {"bounds":[0,512,402,708],"containerSize":[402,708],"contentSize":[402,2089.333333333333],"event":"scroll","insets":[70,0,34,0],"offset":[0,512],"time":1790872661.005671,"uptime":1240037.0760848031,"visibleRect":[0,512,402,812]}
SETUP_PROBE {"appearance":"light","dynamicTypeSize":"accessibility5","frame":[32,1561,217.33333333333331,63.333333333333485],"id":"load-film","preferredBodyPoints":53,"time":1790872661.0058379,"uptime":1240037.0762509832}
SETUP_PROBE {"appearance":"light","dynamicTypeSize":"accessibility5","frame":[32,785.66666666666674,333.33333333333337,187.33333333333326],"id":"trial-label","preferredBodyPoints":53,"time":1790872661.005913,"uptime":1240037.0763249041}
SETUP_PROBE {"appearance":"light","dynamicTypeSize":"accessibility5","frame":[32,524,199.66666666666666,63.333333333333258],"id":"film-title","preferredBodyPoints":53,"time":1790872661.005976,"uptime":1240037.076388183}
SETUP_PROBE {"appearance":"light","dynamicTypeSize":"accessibility5","frame":[60,155,308,63.333333333333371],"id":"silent-capture","preferredBodyPoints":53,"time":1790872661.0060339,"uptime":1240037.076446021}
SETUP_PROBE {"appearance":"light","dynamicTypeSize":"accessibility5","frame":[32,-62.333333333333371,302.66666666666663,187.33333333333337],"id":"camera-description","preferredBodyPoints":53,"time":1790872661.0060921,"uptime":1240037.076504702}
SETUP_PROBE {"appearance":"light","dynamicTypeSize":"accessibility5","frame":[32,248.33333333333337,249.66666666666663,125.33333333333337],"id":"orientation-label","preferredBodyPoints":53,"time":1790872661.0061522,"uptime":1240037.0765639062}
SETUP_VIEWPORT {"bounds":[0,513,402,708],"containerSize":[402,708],"contentSize":[402,2089.333333333333],"event":"scroll","insets":[70,0,34,0],"offset":[0,513],"time":1790872661.0223231,"uptime":1240037.0927366561,"visibleRect":[0,513,402,812]}
SETUP_PROBE {"appearance":"light","dynamicTypeSize":"accessibility5","frame":[32,1560,217.33333333333331,63.333333333333485],"id":"load-film","preferredBodyPoints":53,"time":1790872661.0224881,"uptime":1240037.0929004201}
SETUP_PROBE {"appearance":"light","dynamicTypeSize":"accessibility5","frame":[32,784.66666666666674,333.33333333333337,187.33333333333326],"id":"trial-label","preferredBodyPoints":53,"time":1790872661.022563,"uptime":1240037.092974806}
SETUP_PROBE {"appearance":"light","dynamicTypeSize":"accessibility5","frame":[32,523,199.66666666666666,63.333333333333258],"id":"film-title","preferredBodyPoints":53,"time":1790872661.022629,"uptime":1240037.0930408381}
SETUP_PROBE {"appearance":"light","dynamicTypeSize":"accessibility5","frame":[60,154,308,63.333333333333371],"id":"silent-capture","preferredBodyPoints":53,"time":1790872661.0226889,"uptime":1240037.093101362}
SETUP_PROBE {"appearance":"light","dynamicTypeSize":"accessibility5","frame":[32,-63.333333333333371,302.66666666666663,187.33333333333337],"id":"camera-description","preferredBodyPoints":53,"time":1790872661.0227489,"uptime":1240037.093161325}
SETUP_PROBE {"appearance":"light","dynamicTypeSize":"accessibility5","frame":[32,247.33333333333337,249.66666666666663,125.33333333333337],"id":"orientation-label","preferredBodyPoints":53,"time":1790872661.02281,"uptime":1240037.0932225271}
SETUP_VIEWPORT {"bounds":[0,514,402,708],"containerSize":[402,708],"contentSize":[402,2089.333333333333],"event":"scroll","insets":[70,0,34,0],"offset":[0,514],"time":1790872661.039006,"uptime":1240037.1094196341,"visibleRect":[0,514,402,812]}
SETUP_PROBE {"appearance":"light","dynamicTypeSize":"accessibility5","frame":[32,1559,217.33333333333331,63.333333333333485],"id":"load-film","preferredBodyPoints":53,"time":1790872661.0391731,"uptime":1240037.1095853902}
SETUP_PROBE {"appearance":"light","dynamicTypeSize":"accessibility5","frame":[32,783.66666666666674,333.33333333333337,187.33333333333326],"id":"trial-label","preferredBodyPoints":53,"time":1790872661.039247,"uptime":1240037.109658828}
SETUP_PROBE {"appearance":"light","dynamicTypeSize":"accessibility5","frame":[32,522,199.66666666666666,63.333333333333258],"id":"film-title","preferredBodyPoints":53,"time":1790872661.039309,"uptime":1240037.1097207461}
SETUP_PROBE {"appearance":"light","dynamicTypeSize":"accessibility5","frame":[60,153,308,63.333333333333371],"id":"silent-capture","preferredBodyPoints":53,"time":1790872661.039366,"uptime":1240037.109778024}
SETUP_PROBE {"appearance":"light","dynamicTypeSize":"accessibility5","frame":[32,-64.333333333333371,302.66666666666663,187.33333333333337],"id":"camera-description","preferredBodyPoints":53,"time":1790872661.039423,"uptime":1240037.1098345851}
SETUP_PROBE {"appearance":"light","dynamicTypeSize":"accessibility5","frame":[32,246.33333333333337,249.66666666666663,125.33333333333337],"id":"orientation-label","preferredBodyPoints":53,"time":1790872661.039479,"uptime":1240037.1098913001}
SETUP_VIEWPORT {"bounds":[0,514.66666666666663,402,708],"containerSize":[402,708],"contentSize":[402,2089.333333333333],"event":"scroll","insets":[70,0,34,0],"offset":[0,514.66666666666663],"time":1790872661.0557261,"uptime":1240037.12613998,"visibleRect":[0,514.66666666666663,402,812]}
SETUP_PROBE {"appearance":"light","dynamicTypeSize":"accessibility5","frame":[32,1558.3333333333335,217.33333333333331,63.333333333333485],"id":"load-film","preferredBodyPoints":53,"time":1790872661.0558891,"uptime":1240037.126301185}
SETUP_PROBE {"appearance":"light","dynamicTypeSize":"accessibility5","frame":[32,783.00000000000011,333.33333333333337,187.33333333333326],"id":"trial-label","preferredBodyPoints":53,"time":1790872661.055964,"uptime":1240037.1263753702}
SETUP_PROBE {"appearance":"light","dynamicTypeSize":"accessibility5","frame":[32,521.33333333333337,199.66666666666666,63.333333333333258],"id":"film-title","preferredBodyPoints":53,"time":1790872661.056026,"uptime":1240037.1264374331}
SETUP_PROBE {"appearance":"light","dynamicTypeSize":"accessibility5","frame":[60,152.33333333333337,308,63.333333333333371],"id":"silent-capture","preferredBodyPoints":53,"time":1790872661.0560842,"uptime":1240037.1264957131}
SETUP_PROBE {"appearance":"light","dynamicTypeSize":"accessibility5","frame":[32,-65,302.66666666666663,187.33333333333337],"id":"camera-description","preferredBodyPoints":53,"time":1790872661.0561419,"uptime":1240037.1265537331}
SETUP_PROBE {"appearance":"light","dynamicTypeSize":"accessibility5","frame":[32,245.66666666666674,249.66666666666663,125.33333333333337],"id":"orientation-label","preferredBodyPoints":53,"time":1790872661.0561981,"uptime":1240037.1266097371}
SETUP_VIEWPORT {"bounds":[0,515.66666666666663,402,708],"containerSize":[402,708],"contentSize":[402,2089.333333333333],"event":"scroll","insets":[70,0,34,0],"offset":[0,515.66666666666663],"time":1790872661.07235,"uptime":1240037.142763233,"visibleRect":[0,515.66666666666663,402,812]}
SETUP_PROBE {"appearance":"light","dynamicTypeSize":"accessibility5","frame":[32,1557.3333333333335,217.33333333333331,63.333333333333485],"id":"load-film","preferredBodyPoints":53,"time":1790872661.0725121,"uptime":1240037.1429239372}
SETUP_PROBE {"appearance":"light","dynamicTypeSize":"accessibility5","frame":[32,782.00000000000011,333.33333333333337,187.33333333333326],"id":"trial-label","preferredBodyPoints":53,"time":1790872661.0725899,"uptime":1240037.143002003}
SETUP_PROBE {"appearance":"light","dynamicTypeSize":"accessibility5","frame":[32,520.33333333333337,199.66666666666666,63.333333333333258],"id":"film-title","preferredBodyPoints":53,"time":1790872661.072655,"uptime":1240037.1430668}
SETUP_PROBE {"appearance":"light","dynamicTypeSize":"accessibility5","frame":[60,151.33333333333337,308,63.333333333333371],"id":"silent-capture","preferredBodyPoints":53,"time":1790872661.072715,"uptime":1240037.1431264221}
SETUP_PROBE {"appearance":"light","dynamicTypeSize":"accessibility5","frame":[32,-66,302.66666666666663,187.33333333333337],"id":"camera-description","preferredBodyPoints":53,"time":1790872661.0727739,"uptime":1240037.143185565}
SETUP_PROBE {"appearance":"light","dynamicTypeSize":"accessibility5","frame":[32,244.66666666666674,249.66666666666663,125.33333333333337],"id":"orientation-label","preferredBodyPoints":53,"time":1790872661.0728321,"uptime":1240037.1432432581}
SETUP_VIEWPORT {"bounds":[0,516.66666666666663,402,708],"containerSize":[402,708],"contentSize":[402,2089.333333333333],"event":"scroll","insets":[70,0,34,0],"offset":[0,516.66666666666663],"time":1790872661.0892658,"uptime":1240037.1596796322,"visibleRect":[0,516.66666666666663,402,812]}
SETUP_PROBE {"appearance":"light","dynamicTypeSize":"accessibility5","frame":[32,1556.3333333333335,217.33333333333331,63.333333333333485],"id":"load-film","preferredBodyPoints":53,"time":1790872661.0894818,"uptime":1240037.1598941041}
SETUP_PROBE {"appearance":"light","dynamicTypeSize":"accessibility5","frame":[32,781.00000000000011,333.33333333333337,187.33333333333326],"id":"trial-label","preferredBodyPoints":53,"time":1790872661.089577,"uptime":1240037.1599882732}
SETUP_PROBE {"appearance":"light","dynamicTypeSize":"accessibility5","frame":[32,519.33333333333337,199.66666666666666,63.333333333333258],"id":"film-title","preferredBodyPoints":53,"time":1790872661.0896621,"uptime":1240037.1600730992}
SETUP_PROBE {"appearance":"light","dynamicTypeSize":"accessibility5","frame":[60,150.33333333333337,308,63.333333333333371],"id":"silent-capture","preferredBodyPoints":53,"time":1790872661.089741,"uptime":1240037.1601520891}
SETUP_PROBE {"appearance":"light","dynamicTypeSize":"accessibility5","frame":[32,-67,302.66666666666663,187.33333333333337],"id":"camera-description","preferredBodyPoints":53,"time":1790872661.089819,"uptime":1240037.1602302371}
SETUP_PROBE {"appearance":"light","dynamicTypeSize":"accessibility5","frame":[32,243.66666666666674,249.66666666666663,125.33333333333337],"id":"orientation-label","preferredBodyPoints":53,"time":1790872661.089896,"uptime":1240037.1603074961}
SETUP_VIEWPORT {"bounds":[0,517.33333333333337,402,708],"containerSize":[402,708],"contentSize":[402,2089.333333333333],"event":"scroll","insets":[70,0,34,0],"offset":[0,517.33333333333337],"time":1790872661.105751,"uptime":1240037.1761647991,"visibleRect":[0,517.33333333333337,402,812]}
SETUP_PROBE {"appearance":"light","dynamicTypeSize":"accessibility5","frame":[32,1555.6666666666665,217.33333333333331,63.333333333333485],"id":"load-film","preferredBodyPoints":53,"time":1790872661.105917,"uptime":1240037.1763286151}
SETUP_PROBE {"appearance":"light","dynamicTypeSize":"accessibility5","frame":[32,780.33333333333337,333.33333333333337,187.33333333333326],"id":"trial-label","preferredBodyPoints":53,"time":1790872661.105988,"uptime":1240037.1763991211}
SETUP_PROBE {"appearance":"light","dynamicTypeSize":"accessibility5","frame":[32,518.66666666666663,199.66666666666666,63.333333333333258],"id":"film-title","preferredBodyPoints":53,"time":1790872661.1060491,"uptime":1240037.1764601171}
SETUP_PROBE {"appearance":"light","dynamicTypeSize":"accessibility5","frame":[60,149.66666666666663,308,63.333333333333371],"id":"silent-capture","preferredBodyPoints":53,"time":1790872661.106106,"uptime":1240037.176517131}
SETUP_PROBE {"appearance":"light","dynamicTypeSize":"accessibility5","frame":[32,-67.666666666666742,302.66666666666663,187.33333333333337],"id":"camera-description","preferredBodyPoints":53,"time":1790872661.1061621,"uptime":1240037.1765736851}
SETUP_PROBE {"appearance":"light","dynamicTypeSize":"accessibility5","frame":[32,243,249.66666666666663,125.33333333333337],"id":"orientation-label","preferredBodyPoints":53,"time":1790872661.1062179,"uptime":1240037.1766294781}
SETUP_VIEWPORT {"bounds":[0,518.33333333333337,402,708],"containerSize":[402,708],"contentSize":[402,2089.333333333333],"event":"scroll","insets":[70,0,34,0],"offset":[0,518.33333333333337],"time":1790872661.1223149,"uptime":1240037.1927275851,"visibleRect":[0,518.33333333333337,402,812]}
SETUP_PROBE {"appearance":"light","dynamicTypeSize":"accessibility5","frame":[32,1554.6666666666665,217.33333333333331,63.333333333333485],"id":"load-film","preferredBodyPoints":53,"time":1790872661.122474,"uptime":1240037.192885166}
SETUP_PROBE {"appearance":"light","dynamicTypeSize":"accessibility5","frame":[32,779.33333333333337,333.33333333333337,187.33333333333326],"id":"trial-label","preferredBodyPoints":53,"time":1790872661.1225441,"uptime":1240037.1929554071}
SETUP_PROBE {"appearance":"light","dynamicTypeSize":"accessibility5","frame":[32,517.66666666666663,199.66666666666666,63.333333333333258],"id":"film-title","preferredBodyPoints":53,"time":1790872661.1226039,"uptime":1240037.193014662}
SETUP_PROBE {"appearance":"light","dynamicTypeSize":"accessibility5","frame":[60,148.66666666666663,308,63.333333333333371],"id":"silent-capture","preferredBodyPoints":53,"time":1790872661.1226611,"uptime":1240037.1930719181}
SETUP_PROBE {"appearance":"light","dynamicTypeSize":"accessibility5","frame":[32,-68.666666666666742,302.66666666666663,187.33333333333337],"id":"camera-description","preferredBodyPoints":53,"time":1790872661.122716,"uptime":1240037.193127326}
SETUP_PROBE {"appearance":"light","dynamicTypeSize":"accessibility5","frame":[32,242,249.66666666666663,125.33333333333337],"id":"orientation-label","preferredBodyPoints":53,"time":1790872661.122771,"uptime":1240037.1931821841}
SETUP_VIEWPORT {"bounds":[0,519,402,708],"containerSize":[402,708],"contentSize":[402,2089.333333333333],"event":"scroll","insets":[70,0,34,0],"offset":[0,519],"time":1790872661.1393189,"uptime":1240037.20973237,"visibleRect":[0,519,402,812]}
SETUP_PROBE {"appearance":"light","dynamicTypeSize":"accessibility5","frame":[32,1554,217.33333333333331,63.333333333333485],"id":"load-film","preferredBodyPoints":53,"time":1790872661.139533,"uptime":1240037.2099439742}
SETUP_PROBE {"appearance":"light","dynamicTypeSize":"accessibility5","frame":[32,778.66666666666674,333.33333333333337,187.33333333333326],"id":"trial-label","preferredBodyPoints":53,"time":1790872661.1396289,"uptime":1240037.2100399281}
SETUP_PROBE {"appearance":"light","dynamicTypeSize":"accessibility5","frame":[32,517,199.66666666666666,63.333333333333258],"id":"film-title","preferredBodyPoints":53,"time":1790872661.139715,"uptime":1240037.2101260922}
SETUP_PROBE {"appearance":"light","dynamicTypeSize":"accessibility5","frame":[60,148,308,63.333333333333371],"id":"silent-capture","preferredBodyPoints":53,"time":1790872661.1397982,"uptime":1240037.2102086761}
SETUP_PROBE {"appearance":"light","dynamicTypeSize":"accessibility5","frame":[32,-69.333333333333371,302.66666666666663,187.33333333333337],"id":"camera-description","preferredBodyPoints":53,"time":1790872661.139878,"uptime":1240037.21028871}
SETUP_PROBE {"appearance":"light","dynamicTypeSize":"accessibility5","frame":[32,241.33333333333337,249.66666666666663,125.33333333333337],"id":"orientation-label","preferredBodyPoints":53,"time":1790872661.1399579,"uptime":1240037.210369512}
SETUP_VIEWPORT {"bounds":[0,520,402,708],"containerSize":[402,708],"contentSize":[402,2089.333333333333],"event":"scroll","insets":[70,0,34,0],"offset":[0,520],"time":1790872661.1558061,"uptime":1240037.2262191761,"visibleRect":[0,520,402,812]}
SETUP_PROBE {"appearance":"light","dynamicTypeSize":"accessibility5","frame":[32,1553,217.33333333333331,63.333333333333485],"id":"load-film","preferredBodyPoints":53,"time":1790872661.1559858,"uptime":1240037.226397014}
SETUP_PROBE {"appearance":"light","dynamicTypeSize":"accessibility5","frame":[32,777.66666666666674,333.33333333333337,187.33333333333326],"id":"trial-label","preferredBodyPoints":53,"time":1790872661.1560612,"uptime":1240037.226472181}
SETUP_PROBE {"appearance":"light","dynamicTypeSize":"accessibility5","frame":[32,516,199.66666666666666,63.333333333333258],"id":"film-title","preferredBodyPoints":53,"time":1790872661.1561241,"uptime":1240037.2265345431}
SETUP_PROBE {"appearance":"light","dynamicTypeSize":"accessibility5","frame":[60,147,308,63.333333333333371],"id":"silent-capture","preferredBodyPoints":53,"time":1790872661.1561821,"uptime":1240037.2265925261}
SETUP_PROBE {"appearance":"light","dynamicTypeSize":"accessibility5","frame":[32,-70.333333333333371,302.66666666666663,187.33333333333337],"id":"camera-description","preferredBodyPoints":53,"time":1790872661.156239,"uptime":1240037.2266495512}
SETUP_PROBE {"appearance":"light","dynamicTypeSize":"accessibility5","frame":[32,240.33333333333337,249.66666666666663,125.33333333333337],"id":"orientation-label","preferredBodyPoints":53,"time":1790872661.1562939,"uptime":1240037.226705096}
SETUP_VIEWPORT {"bounds":[0,520.66666666666663,402,708],"containerSize":[402,708],"contentSize":[402,2089.333333333333],"event":"scroll","insets":[70,0,34,0],"offset":[0,520.66666666666663],"time":1790872661.1724091,"uptime":1240037.2428221391,"visibleRect":[0,520.66666666666663,402,812]}
SETUP_PROBE {"appearance":"light","dynamicTypeSize":"accessibility5","frame":[32,1552.3333333333335,217.33333333333331,63.333333333333485],"id":"load-film","preferredBodyPoints":53,"time":1790872661.1725791,"uptime":1240037.2429898961}
SETUP_PROBE {"appearance":"light","dynamicTypeSize":"accessibility5","frame":[32,777.00000000000011,333.33333333333337,187.33333333333326],"id":"trial-label","preferredBodyPoints":53,"time":1790872661.172652,"uptime":1240037.2430622871}
SETUP_PROBE {"appearance":"light","dynamicTypeSize":"accessibility5","frame":[32,515.33333333333337,199.66666666666666,63.333333333333258],"id":"film-title","preferredBodyPoints":53,"time":1790872661.1727118,"uptime":1240037.24312238}
SETUP_PROBE {"appearance":"light","dynamicTypeSize":"accessibility5","frame":[60,146.33333333333337,308,63.333333333333371],"id":"silent-capture","preferredBodyPoints":53,"time":1790872661.1727691,"uptime":1240037.2431796731}
SETUP_PROBE {"appearance":"light","dynamicTypeSize":"accessibility5","frame":[32,-71,302.66666666666663,187.33333333333337],"id":"camera-description","preferredBodyPoints":53,"time":1790872661.1728261,"uptime":1240037.2432367101}
SETUP_PROBE {"appearance":"light","dynamicTypeSize":"accessibility5","frame":[32,239.66666666666674,249.66666666666663,125.33333333333337],"id":"orientation-label","preferredBodyPoints":53,"time":1790872661.1728811,"uptime":1240037.2432913252}
SETUP_VIEWPORT {"bounds":[0,521.33333333333337,402,708],"containerSize":[402,708],"contentSize":[402,2089.333333333333],"event":"scroll","insets":[70,0,34,0],"offset":[0,521.33333333333337],"time":1790872661.1892829,"uptime":1240037.2596956182,"visibleRect":[0,521.33333333333337,402,812]}
SETUP_PROBE {"appearance":"light","dynamicTypeSize":"accessibility5","frame":[32,1551.6666666666665,217.33333333333331,63.333333333333485],"id":"load-film","preferredBodyPoints":53,"time":1790872661.189502,"uptime":1240037.259913112}
SETUP_PROBE {"appearance":"light","dynamicTypeSize":"accessibility5","frame":[32,776.33333333333337,333.33333333333337,187.33333333333326],"id":"trial-label","preferredBodyPoints":53,"time":1790872661.1895971,"uptime":1240037.260007577}
SETUP_PROBE {"appearance":"light","dynamicTypeSize":"accessibility5","frame":[32,514.66666666666663,199.66666666666666,63.333333333333258],"id":"film-title","preferredBodyPoints":53,"time":1790872661.1896801,"uptime":1240037.260090871}
SETUP_PROBE {"appearance":"light","dynamicTypeSize":"accessibility5","frame":[60,145.66666666666663,308,63.333333333333371],"id":"silent-capture","preferredBodyPoints":53,"time":1790872661.1897578,"uptime":1240037.260168738}
SETUP_PROBE {"appearance":"light","dynamicTypeSize":"accessibility5","frame":[32,-71.666666666666742,302.66666666666663,187.33333333333337],"id":"camera-description","preferredBodyPoints":53,"time":1790872661.189836,"uptime":1240037.2602461302}
SETUP_PROBE {"appearance":"light","dynamicTypeSize":"accessibility5","frame":[32,239,249.66666666666663,125.33333333333337],"id":"orientation-label","preferredBodyPoints":53,"time":1790872661.189914,"uptime":1240037.2603247592}
SETUP_VIEWPORT {"bounds":[0,522,402,708],"containerSize":[402,708],"contentSize":[402,2089.333333333333],"event":"scroll","insets":[70,0,34,0],"offset":[0,522],"time":1790872661.205713,"uptime":1240037.2761247461,"visibleRect":[0,522,402,812]}
SETUP_PROBE {"appearance":"light","dynamicTypeSize":"accessibility5","frame":[32,1551,217.33333333333331,63.333333333333485],"id":"load-film","preferredBodyPoints":53,"time":1790872661.2058859,"uptime":1240037.276296963}
SETUP_PROBE {"appearance":"light","dynamicTypeSize":"accessibility5","frame":[32,775.66666666666674,333.33333333333337,187.33333333333326],"id":"trial-label","preferredBodyPoints":53,"time":1790872661.2059941,"uptime":1240037.276404144}
SETUP_PROBE {"appearance":"light","dynamicTypeSize":"accessibility5","frame":[32,514,199.66666666666666,63.333333333333258],"id":"film-title","preferredBodyPoints":53,"time":1790872661.2060881,"uptime":1240037.2764981561}
SETUP_PROBE {"appearance":"light","dynamicTypeSize":"accessibility5","frame":[60,145,308,63.333333333333371],"id":"silent-capture","preferredBodyPoints":53,"time":1790872661.206177,"uptime":1240037.276587687}
SETUP_PROBE {"appearance":"light","dynamicTypeSize":"accessibility5","frame":[32,-72.333333333333371,302.66666666666663,187.33333333333337],"id":"camera-description","preferredBodyPoints":53,"time":1790872661.2062659,"uptime":1240037.2766761621}
SETUP_PROBE {"appearance":"light","dynamicTypeSize":"accessibility5","frame":[32,238.33333333333337,249.66666666666663,125.33333333333337],"id":"orientation-label","preferredBodyPoints":53,"time":1790872661.206352,"uptime":1240037.2767625751}
SETUP_VIEWPORT {"bounds":[0,522.66666666666663,402,708],"containerSize":[402,708],"contentSize":[402,2089.333333333333],"event":"scroll","insets":[70,0,34,0],"offset":[0,522.66666666666663],"time":1790872661.2223639,"uptime":1240037.2927763951,"visibleRect":[0,522.66666666666663,402,812]}
SETUP_PROBE {"appearance":"light","dynamicTypeSize":"accessibility5","frame":[32,1550.3333333333335,217.33333333333331,63.333333333333485],"id":"load-film","preferredBodyPoints":53,"time":1790872661.2225299,"uptime":1240037.2929404122}
SETUP_PROBE {"appearance":"light","dynamicTypeSize":"accessibility5","frame":[32,775.00000000000011,333.33333333333337,187.33333333333326],"id":"trial-label","preferredBodyPoints":53,"time":1790872661.2226019,"uptime":1240037.293011823}
SETUP_PROBE {"appearance":"light","dynamicTypeSize":"accessibility5","frame":[32,513.33333333333337,199.66666666666666,63.333333333333258],"id":"film-title","preferredBodyPoints":53,"time":1790872661.2226629,"uptime":1240037.293073361}
SETUP_PROBE {"appearance":"light","dynamicTypeSize":"accessibility5","frame":[60,144.33333333333337,308,63.333333333333371],"id":"silent-capture","preferredBodyPoints":53,"time":1790872661.2227211,"uptime":1240037.293131463}
SETUP_PROBE {"appearance":"light","dynamicTypeSize":"accessibility5","frame":[32,-73,302.66666666666663,187.33333333333337],"id":"camera-description","preferredBodyPoints":53,"time":1790872661.2227778,"uptime":1240037.293187737}
SETUP_PROBE {"appearance":"light","dynamicTypeSize":"accessibility5","frame":[32,237.66666666666674,249.66666666666663,125.33333333333337],"id":"orientation-label","preferredBodyPoints":53,"time":1790872661.2228332,"uptime":1240037.29324297}
SETUP_VIEWPORT {"bounds":[0,523.33333333333337,402,708],"containerSize":[402,708],"contentSize":[402,2089.333333333333],"event":"scroll","insets":[70,0,34,0],"offset":[0,523.33333333333337],"time":1790872661.2392869,"uptime":1240037.309698927,"visibleRect":[0,523.33333333333337,402,812]}
SETUP_PROBE {"appearance":"light","dynamicTypeSize":"accessibility5","frame":[32,1549.6666666666665,217.33333333333331,63.333333333333485],"id":"load-film","preferredBodyPoints":53,"time":1790872661.2395029,"uptime":1240037.309913669}
SETUP_PROBE {"appearance":"light","dynamicTypeSize":"accessibility5","frame":[32,774.33333333333337,333.33333333333337,187.33333333333326],"id":"trial-label","preferredBodyPoints":53,"time":1790872661.239599,"uptime":1240037.310009114}
SETUP_PROBE {"appearance":"light","dynamicTypeSize":"accessibility5","frame":[32,512.66666666666663,199.66666666666666,63.333333333333258],"id":"film-title","preferredBodyPoints":53,"time":1790872661.239682,"uptime":1240037.310091818}
SETUP_PROBE {"appearance":"light","dynamicTypeSize":"accessibility5","frame":[60,143.66666666666663,308,63.333333333333371],"id":"silent-capture","preferredBodyPoints":53,"time":1790872661.2397618,"uptime":1240037.3101724142}
SETUP_PROBE {"appearance":"light","dynamicTypeSize":"accessibility5","frame":[32,-73.666666666666742,302.66666666666663,187.33333333333337],"id":"camera-description","preferredBodyPoints":53,"time":1790872661.2473311,"uptime":1240037.3177417822}
SETUP_PROBE {"appearance":"light","dynamicTypeSize":"accessibility5","frame":[32,237,249.66666666666663,125.33333333333337],"id":"orientation-label","preferredBodyPoints":53,"time":1790872661.2474799,"uptime":1240037.317890424}
SETUP_VIEWPORT {"bounds":[0,524,402,708],"containerSize":[402,708],"contentSize":[402,2089.333333333333],"event":"scroll","insets":[70,0,34,0],"offset":[0,524],"time":1790872661.2560291,"uptime":1240037.326442607,"visibleRect":[0,524,402,812]}
SETUP_PROBE {"appearance":"light","dynamicTypeSize":"accessibility5","frame":[32,1549,217.33333333333331,63.333333333333485],"id":"load-film","preferredBodyPoints":53,"time":1790872661.2563109,"uptime":1240037.326720671}
SETUP_PROBE {"appearance":"light","dynamicTypeSize":"accessibility5","frame":[32,773.66666666666674,333.33333333333337,187.33333333333326],"id":"trial-label","preferredBodyPoints":53,"time":1790872661.256397,"uptime":1240037.3268072142}
SETUP_PROBE {"appearance":"light","dynamicTypeSize":"accessibility5","frame":[32,512,199.66666666666666,63.333333333333258],"id":"film-title","preferredBodyPoints":53,"time":1790872661.2564712,"uptime":1240037.326881221}
SETUP_PROBE {"appearance":"light","dynamicTypeSize":"accessibility5","frame":[60,143,308,63.333333333333371],"id":"silent-capture","preferredBodyPoints":53,"time":1790872661.2565331,"uptime":1240037.326942675}
SETUP_PROBE {"appearance":"light","dynamicTypeSize":"accessibility5","frame":[32,-74.333333333333371,302.66666666666663,187.33333333333337],"id":"camera-description","preferredBodyPoints":53,"time":1790872661.256597,"uptime":1240037.3270065561}
SETUP_PROBE {"appearance":"light","dynamicTypeSize":"accessibility5","frame":[32,236.33333333333337,249.66666666666663,125.33333333333337],"id":"orientation-label","preferredBodyPoints":53,"time":1790872661.2566581,"uptime":1240037.3270680611}
SETUP_VIEWPORT {"bounds":[0,524.66666666666663,402,708],"containerSize":[402,708],"contentSize":[402,2089.333333333333],"event":"scroll","insets":[70,0,34,0],"offset":[0,524.66666666666663],"time":1790872661.272619,"uptime":1240037.34303131,"visibleRect":[0,524.66666666666663,402,812]}
SETUP_PROBE {"appearance":"light","dynamicTypeSize":"accessibility5","frame":[32,1548.3333333333335,217.33333333333331,63.333333333333485],"id":"load-film","preferredBodyPoints":53,"time":1790872661.2728381,"uptime":1240037.3432479491}
SETUP_PROBE {"appearance":"light","dynamicTypeSize":"accessibility5","frame":[32,773.00000000000011,333.33333333333337,187.33333333333326],"id":"trial-label","preferredBodyPoints":53,"time":1790872661.272943,"uptime":1240037.343352563}
SETUP_PROBE {"appearance":"light","dynamicTypeSize":"accessibility5","frame":[32,511.33333333333337,199.66666666666666,63.333333333333258],"id":"film-title","preferredBodyPoints":53,"time":1790872661.273031,"uptime":1240037.3434408901}
SETUP_PROBE {"appearance":"light","dynamicTypeSize":"accessibility5","frame":[60,142.33333333333337,308,63.333333333333371],"id":"silent-capture","preferredBodyPoints":53,"time":1790872661.2731152,"uptime":1240037.3435247911}
SETUP_PROBE {"appearance":"light","dynamicTypeSize":"accessibility5","frame":[32,-75,302.66666666666663,187.33333333333337],"id":"camera-description","preferredBodyPoints":53,"time":1790872661.2732,"uptime":1240037.343609899}
SETUP_PROBE {"appearance":"light","dynamicTypeSize":"accessibility5","frame":[32,235.66666666666674,249.66666666666663,125.33333333333337],"id":"orientation-label","preferredBodyPoints":53,"time":1790872661.2732859,"uptime":1240037.34369576}
SETUP_VIEWPORT {"bounds":[0,525.33333333333337,402,708],"containerSize":[402,708],"contentSize":[402,2089.333333333333],"event":"scroll","insets":[70,0,34,0],"offset":[0,525.33333333333337],"time":1790872661.289046,"uptime":1240037.3594566202,"visibleRect":[0,525.33333333333337,402,812]}
SETUP_PROBE {"appearance":"light","dynamicTypeSize":"accessibility5","frame":[32,1547.6666666666665,217.33333333333331,63.333333333333485],"id":"load-film","preferredBodyPoints":53,"time":1790872661.289211,"uptime":1240037.3596204692}
SETUP_PROBE {"appearance":"light","dynamicTypeSize":"accessibility5","frame":[32,772.33333333333337,333.33333333333337,187.33333333333326],"id":"trial-label","preferredBodyPoints":53,"time":1790872661.289284,"uptime":1240037.3596935391}
SETUP_PROBE {"appearance":"light","dynamicTypeSize":"accessibility5","frame":[32,510.66666666666663,199.66666666666666,63.333333333333258],"id":"film-title","preferredBodyPoints":53,"time":1790872661.289346,"uptime":1240037.3597551631}
SETUP_PROBE {"appearance":"light","dynamicTypeSize":"accessibility5","frame":[60,141.66666666666663,308,63.333333333333371],"id":"silent-capture","preferredBodyPoints":53,"time":1790872661.2894039,"uptime":1240037.3598130022}
SETUP_PROBE {"appearance":"light","dynamicTypeSize":"accessibility5","frame":[32,-75.666666666666742,302.66666666666663,187.33333333333337],"id":"camera-description","preferredBodyPoints":53,"time":1790872661.2894621,"uptime":1240037.359871356}
SETUP_PROBE {"appearance":"light","dynamicTypeSize":"accessibility5","frame":[32,235,249.66666666666663,125.33333333333337],"id":"orientation-label","preferredBodyPoints":53,"time":1790872661.2895179,"uptime":1240037.359927685}
SETUP_VIEWPORT {"bounds":[0,526,402,708],"containerSize":[402,708],"contentSize":[402,2089.333333333333],"event":"scroll","insets":[70,0,34,0],"offset":[0,526],"time":1790872661.3056591,"uptime":1240037.376070369,"visibleRect":[0,526,402,812]}
SETUP_PROBE {"appearance":"light","dynamicTypeSize":"accessibility5","frame":[32,1547,217.33333333333331,63.333333333333485],"id":"load-film","preferredBodyPoints":53,"time":1790872661.3058329,"uptime":1240037.376242304}
SETUP_PROBE {"appearance":"light","dynamicTypeSize":"accessibility5","frame":[32,771.66666666666674,333.33333333333337,187.33333333333326],"id":"trial-label","preferredBodyPoints":53,"time":1790872661.305912,"uptime":1240037.3763208061}
SETUP_PROBE {"appearance":"light","dynamicTypeSize":"accessibility5","frame":[32,510,199.66666666666666,63.333333333333258],"id":"film-title","preferredBodyPoints":53,"time":1790872661.3059769,"uptime":1240037.376386045}
SETUP_PROBE {"appearance":"light","dynamicTypeSize":"accessibility5","frame":[60,141,308,63.333333333333371],"id":"silent-capture","preferredBodyPoints":53,"time":1790872661.3060379,"uptime":1240037.3764470071}
SETUP_PROBE {"appearance":"light","dynamicTypeSize":"accessibility5","frame":[32,-76.333333333333371,302.66666666666663,187.33333333333337],"id":"camera-description","preferredBodyPoints":53,"time":1790872661.306098,"uptime":1240037.376507472}
SETUP_PROBE {"appearance":"light","dynamicTypeSize":"accessibility5","frame":[32,234.33333333333337,249.66666666666663,125.33333333333337],"id":"orientation-label","preferredBodyPoints":53,"time":1790872661.3061571,"uptime":1240037.376566309}
SETUP_VIEWPORT {"bounds":[0,526.33333333333337,402,708],"containerSize":[402,708],"contentSize":[402,2089.333333333333],"event":"scroll","insets":[70,0,34,0],"offset":[0,526.33333333333337],"time":1790872661.3223062,"uptime":1240037.39271636,"visibleRect":[0,526.33333333333337,402,812]}
SETUP_PROBE {"appearance":"light","dynamicTypeSize":"accessibility5","frame":[32,1546.6666666666665,217.33333333333331,63.333333333333485],"id":"load-film","preferredBodyPoints":53,"time":1790872661.322464,"uptime":1240037.3928727091}
SETUP_PROBE {"appearance":"light","dynamicTypeSize":"accessibility5","frame":[32,771.33333333333337,333.33333333333337,187.33333333333326],"id":"trial-label","preferredBodyPoints":53,"time":1790872661.322535,"uptime":1240037.3929440852}
SETUP_PROBE {"appearance":"light","dynamicTypeSize":"accessibility5","frame":[32,509.66666666666663,199.66666666666666,63.333333333333258],"id":"film-title","preferredBodyPoints":53,"time":1790872661.3225951,"uptime":1240037.3930045122}
SETUP_PROBE {"appearance":"light","dynamicTypeSize":"accessibility5","frame":[60,140.66666666666663,308,63.333333333333371],"id":"silent-capture","preferredBodyPoints":53,"time":1790872661.3226519,"uptime":1240037.393060846}
SETUP_PROBE {"appearance":"light","dynamicTypeSize":"accessibility5","frame":[32,-76.666666666666742,302.66666666666663,187.33333333333337],"id":"camera-description","preferredBodyPoints":53,"time":1790872661.3227081,"uptime":1240037.393116686}
SETUP_PROBE {"appearance":"light","dynamicTypeSize":"accessibility5","frame":[32,234,249.66666666666663,125.33333333333337],"id":"orientation-label","preferredBodyPoints":53,"time":1790872661.322763,"uptime":1240037.393172021}
SETUP_VIEWPORT {"bounds":[0,527,402,708],"containerSize":[402,708],"contentSize":[402,2089.333333333333],"event":"scroll","insets":[70,0,34,0],"offset":[0,527],"time":1790872661.338985,"uptime":1240037.4093951911,"visibleRect":[0,527,402,812]}
SETUP_PROBE {"appearance":"light","dynamicTypeSize":"accessibility5","frame":[32,1546,217.33333333333331,63.333333333333485],"id":"load-film","preferredBodyPoints":53,"time":1790872661.3391418,"uptime":1240037.4095514731}
SETUP_PROBE {"appearance":"light","dynamicTypeSize":"accessibility5","frame":[32,770.66666666666674,333.33333333333337,187.33333333333326],"id":"trial-label","preferredBodyPoints":53,"time":1790872661.3392129,"uptime":1240037.4096220441}
SETUP_PROBE {"appearance":"light","dynamicTypeSize":"accessibility5","frame":[32,509,199.66666666666666,63.333333333333258],"id":"film-title","preferredBodyPoints":53,"time":1790872661.3392749,"uptime":1240037.4096838301}
SETUP_PROBE {"appearance":"light","dynamicTypeSize":"accessibility5","frame":[60,140,308,63.333333333333371],"id":"silent-capture","preferredBodyPoints":53,"time":1790872661.3393321,"uptime":1240037.409741217}
SETUP_PROBE {"appearance":"light","dynamicTypeSize":"accessibility5","frame":[32,-77.333333333333371,302.66666666666663,187.33333333333337],"id":"camera-description","preferredBodyPoints":53,"time":1790872661.3393888,"uptime":1240037.4097980382}
SETUP_PROBE {"appearance":"light","dynamicTypeSize":"accessibility5","frame":[32,233.33333333333337,249.66666666666663,125.33333333333337],"id":"orientation-label","preferredBodyPoints":53,"time":1790872661.3394451,"uptime":1240037.4098537781}
SETUP_VIEWPORT {"bounds":[0,527.66666666666663,402,708],"containerSize":[402,708],"contentSize":[402,2089.333333333333],"event":"scroll","insets":[70,0,34,0],"offset":[0,527.66666666666663],"time":1790872661.3559661,"uptime":1240037.4263773081,"visibleRect":[0,527.66666666666663,402,812]}
SETUP_PROBE {"appearance":"light","dynamicTypeSize":"accessibility5","frame":[32,1545.3333333333335,217.33333333333331,63.333333333333485],"id":"load-film","preferredBodyPoints":53,"time":1790872661.356189,"uptime":1240037.4265980721}
SETUP_PROBE {"appearance":"light","dynamicTypeSize":"accessibility5","frame":[32,770.00000000000011,333.33333333333337,187.33333333333326],"id":"trial-label","preferredBodyPoints":53,"time":1790872661.3562889,"uptime":1240037.4266976721}
SETUP_PROBE {"appearance":"light","dynamicTypeSize":"accessibility5","frame":[32,508.33333333333337,199.66666666666666,63.333333333333258],"id":"film-title","preferredBodyPoints":53,"time":1790872661.3563771,"uptime":1240037.4267856171}
SETUP_PROBE {"appearance":"light","dynamicTypeSize":"accessibility5","frame":[60,139.33333333333337,308,63.333333333333371],"id":"silent-capture","preferredBodyPoints":53,"time":1790872661.3564601,"uptime":1240037.4268690362}
SETUP_PROBE {"appearance":"light","dynamicTypeSize":"accessibility5","frame":[32,-78,302.66666666666663,187.33333333333337],"id":"camera-description","preferredBodyPoints":53,"time":1790872661.3568978,"uptime":1240037.4273073641}
SETUP_PROBE {"appearance":"light","dynamicTypeSize":"accessibility5","frame":[32,232.66666666666674,249.66666666666663,125.33333333333337],"id":"orientation-label","preferredBodyPoints":53,"time":1790872661.356988,"uptime":1240037.427397216}
SETUP_VIEWPORT {"bounds":[0,528,402,708],"containerSize":[402,708],"contentSize":[402,2089.333333333333],"event":"scroll","insets":[70,0,34,0],"offset":[0,528],"time":1790872661.3723779,"uptime":1240037.4427879131,"visibleRect":[0,528,402,812]}
SETUP_PROBE {"appearance":"light","dynamicTypeSize":"accessibility5","frame":[32,1545,217.33333333333331,63.333333333333485],"id":"load-film","preferredBodyPoints":53,"time":1790872661.3725481,"uptime":1240037.4429566441}
SETUP_PROBE {"appearance":"light","dynamicTypeSize":"accessibility5","frame":[32,769.66666666666674,333.33333333333337,187.33333333333326],"id":"trial-label","preferredBodyPoints":53,"time":1790872661.372622,"uptime":1240037.4430307292}
SETUP_PROBE {"appearance":"light","dynamicTypeSize":"accessibility5","frame":[32,508,199.66666666666666,63.333333333333258],"id":"film-title","preferredBodyPoints":53,"time":1790872661.3726869,"uptime":1240037.4430952212}
SETUP_PROBE {"appearance":"light","dynamicTypeSize":"accessibility5","frame":[60,139,308,63.333333333333371],"id":"silent-capture","preferredBodyPoints":53,"time":1790872661.372746,"uptime":1240037.44315499}
SETUP_PROBE {"appearance":"light","dynamicTypeSize":"accessibility5","frame":[32,-78.333333333333371,302.66666666666663,187.33333333333337],"id":"camera-description","preferredBodyPoints":53,"time":1790872661.3728042,"uptime":1240037.4432130351}
SETUP_PROBE {"appearance":"light","dynamicTypeSize":"accessibility5","frame":[32,232.33333333333337,249.66666666666663,125.33333333333337],"id":"orientation-label","preferredBodyPoints":53,"time":1790872661.372864,"uptime":1240037.4432721562}
SETUP_VIEWPORT {"bounds":[0,528.66666666666663,402,708],"containerSize":[402,708],"contentSize":[402,2089.333333333333],"event":"scroll","insets":[70,0,34,0],"offset":[0,528.66666666666663],"time":1790872661.3890171,"uptime":1240037.4594268671,"visibleRect":[0,528.66666666666663,402,812]}
SETUP_PROBE {"appearance":"light","dynamicTypeSize":"accessibility5","frame":[32,1544.3333333333335,217.33333333333331,63.333333333333485],"id":"load-film","preferredBodyPoints":53,"time":1790872661.389185,"uptime":1240037.4595937501}
SETUP_PROBE {"appearance":"light","dynamicTypeSize":"accessibility5","frame":[32,769.00000000000011,333.33333333333337,187.33333333333326],"id":"trial-label","preferredBodyPoints":53,"time":1790872661.389261,"uptime":1240037.4596689581}
SETUP_PROBE {"appearance":"light","dynamicTypeSize":"accessibility5","frame":[32,507.33333333333337,199.66666666666666,63.333333333333258],"id":"film-title","preferredBodyPoints":53,"time":1790872661.3893251,"uptime":1240037.459733075}
SETUP_PROBE {"appearance":"light","dynamicTypeSize":"accessibility5","frame":[60,138.33333333333337,308,63.333333333333371],"id":"silent-capture","preferredBodyPoints":53,"time":1790872661.389389,"uptime":1240037.4597969661}
SETUP_PROBE {"appearance":"light","dynamicTypeSize":"accessibility5","frame":[32,-79,302.66666666666663,187.33333333333337],"id":"camera-description","preferredBodyPoints":53,"time":1790872661.3894629,"uptime":1240037.4598713121}
SETUP_PROBE {"appearance":"light","dynamicTypeSize":"accessibility5","frame":[32,231.66666666666674,249.66666666666663,125.33333333333337],"id":"orientation-label","preferredBodyPoints":53,"time":1790872661.3895221,"uptime":1240037.459930076}
SETUP_VIEWPORT {"bounds":[0,529,402,708],"containerSize":[402,708],"contentSize":[402,2089.333333333333],"event":"scroll","insets":[70,0,34,0],"offset":[0,529],"time":1790872661.4060769,"uptime":1240037.47648741,"visibleRect":[0,529,402,812]}
SETUP_PROBE {"appearance":"light","dynamicTypeSize":"accessibility5","frame":[32,1544,217.33333333333331,63.333333333333485],"id":"load-film","preferredBodyPoints":53,"time":1790872661.40625,"uptime":1240037.4766588821}
SETUP_PROBE {"appearance":"light","dynamicTypeSize":"accessibility5","frame":[32,768.66666666666674,333.33333333333337,187.33333333333326],"id":"trial-label","preferredBodyPoints":53,"time":1790872661.4063261,"uptime":1240037.476734685}
SETUP_PROBE {"appearance":"light","dynamicTypeSize":"accessibility5","frame":[32,507,199.66666666666666,63.333333333333258],"id":"film-title","preferredBodyPoints":53,"time":1790872661.4063921,"uptime":1240037.47679972}
SETUP_PROBE {"appearance":"light","dynamicTypeSize":"accessibility5","frame":[60,138,308,63.333333333333371],"id":"silent-capture","preferredBodyPoints":53,"time":1790872661.4064519,"uptime":1240037.476860628}
SETUP_PROBE {"appearance":"light","dynamicTypeSize":"accessibility5","frame":[32,-79.333333333333371,302.66666666666663,187.33333333333337],"id":"camera-description","preferredBodyPoints":53,"time":1790872661.406512,"uptime":1240037.476920265}
SETUP_PROBE {"appearance":"light","dynamicTypeSize":"accessibility5","frame":[32,231.33333333333337,249.66666666666663,125.33333333333337],"id":"orientation-label","preferredBodyPoints":53,"time":1790872661.4065709,"uptime":1240037.4769793712}
SETUP_VIEWPORT {"bounds":[0,529.33333333333337,402,708],"containerSize":[402,708],"contentSize":[402,2089.333333333333],"event":"scroll","insets":[70,0,34,0],"offset":[0,529.33333333333337],"time":1790872661.4224501,"uptime":1240037.4928605901,"visibleRect":[0,529.33333333333337,402,812]}
SETUP_PROBE {"appearance":"light","dynamicTypeSize":"accessibility5","frame":[32,1543.6666666666665,217.33333333333331,63.333333333333485],"id":"load-film","preferredBodyPoints":53,"time":1790872661.4226351,"uptime":1240037.493042829}
SETUP_PROBE {"appearance":"light","dynamicTypeSize":"accessibility5","frame":[32,768.33333333333337,333.33333333333337,187.33333333333326],"id":"trial-label","preferredBodyPoints":53,"time":1790872661.422709,"uptime":1240037.4931171192}
SETUP_PROBE {"appearance":"light","dynamicTypeSize":"accessibility5","frame":[32,506.66666666666663,199.66666666666666,63.333333333333258],"id":"film-title","preferredBodyPoints":53,"time":1790872661.4227691,"uptime":1240037.4931771092}
SETUP_PROBE {"appearance":"light","dynamicTypeSize":"accessibility5","frame":[60,137.66666666666663,308,63.333333333333371],"id":"silent-capture","preferredBodyPoints":53,"time":1790872661.422827,"uptime":1240037.493234897}
SETUP_PROBE {"appearance":"light","dynamicTypeSize":"accessibility5","frame":[32,-79.666666666666742,302.66666666666663,187.33333333333337],"id":"camera-description","preferredBodyPoints":53,"time":1790872661.422883,"uptime":1240037.4932909871}
SETUP_PROBE {"appearance":"light","dynamicTypeSize":"accessibility5","frame":[32,231,249.66666666666663,125.33333333333337],"id":"orientation-label","preferredBodyPoints":53,"time":1790872661.4229388,"uptime":1240037.4933470341}
SETUP_VIEWPORT {"bounds":[0,530,402,708],"containerSize":[402,708],"contentSize":[402,2089.333333333333],"event":"scroll","insets":[70,0,34,0],"offset":[0,530],"time":1790872661.4393191,"uptime":1240037.5097287002,"visibleRect":[0,530,402,812]}
SETUP_PROBE {"appearance":"light","dynamicTypeSize":"accessibility5","frame":[32,1543,217.33333333333331,63.333333333333485],"id":"load-film","preferredBodyPoints":53,"time":1790872661.439533,"uptime":1240037.5099410561}
SETUP_PROBE {"appearance":"light","dynamicTypeSize":"accessibility5","frame":[32,767.66666666666674,333.33333333333337,187.33333333333326],"id":"trial-label","preferredBodyPoints":53,"time":1790872661.4396319,"uptime":1240037.5100399142}
SETUP_PROBE {"appearance":"light","dynamicTypeSize":"accessibility5","frame":[32,506,199.66666666666666,63.333333333333258],"id":"film-title","preferredBodyPoints":53,"time":1790872661.4397202,"uptime":1240037.5101281861}
SETUP_PROBE {"appearance":"light","dynamicTypeSize":"accessibility5","frame":[60,137,308,63.333333333333371],"id":"silent-capture","preferredBodyPoints":53,"time":1790872661.4398022,"uptime":1240037.510210094}
SETUP_PROBE {"appearance":"light","dynamicTypeSize":"accessibility5","frame":[32,-80.333333333333371,302.66666666666663,187.33333333333337],"id":"camera-description","preferredBodyPoints":53,"time":1790872661.446007,"uptime":1240037.516415423}
SETUP_PROBE {"appearance":"light","dynamicTypeSize":"accessibility5","frame":[32,230.33333333333337,249.66666666666663,125.33333333333337],"id":"orientation-label","preferredBodyPoints":53,"time":1790872661.4461379,"uptime":1240037.516545702}
SETUP_VIEWPORT {"bounds":[0,530.33333333333337,402,708],"containerSize":[402,708],"contentSize":[402,2089.333333333333],"event":"scroll","insets":[70,0,34,0],"offset":[0,530.33333333333337],"time":1790872661.456434,"uptime":1240037.526846501,"visibleRect":[0,530.33333333333337,402,812]}
SETUP_PROBE {"appearance":"light","dynamicTypeSize":"accessibility5","frame":[32,1542.6666666666665,217.33333333333331,63.333333333333485],"id":"load-film","preferredBodyPoints":53,"time":1790872661.4568129,"uptime":1240037.5272214392}
SETUP_PROBE {"appearance":"light","dynamicTypeSize":"accessibility5","frame":[32,767.33333333333337,333.33333333333337,187.33333333333326],"id":"trial-label","preferredBodyPoints":53,"time":1790872661.456913,"uptime":1240037.52732034}
SETUP_PROBE {"appearance":"light","dynamicTypeSize":"accessibility5","frame":[32,505.66666666666663,199.66666666666666,63.333333333333258],"id":"film-title","preferredBodyPoints":53,"time":1790872661.4570041,"uptime":1240037.5274117452}
SETUP_PROBE {"appearance":"light","dynamicTypeSize":"accessibility5","frame":[60,136.66666666666663,308,63.333333333333371],"id":"silent-capture","preferredBodyPoints":53,"time":1790872661.4570889,"uptime":1240037.5274963211}
SETUP_PROBE {"appearance":"light","dynamicTypeSize":"accessibility5","frame":[32,-80.666666666666742,302.66666666666663,187.33333333333337],"id":"camera-description","preferredBodyPoints":53,"time":1790872661.4571729,"uptime":1240037.5275807511}
SETUP_PROBE {"appearance":"light","dynamicTypeSize":"accessibility5","frame":[32,230,249.66666666666663,125.33333333333337],"id":"orientation-label","preferredBodyPoints":53,"time":1790872661.4572592,"uptime":1240037.527666765}
SETUP_VIEWPORT {"bounds":[0,530.66666666666663,402,708],"containerSize":[402,708],"contentSize":[402,2089.333333333333],"event":"scroll","insets":[70,0,34,0],"offset":[0,530.66666666666663],"time":1790872661.472466,"uptime":1240037.5428749882,"visibleRect":[0,530.66666666666663,402,812]}
SETUP_PROBE {"appearance":"light","dynamicTypeSize":"accessibility5","frame":[32,1542.3333333333335,217.33333333333331,63.333333333333485],"id":"load-film","preferredBodyPoints":53,"time":1790872661.472647,"uptime":1240037.543055133}
SETUP_PROBE {"appearance":"light","dynamicTypeSize":"accessibility5","frame":[32,767.00000000000011,333.33333333333337,187.33333333333326],"id":"trial-label","preferredBodyPoints":53,"time":1790872661.472719,"uptime":1240037.5431268511}
SETUP_PROBE {"appearance":"light","dynamicTypeSize":"accessibility5","frame":[32,505.33333333333337,199.66666666666666,63.333333333333258],"id":"film-title","preferredBodyPoints":53,"time":1790872661.4727778,"uptime":1240037.543185757}
SETUP_PROBE {"appearance":"light","dynamicTypeSize":"accessibility5","frame":[60,136.33333333333337,308,63.333333333333371],"id":"silent-capture","preferredBodyPoints":53,"time":1790872661.4728351,"uptime":1240037.5432423491}
SETUP_PROBE {"appearance":"light","dynamicTypeSize":"accessibility5","frame":[32,-81,302.66666666666663,187.33333333333337],"id":"camera-description","preferredBodyPoints":53,"time":1790872661.4728899,"uptime":1240037.5432971572}
SETUP_PROBE {"appearance":"light","dynamicTypeSize":"accessibility5","frame":[32,229.66666666666674,249.66666666666663,125.33333333333337],"id":"orientation-label","preferredBodyPoints":53,"time":1790872661.4729428,"uptime":1240037.5433509601}
SETUP_VIEWPORT {"bounds":[0,531,402,708],"containerSize":[402,708],"contentSize":[402,2089.333333333333],"event":"scroll","insets":[70,0,34,0],"offset":[0,531],"time":1790872661.489316,"uptime":1240037.5597258902,"visibleRect":[0,531,402,812]}
SETUP_PROBE {"appearance":"light","dynamicTypeSize":"accessibility5","frame":[32,1542,217.33333333333331,63.333333333333485],"id":"load-film","preferredBodyPoints":53,"time":1790872661.4895401,"uptime":1240037.5599473421}
SETUP_PROBE {"appearance":"light","dynamicTypeSize":"accessibility5","frame":[32,766.66666666666674,333.33333333333337,187.33333333333326],"id":"trial-label","preferredBodyPoints":53,"time":1790872661.4896431,"uptime":1240037.5600504042}
SETUP_PROBE {"appearance":"light","dynamicTypeSize":"accessibility5","frame":[32,505,199.66666666666666,63.333333333333258],"id":"film-title","preferredBodyPoints":53,"time":1790872661.4897361,"uptime":1240037.5601434081}
SETUP_PROBE {"appearance":"light","dynamicTypeSize":"accessibility5","frame":[60,136,308,63.333333333333371],"id":"silent-capture","preferredBodyPoints":53,"time":1790872661.489821,"uptime":1240037.560229118}
SETUP_PROBE {"appearance":"light","dynamicTypeSize":"accessibility5","frame":[32,-81.333333333333371,302.66666666666663,187.33333333333337],"id":"camera-description","preferredBodyPoints":53,"time":1790872661.4939311,"uptime":1240037.5643402832}
SETUP_PROBE {"appearance":"light","dynamicTypeSize":"accessibility5","frame":[32,229.33333333333337,249.66666666666663,125.33333333333337],"id":"orientation-label","preferredBodyPoints":53,"time":1790872661.4940891,"uptime":1240037.5644964541}
SETUP_VIEWPORT {"bounds":[0,531.66666666666663,402,708],"containerSize":[402,708],"contentSize":[402,2089.333333333333],"event":"scroll","insets":[70,0,34,0],"offset":[0,531.66666666666663],"time":1790872661.5061879,"uptime":1240037.5765976761,"visibleRect":[0,531.66666666666663,402,812]}
SETUP_PROBE {"appearance":"light","dynamicTypeSize":"accessibility5","frame":[32,1541.3333333333335,217.33333333333331,63.333333333333485],"id":"load-film","preferredBodyPoints":53,"time":1790872661.5063701,"uptime":1240037.576777308}
SETUP_PROBE {"appearance":"light","dynamicTypeSize":"accessibility5","frame":[32,766.00000000000011,333.33333333333337,187.33333333333326],"id":"trial-label","preferredBodyPoints":53,"time":1790872661.5064521,"uptime":1240037.576859561}
SETUP_PROBE {"appearance":"light","dynamicTypeSize":"accessibility5","frame":[32,504.33333333333337,199.66666666666666,63.333333333333258],"id":"film-title","preferredBodyPoints":53,"time":1790872661.506515,"uptime":1240037.5769219571}
SETUP_PROBE {"appearance":"light","dynamicTypeSize":"accessibility5","frame":[60,135.33333333333337,308,63.333333333333371],"id":"silent-capture","preferredBodyPoints":53,"time":1790872661.506572,"uptime":1240037.5769793501}
SETUP_PROBE {"appearance":"light","dynamicTypeSize":"accessibility5","frame":[32,-82,302.66666666666663,187.33333333333337],"id":"camera-description","preferredBodyPoints":53,"time":1790872661.506629,"uptime":1240037.5770359801}
SETUP_PROBE {"appearance":"light","dynamicTypeSize":"accessibility5","frame":[32,228.66666666666674,249.66666666666663,125.33333333333337],"id":"orientation-label","preferredBodyPoints":53,"time":1790872661.506685,"uptime":1240037.5770917372}
SETUP_VIEWPORT {"bounds":[0,532,402,708],"containerSize":[402,708],"contentSize":[402,2089.333333333333],"event":"scroll","insets":[70,0,34,0],"offset":[0,532],"time":1790872661.522336,"uptime":1240037.5927448352,"visibleRect":[0,532,402,812]}
SETUP_PROBE {"appearance":"light","dynamicTypeSize":"accessibility5","frame":[32,1541,217.33333333333331,63.333333333333485],"id":"load-film","preferredBodyPoints":53,"time":1790872661.522501,"uptime":1240037.5929082711}
SETUP_PROBE {"appearance":"light","dynamicTypeSize":"accessibility5","frame":[32,765.66666666666674,333.33333333333337,187.33333333333326],"id":"trial-label","preferredBodyPoints":53,"time":1790872661.522578,"uptime":1240037.59298464}
SETUP_PROBE {"appearance":"light","dynamicTypeSize":"accessibility5","frame":[32,504,199.66666666666666,63.333333333333258],"id":"film-title","preferredBodyPoints":53,"time":1790872661.5226421,"uptime":1240037.593049282}
SETUP_PROBE {"appearance":"light","dynamicTypeSize":"accessibility5","frame":[60,135,308,63.333333333333371],"id":"silent-capture","preferredBodyPoints":53,"time":1790872661.522702,"uptime":1240037.5931088191}
SETUP_PROBE {"appearance":"light","dynamicTypeSize":"accessibility5","frame":[32,-82.333333333333371,302.66666666666663,187.33333333333337],"id":"camera-description","preferredBodyPoints":53,"time":1790872661.5227609,"uptime":1240037.593168179}
SETUP_PROBE {"appearance":"light","dynamicTypeSize":"accessibility5","frame":[32,228.33333333333337,249.66666666666663,125.33333333333337],"id":"orientation-label","preferredBodyPoints":53,"time":1790872661.5228209,"uptime":1240037.5932275332}
SETUP_VIEWPORT {"bounds":[0,532.33333333333337,402,708],"containerSize":[402,708],"contentSize":[402,2089.333333333333],"event":"scroll","insets":[70,0,34,0],"offset":[0,532.33333333333337],"time":1790872661.5391421,"uptime":1240037.609550589,"visibleRect":[0,532.33333333333337,402,812]}
SETUP_PROBE {"appearance":"light","dynamicTypeSize":"accessibility5","frame":[32,1540.6666666666665,217.33333333333331,63.333333333333485],"id":"load-film","preferredBodyPoints":53,"time":1790872661.539336,"uptime":1240037.6097429572}
SETUP_PROBE {"appearance":"light","dynamicTypeSize":"accessibility5","frame":[32,765.33333333333337,333.33333333333337,187.33333333333326],"id":"trial-label","preferredBodyPoints":53,"time":1790872661.5394258,"uptime":1240037.6098328661}
SETUP_PROBE {"appearance":"light","dynamicTypeSize":"accessibility5","frame":[32,503.66666666666663,199.66666666666666,63.333333333333258],"id":"film-title","preferredBodyPoints":53,"time":1790872661.5394979,"uptime":1240037.6099046431}
SETUP_PROBE {"appearance":"light","dynamicTypeSize":"accessibility5","frame":[60,134.66666666666663,308,63.333333333333371],"id":"silent-capture","preferredBodyPoints":53,"time":1790872661.539561,"uptime":1240037.6099680001}
SETUP_PROBE {"appearance":"light","dynamicTypeSize":"accessibility5","frame":[32,-82.666666666666742,302.66666666666663,187.33333333333337],"id":"camera-description","preferredBodyPoints":53,"time":1790872661.5396929,"uptime":1240037.610100691}
SETUP_PROBE {"appearance":"light","dynamicTypeSize":"accessibility5","frame":[32,228,249.66666666666663,125.33333333333337],"id":"orientation-label","preferredBodyPoints":53,"time":1790872661.5397701,"uptime":1240037.610176638}
SETUP_VIEWPORT {"bounds":[0,532.66666666666663,402,708],"containerSize":[402,708],"contentSize":[402,2089.333333333333],"event":"scroll","insets":[70,0,34,0],"offset":[0,532.66666666666663],"time":1790872661.555861,"uptime":1240037.6262698742,"visibleRect":[0,532.66666666666663,402,812]}
SETUP_PROBE {"appearance":"light","dynamicTypeSize":"accessibility5","frame":[32,1540.3333333333335,217.33333333333331,63.333333333333485],"id":"load-film","preferredBodyPoints":53,"time":1790872661.556087,"uptime":1240037.6264935101}
SETUP_PROBE {"appearance":"light","dynamicTypeSize":"accessibility5","frame":[32,765.00000000000011,333.33333333333337,187.33333333333326],"id":"trial-label","preferredBodyPoints":53,"time":1790872661.55619,"uptime":1240037.62659658}
SETUP_PROBE {"appearance":"light","dynamicTypeSize":"accessibility5","frame":[32,503.33333333333337,199.66666666666666,63.333333333333258],"id":"film-title","preferredBodyPoints":53,"time":1790872661.556278,"uptime":1240037.626685027}
SETUP_PROBE {"appearance":"light","dynamicTypeSize":"accessibility5","frame":[60,134.33333333333337,308,63.333333333333371],"id":"silent-capture","preferredBodyPoints":53,"time":1790872661.5563469,"uptime":1240037.6267533451}
SETUP_PROBE {"appearance":"light","dynamicTypeSize":"accessibility5","frame":[32,-83,302.66666666666663,187.33333333333337],"id":"camera-description","preferredBodyPoints":53,"time":1790872661.5564079,"uptime":1240037.626814384}
SETUP_PROBE {"appearance":"light","dynamicTypeSize":"accessibility5","frame":[32,227.66666666666674,249.66666666666663,125.33333333333337],"id":"orientation-label","preferredBodyPoints":53,"time":1790872661.5564699,"uptime":1240037.6268766741}
SETUP_VIEWPORT {"bounds":[0,533,402,708],"containerSize":[402,708],"contentSize":[402,2089.333333333333],"event":"scroll","insets":[70,0,34,0],"offset":[0,533],"time":1790872661.572341,"uptime":1240037.6427499352,"visibleRect":[0,533,402,812]}
SETUP_PROBE {"appearance":"light","dynamicTypeSize":"accessibility5","frame":[32,1540,217.33333333333331,63.333333333333485],"id":"load-film","preferredBodyPoints":53,"time":1790872661.5725031,"uptime":1240037.642909819}
SETUP_PROBE {"appearance":"light","dynamicTypeSize":"accessibility5","frame":[32,764.66666666666674,333.33333333333337,187.33333333333326],"id":"trial-label","preferredBodyPoints":53,"time":1790872661.5725741,"uptime":1240037.6429806051}
SETUP_PROBE {"appearance":"light","dynamicTypeSize":"accessibility5","frame":[32,503,199.66666666666666,63.333333333333258],"id":"film-title","preferredBodyPoints":53,"time":1790872661.5726352,"uptime":1240037.6430417011}
SETUP_PROBE {"appearance":"light","dynamicTypeSize":"accessibility5","frame":[60,134,308,63.333333333333371],"id":"silent-capture","preferredBodyPoints":53,"time":1790872661.5726919,"uptime":1240037.643097854}
SETUP_PROBE {"appearance":"light","dynamicTypeSize":"accessibility5","frame":[32,-83.333333333333371,302.66666666666663,187.33333333333337],"id":"camera-description","preferredBodyPoints":53,"time":1790872661.572746,"uptime":1240037.6431529}
SETUP_PROBE {"appearance":"light","dynamicTypeSize":"accessibility5","frame":[32,227.33333333333337,249.66666666666663,125.33333333333337],"id":"orientation-label","preferredBodyPoints":53,"time":1790872661.572804,"uptime":1240037.6432099361}
SETUP_VIEWPORT {"bounds":[0,533.33333333333337,402,708],"containerSize":[402,708],"contentSize":[402,2089.333333333333],"event":"scroll","insets":[70,0,34,0],"offset":[0,533.33333333333337],"time":1790872661.5890288,"uptime":1240037.6594375561,"visibleRect":[0,533.33333333333337,402,812]}
SETUP_PROBE {"appearance":"light","dynamicTypeSize":"accessibility5","frame":[32,1539.6666666666665,217.33333333333331,63.333333333333485],"id":"load-film","preferredBodyPoints":53,"time":1790872661.589196,"uptime":1240037.659601944}
SETUP_PROBE {"appearance":"light","dynamicTypeSize":"accessibility5","frame":[32,764.33333333333337,333.33333333333337,187.33333333333326],"id":"trial-label","preferredBodyPoints":53,"time":1790872661.5892658,"uptime":1240037.6596718822}
SETUP_PROBE {"appearance":"light","dynamicTypeSize":"accessibility5","frame":[32,502.66666666666663,199.66666666666666,63.333333333333258],"id":"film-title","preferredBodyPoints":53,"time":1790872661.5893269,"uptime":1240037.659732782}
SETUP_PROBE {"appearance":"light","dynamicTypeSize":"accessibility5","frame":[60,133.66666666666663,308,63.333333333333371],"id":"silent-capture","preferredBodyPoints":53,"time":1790872661.5893831,"uptime":1240037.6597893701}
SETUP_PROBE {"appearance":"light","dynamicTypeSize":"accessibility5","frame":[32,-83.666666666666742,302.66666666666663,187.33333333333337],"id":"camera-description","preferredBodyPoints":53,"time":1790872661.5894389,"uptime":1240037.659845615}
SETUP_PROBE {"appearance":"light","dynamicTypeSize":"accessibility5","frame":[32,227,249.66666666666663,125.33333333333337],"id":"orientation-label","preferredBodyPoints":53,"time":1790872661.5894949,"uptime":1240037.6599012271}
SETUP_VIEWPORT {"bounds":[0,533.66666666666663,402,708],"containerSize":[402,708],"contentSize":[402,2089.333333333333],"event":"scroll","insets":[70,0,34,0],"offset":[0,533.66666666666663],"time":1790872661.605943,"uptime":1240037.676351133,"visibleRect":[0,533.66666666666663,402,812]}
SETUP_PROBE {"appearance":"light","dynamicTypeSize":"accessibility5","frame":[32,1539.3333333333335,217.33333333333331,63.333333333333485],"id":"load-film","preferredBodyPoints":53,"time":1790872661.606178,"uptime":1240037.6765848012}
SETUP_PROBE {"appearance":"light","dynamicTypeSize":"accessibility5","frame":[32,764.00000000000011,333.33333333333337,187.33333333333326],"id":"trial-label","preferredBodyPoints":53,"time":1790872661.606292,"uptime":1240037.676698718}
SETUP_PROBE {"appearance":"light","dynamicTypeSize":"accessibility5","frame":[32,502.33333333333337,199.66666666666666,63.333333333333258],"id":"film-title","preferredBodyPoints":53,"time":1790872661.6063972,"uptime":1240037.676803516}
SETUP_PROBE {"appearance":"light","dynamicTypeSize":"accessibility5","frame":[60,133.33333333333337,308,63.333333333333371],"id":"silent-capture","preferredBodyPoints":53,"time":1790872661.6064959,"uptime":1240037.6769025652}
SETUP_PROBE {"appearance":"light","dynamicTypeSize":"accessibility5","frame":[32,-84,302.66666666666663,187.33333333333337],"id":"camera-description","preferredBodyPoints":53,"time":1790872661.606585,"uptime":1240037.6769913612}
SETUP_PROBE {"appearance":"light","dynamicTypeSize":"accessibility5","frame":[32,226.66666666666674,249.66666666666663,125.33333333333337],"id":"orientation-label","preferredBodyPoints":53,"time":1790872661.6066771,"uptime":1240037.677083249}
SETUP_VIEWPORT {"bounds":[0,534,402,708],"containerSize":[402,708],"contentSize":[402,2089.333333333333],"event":"scroll","insets":[70,0,34,0],"offset":[0,534],"time":1790872661.622349,"uptime":1240037.692756562,"visibleRect":[0,534,402,812]}
SETUP_PROBE {"appearance":"light","dynamicTypeSize":"accessibility5","frame":[32,1539,217.33333333333331,63.333333333333485],"id":"load-film","preferredBodyPoints":53,"time":1790872661.6225049,"uptime":1240037.6929110261}
SETUP_PROBE {"appearance":"light","dynamicTypeSize":"accessibility5","frame":[32,763.66666666666674,333.33333333333337,187.33333333333326],"id":"trial-label","preferredBodyPoints":53,"time":1790872661.622575,"uptime":1240037.6929807612}
SETUP_PROBE {"appearance":"light","dynamicTypeSize":"accessibility5","frame":[32,502,199.66666666666666,63.333333333333258],"id":"film-title","preferredBodyPoints":53,"time":1790872661.6226349,"uptime":1240037.6930413181}
SETUP_PROBE {"appearance":"light","dynamicTypeSize":"accessibility5","frame":[60,133,308,63.333333333333371],"id":"silent-capture","preferredBodyPoints":53,"time":1790872661.6226912,"uptime":1240037.6930969681}
SETUP_PROBE {"appearance":"light","dynamicTypeSize":"accessibility5","frame":[32,-84.333333333333371,302.66666666666663,187.33333333333337],"id":"camera-description","preferredBodyPoints":53,"time":1790872661.6227469,"uptime":1240037.693152521}
SETUP_PROBE {"appearance":"light","dynamicTypeSize":"accessibility5","frame":[32,226.33333333333337,249.66666666666663,125.33333333333337],"id":"orientation-label","preferredBodyPoints":53,"time":1790872661.622802,"uptime":1240037.6932075131}
SETUP_VIEWPORT {"bounds":[0,534.33333333333337,402,708],"containerSize":[402,708],"contentSize":[402,2089.333333333333],"event":"scroll","insets":[70,0,34,0],"offset":[0,534.33333333333337],"time":1790872661.639029,"uptime":1240037.709436781,"visibleRect":[0,534.33333333333337,402,812]}
SETUP_PROBE {"appearance":"light","dynamicTypeSize":"accessibility5","frame":[32,1538.6666666666665,217.33333333333331,63.333333333333485],"id":"load-film","preferredBodyPoints":53,"time":1790872661.6391978,"uptime":1240037.7096035292}
SETUP_PROBE {"appearance":"light","dynamicTypeSize":"accessibility5","frame":[32,763.33333333333337,333.33333333333337,187.33333333333326],"id":"trial-label","preferredBodyPoints":53,"time":1790872661.6392689,"uptime":1240037.7096747542}
SETUP_PROBE {"appearance":"light","dynamicTypeSize":"accessibility5","frame":[32,501.66666666666663,199.66666666666666,63.333333333333258],"id":"film-title","preferredBodyPoints":53,"time":1790872661.6393299,"uptime":1240037.709736028}
SETUP_PROBE {"appearance":"light","dynamicTypeSize":"accessibility5","frame":[60,132.66666666666663,308,63.333333333333371],"id":"silent-capture","preferredBodyPoints":53,"time":1790872661.6393881,"uptime":1240037.7097942352}
SETUP_PROBE {"appearance":"light","dynamicTypeSize":"accessibility5","frame":[32,-84.666666666666742,302.66666666666663,187.33333333333337],"id":"camera-description","preferredBodyPoints":53,"time":1790872661.6394448,"uptime":1240037.709850606}
SETUP_PROBE {"appearance":"light","dynamicTypeSize":"accessibility5","frame":[32,226,249.66666666666663,125.33333333333337],"id":"orientation-label","preferredBodyPoints":53,"time":1790872661.639508,"uptime":1240037.7099133381}
SETUP_VIEWPORT {"bounds":[0,534.66666666666663,402,708],"containerSize":[402,708],"contentSize":[402,2089.333333333333],"event":"scroll","insets":[70,0,34,0],"offset":[0,534.66666666666663],"time":1790872661.655982,"uptime":1240037.726389518,"visibleRect":[0,534.66666666666663,402,812]}
SETUP_PROBE {"appearance":"light","dynamicTypeSize":"accessibility5","frame":[32,1538.3333333333335,217.33333333333331,63.333333333333485],"id":"load-film","preferredBodyPoints":53,"time":1790872661.6562099,"uptime":1240037.726616346}
SETUP_PROBE {"appearance":"light","dynamicTypeSize":"accessibility5","frame":[32,763.00000000000011,333.33333333333337,187.33333333333326],"id":"trial-label","preferredBodyPoints":53,"time":1790872661.6563101,"uptime":1240037.7267158381}
SETUP_PROBE {"appearance":"light","dynamicTypeSize":"accessibility5","frame":[32,501.33333333333337,199.66666666666666,63.333333333333258],"id":"film-title","preferredBodyPoints":53,"time":1790872661.6564012,"uptime":1240037.726806717}
SETUP_PROBE {"appearance":"light","dynamicTypeSize":"accessibility5","frame":[60,132.33333333333337,308,63.333333333333371],"id":"silent-capture","preferredBodyPoints":53,"time":1790872661.6564841,"uptime":1240037.726889699}
SETUP_PROBE {"appearance":"light","dynamicTypeSize":"accessibility5","frame":[32,-85,302.66666666666663,187.33333333333337],"id":"camera-description","preferredBodyPoints":53,"time":1790872661.6565671,"uptime":1240037.7269721942}
SETUP_PROBE {"appearance":"light","dynamicTypeSize":"accessibility5","frame":[32,225.66666666666674,249.66666666666663,125.33333333333337],"id":"orientation-label","preferredBodyPoints":53,"time":1790872661.656647,"uptime":1240037.7270526031}
SETUP_VIEWPORT {"bounds":[0,535,402,708],"containerSize":[402,708],"contentSize":[402,2089.333333333333],"event":"scroll","insets":[70,0,34,0],"offset":[0,535],"time":1790872661.689034,"uptime":1240037.759441236,"visibleRect":[0,535,402,812]}
SETUP_PROBE {"appearance":"light","dynamicTypeSize":"accessibility5","frame":[32,1538,217.33333333333331,63.333333333333485],"id":"load-film","preferredBodyPoints":53,"time":1790872661.6892018,"uptime":1240037.7596078422}
SETUP_PROBE {"appearance":"light","dynamicTypeSize":"accessibility5","frame":[32,762.66666666666674,333.33333333333337,187.33333333333326],"id":"trial-label","preferredBodyPoints":53,"time":1790872661.6892791,"uptime":1240037.7596845322}
SETUP_PROBE {"appearance":"light","dynamicTypeSize":"accessibility5","frame":[32,501,199.66666666666666,63.333333333333258],"id":"film-title","preferredBodyPoints":53,"time":1790872661.689343,"uptime":1240037.759748318}
SETUP_PROBE {"appearance":"light","dynamicTypeSize":"accessibility5","frame":[60,132,308,63.333333333333371],"id":"silent-capture","preferredBodyPoints":53,"time":1790872661.6894011,"uptime":1240037.7598062821}
SETUP_PROBE {"appearance":"light","dynamicTypeSize":"accessibility5","frame":[32,-85.333333333333371,302.66666666666663,187.33333333333337],"id":"camera-description","preferredBodyPoints":53,"time":1790872661.6894619,"uptime":1240037.7598671161}
SETUP_PROBE {"appearance":"light","dynamicTypeSize":"accessibility5","frame":[32,225.33333333333337,249.66666666666663,125.33333333333337],"id":"orientation-label","preferredBodyPoints":53,"time":1790872661.689548,"uptime":1240037.759953649}
SETUP_VIEWPORT {"bounds":[0,535.33333333333337,402,708],"containerSize":[402,708],"contentSize":[402,2089.333333333333],"event":"scroll","insets":[70,0,34,0],"offset":[0,535.33333333333337],"time":1790872661.70579,"uptime":1240037.7761991841,"visibleRect":[0,535.33333333333337,402,812]}
SETUP_PROBE {"appearance":"light","dynamicTypeSize":"accessibility5","frame":[32,1537.6666666666665,217.33333333333331,63.333333333333485],"id":"load-film","preferredBodyPoints":53,"time":1790872661.7060199,"uptime":1240037.776425516}
SETUP_PROBE {"appearance":"light","dynamicTypeSize":"accessibility5","frame":[32,762.33333333333337,333.33333333333337,187.33333333333326],"id":"trial-label","preferredBodyPoints":53,"time":1790872661.7061028,"uptime":1240037.776507999}
SETUP_PROBE {"appearance":"light","dynamicTypeSize":"accessibility5","frame":[32,500.66666666666663,199.66666666666666,63.333333333333258],"id":"film-title","preferredBodyPoints":53,"time":1790872661.706167,"uptime":1240037.7765716841}
SETUP_PROBE {"appearance":"light","dynamicTypeSize":"accessibility5","frame":[60,131.66666666666663,308,63.333333333333371],"id":"silent-capture","preferredBodyPoints":53,"time":1790872661.7062268,"uptime":1240037.7766315211}
SETUP_PROBE {"appearance":"light","dynamicTypeSize":"accessibility5","frame":[32,-85.666666666666742,302.66666666666663,187.33333333333337],"id":"camera-description","preferredBodyPoints":53,"time":1790872661.706284,"uptime":1240037.7766887262}
SETUP_PROBE {"appearance":"light","dynamicTypeSize":"accessibility5","frame":[32,225,249.66666666666663,125.33333333333337],"id":"orientation-label","preferredBodyPoints":53,"time":1790872661.706341,"uptime":1240037.7767457091}
SETUP_VIEWPORT {"bounds":[0,535.66666666666663,402,708],"containerSize":[402,708],"contentSize":[402,2089.333333333333],"event":"scroll","insets":[70,0,34,0],"offset":[0,535.66666666666663],"time":1790872661.7226381,"uptime":1240037.7930456442,"visibleRect":[0,535.66666666666663,402,812]}
SETUP_PROBE {"appearance":"light","dynamicTypeSize":"accessibility5","frame":[32,1537.3333333333335,217.33333333333331,63.333333333333485],"id":"load-film","preferredBodyPoints":53,"time":1790872661.7228589,"uptime":1240037.7932640112}
SETUP_PROBE {"appearance":"light","dynamicTypeSize":"accessibility5","frame":[32,762.00000000000011,333.33333333333337,187.33333333333326],"id":"trial-label","preferredBodyPoints":53,"time":1790872661.722959,"uptime":1240037.793364133}
SETUP_PROBE {"appearance":"light","dynamicTypeSize":"accessibility5","frame":[32,500.33333333333337,199.66666666666666,63.333333333333258],"id":"film-title","preferredBodyPoints":53,"time":1790872661.723048,"uptime":1240037.793453004}
SETUP_PROBE {"appearance":"light","dynamicTypeSize":"accessibility5","frame":[60,131.33333333333337,308,63.333333333333371],"id":"silent-capture","preferredBodyPoints":53,"time":1790872661.7231321,"uptime":1240037.7935365671}
SETUP_PROBE {"appearance":"light","dynamicTypeSize":"accessibility5","frame":[32,-86,302.66666666666663,187.33333333333337],"id":"camera-description","preferredBodyPoints":53,"time":1790872661.7232141,"uptime":1240037.793618514}
SETUP_PROBE {"appearance":"light","dynamicTypeSize":"accessibility5","frame":[32,224.66666666666674,249.66666666666663,125.33333333333337],"id":"orientation-label","preferredBodyPoints":53,"time":1790872661.723294,"uptime":1240037.793698882}
SETUP_VIEWPORT {"bounds":[0,536,402,708],"containerSize":[402,708],"contentSize":[402,2089.333333333333],"event":"scroll","insets":[70,0,34,0],"offset":[0,536],"time":1790872661.7557058,"uptime":1240037.8261128732,"visibleRect":[0,536,402,812]}
SETUP_PROBE {"appearance":"light","dynamicTypeSize":"accessibility5","frame":[32,1537,217.33333333333331,63.333333333333485],"id":"load-film","preferredBodyPoints":53,"time":1790872661.7558689,"uptime":1240037.8262739771}
SETUP_PROBE {"appearance":"light","dynamicTypeSize":"accessibility5","frame":[32,761.66666666666674,333.33333333333337,187.33333333333326],"id":"trial-label","preferredBodyPoints":53,"time":1790872661.7559409,"uptime":1240037.826345437}
SETUP_PROBE {"appearance":"light","dynamicTypeSize":"accessibility5","frame":[32,500,199.66666666666666,63.333333333333258],"id":"film-title","preferredBodyPoints":53,"time":1790872661.7560029,"uptime":1240037.8264073031}
SETUP_PROBE {"appearance":"light","dynamicTypeSize":"accessibility5","frame":[60,131,308,63.333333333333371],"id":"silent-capture","preferredBodyPoints":53,"time":1790872661.7560611,"uptime":1240037.8264650411}
SETUP_PROBE {"appearance":"light","dynamicTypeSize":"accessibility5","frame":[32,-86.333333333333371,302.66666666666663,187.33333333333337],"id":"camera-description","preferredBodyPoints":53,"time":1790872661.7561181,"uptime":1240037.826522839}
SETUP_PROBE {"appearance":"light","dynamicTypeSize":"accessibility5","frame":[32,224.33333333333337,249.66666666666663,125.33333333333337],"id":"orientation-label","preferredBodyPoints":53,"time":1790872661.756176,"uptime":1240037.8265805691}
SETUP_VIEWPORT {"bounds":[0,536.33333333333337,402,708],"containerSize":[402,708],"contentSize":[402,2089.333333333333],"event":"scroll","insets":[70,0,34,0],"offset":[0,536.33333333333337],"time":1790872661.772682,"uptime":1240037.843088723,"visibleRect":[0,536.33333333333337,402,812]}
SETUP_PROBE {"appearance":"light","dynamicTypeSize":"accessibility5","frame":[32,1536.6666666666665,217.33333333333331,63.333333333333485],"id":"load-film","preferredBodyPoints":53,"time":1790872661.772918,"uptime":1240037.843322915}
SETUP_PROBE {"appearance":"light","dynamicTypeSize":"accessibility5","frame":[32,761.33333333333337,333.33333333333337,187.33333333333326],"id":"trial-label","preferredBodyPoints":53,"time":1790872661.773026,"uptime":1240037.8434300111}
SETUP_PROBE {"appearance":"light","dynamicTypeSize":"accessibility5","frame":[32,499.66666666666663,199.66666666666666,63.333333333333258],"id":"film-title","preferredBodyPoints":53,"time":1790872661.773118,"uptime":1240037.84352231}
SETUP_PROBE {"appearance":"light","dynamicTypeSize":"accessibility5","frame":[60,130.66666666666663,308,63.333333333333371],"id":"silent-capture","preferredBodyPoints":53,"time":1790872661.773206,"uptime":1240037.8436105752}
SETUP_PROBE {"appearance":"light","dynamicTypeSize":"accessibility5","frame":[32,-86.666666666666742,302.66666666666663,187.33333333333337],"id":"camera-description","preferredBodyPoints":53,"time":1790872661.7732921,"uptime":1240037.8436968201}
SETUP_PROBE {"appearance":"light","dynamicTypeSize":"accessibility5","frame":[32,224,249.66666666666663,125.33333333333337],"id":"orientation-label","preferredBodyPoints":53,"time":1790872661.7733788,"uptime":1240037.843782956}
SETUP_VIEWPORT {"bounds":[0,536.66666666666663,402,708],"containerSize":[402,708],"contentSize":[402,2089.333333333333],"event":"scroll","insets":[70,0,34,0],"offset":[0,536.66666666666663],"time":1790872661.8058519,"uptime":1240037.8762582331,"visibleRect":[0,536.66666666666663,402,812]}
SETUP_PROBE {"appearance":"light","dynamicTypeSize":"accessibility5","frame":[32,1536.3333333333335,217.33333333333331,63.333333333333485],"id":"load-film","preferredBodyPoints":53,"time":1790872661.8060188,"uptime":1240037.876422785}
SETUP_PROBE {"appearance":"light","dynamicTypeSize":"accessibility5","frame":[32,761.00000000000011,333.33333333333337,187.33333333333326],"id":"trial-label","preferredBodyPoints":53,"time":1790872661.806092,"uptime":1240037.8764959192}
SETUP_PROBE {"appearance":"light","dynamicTypeSize":"accessibility5","frame":[32,499.33333333333337,199.66666666666666,63.333333333333258],"id":"film-title","preferredBodyPoints":53,"time":1790872661.806154,"uptime":1240037.876557566}
SETUP_PROBE {"appearance":"light","dynamicTypeSize":"accessibility5","frame":[60,130.33333333333337,308,63.333333333333371],"id":"silent-capture","preferredBodyPoints":53,"time":1790872661.8062119,"uptime":1240037.87661607}
SETUP_PROBE {"appearance":"light","dynamicTypeSize":"accessibility5","frame":[32,-87,302.66666666666663,187.33333333333337],"id":"camera-description","preferredBodyPoints":53,"time":1790872661.8062692,"uptime":1240037.8766727732}
SETUP_PROBE {"appearance":"light","dynamicTypeSize":"accessibility5","frame":[32,223.66666666666674,249.66666666666663,125.33333333333337],"id":"orientation-label","preferredBodyPoints":53,"time":1790872661.806324,"uptime":1240037.8767283501}
SETUP_VIEWPORT {"bounds":[0,537,402,708],"containerSize":[402,708],"contentSize":[402,2089.333333333333],"event":"scroll","insets":[70,0,34,0],"offset":[0,537],"time":1790872661.8223572,"uptime":1240037.892763559,"visibleRect":[0,537,402,812]}
SETUP_PROBE {"appearance":"light","dynamicTypeSize":"accessibility5","frame":[32,1536,217.33333333333331,63.333333333333485],"id":"load-film","preferredBodyPoints":53,"time":1790872661.8225269,"uptime":1240037.8929310581}
SETUP_PROBE {"appearance":"light","dynamicTypeSize":"accessibility5","frame":[32,760.66666666666674,333.33333333333337,187.33333333333326],"id":"trial-label","preferredBodyPoints":53,"time":1790872661.8226008,"uptime":1240037.8930051432}
SETUP_PROBE {"appearance":"light","dynamicTypeSize":"accessibility5","frame":[32,499,199.66666666666666,63.333333333333258],"id":"film-title","preferredBodyPoints":53,"time":1790872661.8226619,"uptime":1240037.8930661911}
SETUP_PROBE {"appearance":"light","dynamicTypeSize":"accessibility5","frame":[60,130,308,63.333333333333371],"id":"silent-capture","preferredBodyPoints":53,"time":1790872661.822721,"uptime":1240037.893124396}
SETUP_PROBE {"appearance":"light","dynamicTypeSize":"accessibility5","frame":[32,-87.333333333333371,302.66666666666663,187.33333333333337],"id":"camera-description","preferredBodyPoints":53,"time":1790872661.822778,"uptime":1240037.893181351}
SETUP_PROBE {"appearance":"light","dynamicTypeSize":"accessibility5","frame":[32,223.33333333333337,249.66666666666663,125.33333333333337],"id":"orientation-label","preferredBodyPoints":53,"time":1790872661.822834,"uptime":1240037.8932381861}
SETUP_VIEWPORT {"bounds":[0,537.33333333333337,402,708],"containerSize":[402,708],"contentSize":[402,2089.333333333333],"event":"scroll","insets":[70,0,34,0],"offset":[0,537.33333333333337],"time":1790872661.8558631,"uptime":1240037.9262685191,"visibleRect":[0,537.33333333333337,402,812]}
SETUP_PROBE {"appearance":"light","dynamicTypeSize":"accessibility5","frame":[32,1535.6666666666665,217.33333333333331,63.333333333333485],"id":"load-film","preferredBodyPoints":53,"time":1790872661.856019,"uptime":1240037.926422863}
SETUP_PROBE {"appearance":"light","dynamicTypeSize":"accessibility5","frame":[32,760.33333333333337,333.33333333333337,187.33333333333326],"id":"trial-label","preferredBodyPoints":53,"time":1790872661.8560882,"uptime":1240037.926491535}
SETUP_PROBE {"appearance":"light","dynamicTypeSize":"accessibility5","frame":[32,498.66666666666663,199.66666666666666,63.333333333333258],"id":"film-title","preferredBodyPoints":53,"time":1790872661.8561459,"uptime":1240037.926549637}
SETUP_PROBE {"appearance":"light","dynamicTypeSize":"accessibility5","frame":[60,129.66666666666663,308,63.333333333333371],"id":"silent-capture","preferredBodyPoints":53,"time":1790872661.8562012,"uptime":1240037.9266049152}
SETUP_PROBE {"appearance":"light","dynamicTypeSize":"accessibility5","frame":[32,-87.666666666666742,302.66666666666663,187.33333333333337],"id":"camera-description","preferredBodyPoints":53,"time":1790872661.856256,"uptime":1240037.926658927}
SETUP_PROBE {"appearance":"light","dynamicTypeSize":"accessibility5","frame":[32,223,249.66666666666663,125.33333333333337],"id":"orientation-label","preferredBodyPoints":53,"time":1790872661.8563089,"uptime":1240037.9267122841}
SETUP_VIEWPORT {"bounds":[0,537.66666666666663,402,708],"containerSize":[402,708],"contentSize":[402,2089.333333333333],"event":"scroll","insets":[70,0,34,0],"offset":[0,537.66666666666663],"time":1790872661.8890009,"uptime":1240037.9594063412,"visibleRect":[0,537.66666666666663,402,812]}
SETUP_PROBE {"appearance":"light","dynamicTypeSize":"accessibility5","frame":[32,1535.3333333333335,217.33333333333331,63.333333333333485],"id":"load-film","preferredBodyPoints":53,"time":1790872661.8891668,"uptime":1240037.9595704291}
SETUP_PROBE {"appearance":"light","dynamicTypeSize":"accessibility5","frame":[32,760.00000000000011,333.33333333333337,187.33333333333326],"id":"trial-label","preferredBodyPoints":53,"time":1790872661.88924,"uptime":1240037.959643424}
SETUP_PROBE {"appearance":"light","dynamicTypeSize":"accessibility5","frame":[32,498.33333333333337,199.66666666666666,63.333333333333258],"id":"film-title","preferredBodyPoints":53,"time":1790872661.8892999,"uptime":1240037.9597027812}
SETUP_PROBE {"appearance":"light","dynamicTypeSize":"accessibility5","frame":[60,129.33333333333337,308,63.333333333333371],"id":"silent-capture","preferredBodyPoints":53,"time":1790872661.8893561,"uptime":1240037.959758671}
SETUP_PROBE {"appearance":"light","dynamicTypeSize":"accessibility5","frame":[32,-88,302.66666666666663,187.33333333333337],"id":"camera-description","preferredBodyPoints":53,"time":1790872661.88941,"uptime":1240037.9598132861}
SETUP_PROBE {"appearance":"light","dynamicTypeSize":"accessibility5","frame":[32,222.66666666666674,249.66666666666663,125.33333333333337],"id":"orientation-label","preferredBodyPoints":53,"time":1790872661.8894639,"uptime":1240037.9598667282}
SETUP_VIEWPORT {"bounds":[0,538,402,708],"containerSize":[402,708],"contentSize":[402,2089.333333333333],"event":"scroll","insets":[70,0,34,0],"offset":[0,538],"time":1790872661.905673,"uptime":1240037.976077829,"visibleRect":[0,538,402,812]}
SETUP_PROBE {"appearance":"light","dynamicTypeSize":"accessibility5","frame":[32,1535,217.33333333333331,63.333333333333485],"id":"load-film","preferredBodyPoints":53,"time":1790872661.905834,"uptime":1240037.9762367161}
SETUP_PROBE {"appearance":"light","dynamicTypeSize":"accessibility5","frame":[32,759.66666666666674,333.33333333333337,187.33333333333326],"id":"trial-label","preferredBodyPoints":53,"time":1790872661.9059041,"uptime":1240037.9763065651}
SETUP_PROBE {"appearance":"light","dynamicTypeSize":"accessibility5","frame":[32,498,199.66666666666666,63.333333333333258],"id":"film-title","preferredBodyPoints":53,"time":1790872661.9059649,"uptime":1240037.9763681721}
SETUP_PROBE {"appearance":"light","dynamicTypeSize":"accessibility5","frame":[60,129,308,63.333333333333371],"id":"silent-capture","preferredBodyPoints":53,"time":1790872661.9060221,"uptime":1240037.9764249981}
SETUP_PROBE {"appearance":"light","dynamicTypeSize":"accessibility5","frame":[32,-88.333333333333371,302.66666666666663,187.33333333333337],"id":"camera-description","preferredBodyPoints":53,"time":1790872661.9060769,"uptime":1240037.9764802291}
SETUP_PROBE {"appearance":"light","dynamicTypeSize":"accessibility5","frame":[32,222.33333333333337,249.66666666666663,125.33333333333337],"id":"orientation-label","preferredBodyPoints":53,"time":1790872661.9061341,"uptime":1240037.9765366032}
SETUP_VIEWPORT {"bounds":[0,538,402,708],"containerSize":[402,708],"contentSize":[402,833],"event":"scroll","insets":[70,0,34,0],"offset":[0,538],"time":1790872664.4445839,"uptime":1240040.5149631512,"visibleRect":[0,538,402,812]}
SETUP_PROBE {"appearance":"light","dynamicTypeSize":"xSmall","frame":[32,322.5,62,17],"id":"load-film","preferredBodyPoints":14,"time":1790872664.4447899,"uptime":1240040.515167305}
SETUP_PROBE {"appearance":"light","dynamicTypeSize":"xSmall","frame":[32,322.5,62,17],"id":"load-film","preferredBodyPoints":14,"time":1790872664.44489,"uptime":1240040.5152665111}
SETUP_PROBE {"appearance":"light","dynamicTypeSize":"xSmall","frame":[32,88.166666666666629,211.33333333333334,17],"id":"trial-label","preferredBodyPoints":14,"time":1790872664.444979,"uptime":1240040.5153560711}
SETUP_PROBE {"appearance":"light","dynamicTypeSize":"xSmall","frame":[32,88.166666666666629,211.33333333333334,17],"id":"trial-label","preferredBodyPoints":14,"time":1790872664.4450579,"uptime":1240040.5154341122}
SETUP_PROBE {"appearance":"light","dynamicTypeSize":"xSmall","frame":[32,-130.33333333333337,58,17],"id":"film-title","preferredBodyPoints":14,"time":1790872664.4451389,"uptime":1240040.5155151291}
SETUP_PROBE {"appearance":"light","dynamicTypeSize":"xSmall","frame":[32,-130.33333333333337,58,17],"id":"film-title","preferredBodyPoints":14,"time":1790872664.4452128,"uptime":1240040.5155896451}
SETUP_PROBE {"appearance":"light","dynamicTypeSize":"xSmall","frame":[32,222.33333333333337,249.66666666666663,125.33333333333337],"id":"orientation-label","preferredBodyPoints":14,"time":1790872664.445348,"uptime":1240040.5157251281}
SETUP_PROBE {"appearance":"light","dynamicTypeSize":"xSmall","frame":[60,-301.66666666666663,89.666666666666657,17],"id":"silent-capture","preferredBodyPoints":14,"time":1790872664.4454379,"uptime":1240040.5158144771}
SETUP_PROBE {"appearance":"light","dynamicTypeSize":"xSmall","frame":[60,-301.66666666666663,89.666666666666657,17],"id":"silent-capture","preferredBodyPoints":14,"time":1790872664.4455199,"uptime":1240040.5158968021}
SETUP_PROBE {"appearance":"light","dynamicTypeSize":"xSmall","frame":[32,-354.5,193,17],"id":"camera-description","preferredBodyPoints":14,"time":1790872664.4456038,"uptime":1240040.5159803182}
SETUP_PROBE {"appearance":"light","dynamicTypeSize":"xSmall","frame":[32,-354.5,193,17],"id":"camera-description","preferredBodyPoints":14,"time":1790872664.4460359,"uptime":1240040.5164132791}
SETUP_PROBE {"appearance":"light","dynamicTypeSize":"xSmall","frame":[32,-251.33333333333337,114.33333333333331,17],"id":"orientation-label","preferredBodyPoints":14,"time":1790872664.446131,"uptime":1240040.516507538}
SETUP_VIEWPORT {"bounds":[0,55,402,708],"containerSize":[402,708],"contentSize":[402,833],"event":"scroll","insets":[70,0,34,0],"offset":[0,55],"time":1790872664.448422,"uptime":1240040.5188002631,"visibleRect":[0,55,402,812]}
SETUP_PROBE {"appearance":"light","dynamicTypeSize":"xSmall","frame":[32,805.5,62,17],"id":"load-film","preferredBodyPoints":14,"time":1790872664.4485989,"uptime":1240040.518975294}
SETUP_PROBE {"appearance":"light","dynamicTypeSize":"xSmall","frame":[32,571.16666666666663,211.33333333333334,17],"id":"trial-label","preferredBodyPoints":14,"time":1790872664.4486752,"uptime":1240040.5190515451}
SETUP_PROBE {"appearance":"light","dynamicTypeSize":"xSmall","frame":[32,352.66666666666663,58,17],"id":"film-title","preferredBodyPoints":14,"time":1790872664.4487381,"uptime":1240040.5191141081}
SETUP_PROBE {"appearance":"light","dynamicTypeSize":"xSmall","frame":[60,181.33333333333334,89.666666666666657,17],"id":"silent-capture","preferredBodyPoints":14,"time":1790872664.4487939,"uptime":1240040.5191703001}
SETUP_PROBE {"appearance":"light","dynamicTypeSize":"xSmall","frame":[32,128.5,193,17],"id":"camera-description","preferredBodyPoints":14,"time":1790872664.4488502,"uptime":1240040.5192260761}
SETUP_PROBE {"appearance":"light","dynamicTypeSize":"xSmall","frame":[32,231.66666666666666,114.33333333333331,17],"id":"orientation-label","preferredBodyPoints":14,"time":1790872664.448904,"uptime":1240040.519280798}
SETUP_VIEWPORT {"bounds":[0,55,402,708],"containerSize":[402,708],"contentSize":[402,726],"event":"scroll","insets":[70,0,34,0],"offset":[0,55],"time":1790872664.5063529,"uptime":1240040.576730327,"visibleRect":[0,55,402,812]}
SETUP_PROBE {"appearance":"light","dynamicTypeSize":"xSmall","frame":[32,698.5,62,17],"id":"load-film","preferredBodyPoints":14,"time":1790872664.50652,"uptime":1240040.576895975}
SETUP_PROBE {"appearance":"light","dynamicTypeSize":"xSmall","frame":[32,464.16666666666663,211.33333333333334,17],"id":"trial-label","preferredBodyPoints":14,"time":1790872664.5065908,"uptime":1240040.576966793}
SETUP_VIEWPORT {"bounds":[0,-52,402,708],"containerSize":[402,708],"contentSize":[402,726],"event":"scroll","insets":[70,0,34,0],"offset":[0,-52],"time":1790872664.5084939,"uptime":1240040.5788709312,"visibleRect":[0,-52,402,812]}
SETUP_PROBE {"appearance":"light","dynamicTypeSize":"xSmall","frame":[32,805.5,62,17],"id":"load-film","preferredBodyPoints":14,"time":1790872664.50862,"uptime":1240040.5789959971}
SETUP_PROBE {"appearance":"light","dynamicTypeSize":"xSmall","frame":[32,571.16666666666663,211.33333333333334,17],"id":"trial-label","preferredBodyPoints":14,"time":1790872664.508687,"uptime":1240040.5790627832}
SETUP_PROBE {"appearance":"light","dynamicTypeSize":"xSmall","frame":[32,459.66666666666663,58,17],"id":"film-title","preferredBodyPoints":14,"time":1790872664.5087471,"uptime":1240040.579122782}
SETUP_PROBE {"appearance":"light","dynamicTypeSize":"xSmall","frame":[60,288.33333333333337,89.666666666666657,17],"id":"silent-capture","preferredBodyPoints":14,"time":1790872664.5088081,"uptime":1240040.5791839361}
SETUP_PROBE {"appearance":"light","dynamicTypeSize":"xSmall","frame":[32,235.5,193,17],"id":"camera-description","preferredBodyPoints":14,"time":1790872664.5088649,"uptime":1240040.579240819}
SETUP_PROBE {"appearance":"light","dynamicTypeSize":"xSmall","frame":[32,338.66666666666663,114.33333333333331,17],"id":"orientation-label","preferredBodyPoints":14,"time":1790872664.508919,"uptime":1240040.5792948031}
SETUP_VIEWPORT {"bounds":[0,-52,402,708],"containerSize":[402,708],"contentSize":[402,729],"event":"scroll","insets":[70,0,34,0],"offset":[0,-52],"time":1790872664.5768728,"uptime":1240040.6472497161,"visibleRect":[0,-52,402,812]}
SETUP_PROBE {"appearance":"light","dynamicTypeSize":"small","frame":[32,808,66,18],"id":"load-film","preferredBodyPoints":15,"time":1790872664.5770721,"uptime":1240040.6474480201}
SETUP_PROBE {"appearance":"light","dynamicTypeSize":"small","frame":[32,808,66,18],"id":"load-film","preferredBodyPoints":15,"time":1790872664.5771651,"uptime":1240040.6475400401}
SETUP_PROBE {"appearance":"light","dynamicTypeSize":"small","frame":[32,573.66666666666663,224.33333333333337,18],"id":"trial-label","preferredBodyPoints":15,"time":1790872664.5772419,"uptime":1240040.6476170302}
SETUP_PROBE {"appearance":"light","dynamicTypeSize":"small","frame":[32,573.66666666666663,224.33333333333337,18],"id":"trial-label","preferredBodyPoints":15,"time":1790872664.5773261,"uptime":1240040.6477017771}
SETUP_PROBE {"appearance":"light","dynamicTypeSize":"small","frame":[32,460.66666666666663,61.666666666666657,18],"id":"film-title","preferredBodyPoints":15,"time":1790872664.577419,"uptime":1240040.6477936991}
SETUP_PROBE {"appearance":"light","dynamicTypeSize":"small","frame":[32,460.66666666666663,61.666666666666657,18],"id":"film-title","preferredBodyPoints":15,"time":1790872664.5775051,"uptime":1240040.6478802171}
SETUP_PROBE {"appearance":"light","dynamicTypeSize":"small","frame":[32,338.66666666666663,114.33333333333331,17],"id":"orientation-label","preferredBodyPoints":15,"time":1790872664.5775881,"uptime":1240040.647962722}
SETUP_PROBE {"appearance":"light","dynamicTypeSize":"small","frame":[60,287.83333333333337,95,18],"id":"silent-capture","preferredBodyPoints":15,"time":1790872664.577672,"uptime":1240040.6480475841}
SETUP_PROBE {"appearance":"light","dynamicTypeSize":"small","frame":[60,287.83333333333337,95,18],"id":"silent-capture","preferredBodyPoints":15,"time":1790872664.577755,"uptime":1240040.6481303752}
SETUP_PROBE {"appearance":"light","dynamicTypeSize":"small","frame":[32,235,204.33333333333331,18],"id":"camera-description","preferredBodyPoints":15,"time":1790872664.577848,"uptime":1240040.64822331}
SETUP_PROBE {"appearance":"light","dynamicTypeSize":"small","frame":[32,235,204.33333333333331,18],"id":"camera-description","preferredBodyPoints":15,"time":1790872664.5779309,"uptime":1240040.6483061751}
SETUP_PROBE {"appearance":"light","dynamicTypeSize":"small","frame":[32,338.66666666666663,121.33333333333331,18],"id":"orientation-label","preferredBodyPoints":15,"time":1790872664.578016,"uptime":1240040.648390881}
SETUP_VIEWPORT {"bounds":[0,-52,402,708],"containerSize":[402,708],"contentSize":[402,732.66666666666663],"event":"scroll","insets":[70,0,34,0],"offset":[0,-52],"time":1790872664.7030621,"uptime":1240040.7734369151,"visibleRect":[0,-52,402,812]}
SETUP_PROBE {"appearance":"light","dynamicTypeSize":"medium","frame":[32,811,69.666666666666657,19.333333333333371],"id":"load-film","preferredBodyPoints":16,"time":1790872664.703208,"uptime":1240040.773581791}
SETUP_PROBE {"appearance":"light","dynamicTypeSize":"medium","frame":[32,811,69.666666666666657,19.333333333333371],"id":"load-film","preferredBodyPoints":16,"time":1790872664.7032731,"uptime":1240040.7736463081}
SETUP_PROBE {"appearance":"light","dynamicTypeSize":"medium","frame":[32,576.66666666666663,236.66666666666663,19.333333333333371],"id":"trial-label","preferredBodyPoints":16,"time":1790872664.703337,"uptime":1240040.7737104432}
SETUP_PROBE {"appearance":"light","dynamicTypeSize":"medium","frame":[32,576.66666666666663,236.66666666666663,19.333333333333371],"id":"trial-label","preferredBodyPoints":16,"time":1790872664.7033911,"uptime":1240040.773764791}
SETUP_PROBE {"appearance":"light","dynamicTypeSize":"medium","frame":[32,462,65,19.333333333333314],"id":"film-title","preferredBodyPoints":16,"time":1790872664.7034481,"uptime":1240040.7738219011}
SETUP_PROBE {"appearance":"light","dynamicTypeSize":"medium","frame":[32,462,65,19.333333333333314],"id":"film-title","preferredBodyPoints":16,"time":1790872664.7034988,"uptime":1240040.7738731301}
SETUP_PROBE {"appearance":"light","dynamicTypeSize":"medium","frame":[32,338.66666666666663,121.33333333333331,18],"id":"orientation-label","preferredBodyPoints":16,"time":1790872664.703547,"uptime":1240040.7739209002}
SETUP_PROBE {"appearance":"light","dynamicTypeSize":"medium","frame":[60,287.16666666666663,100.33333333333331,19.333333333333371],"id":"silent-capture","preferredBodyPoints":16,"time":1790872664.7035999,"uptime":1240040.7739740061}
SETUP_PROBE {"appearance":"light","dynamicTypeSize":"medium","frame":[60,287.16666666666663,100.33333333333331,19.333333333333371],"id":"silent-capture","preferredBodyPoints":16,"time":1790872664.703651,"uptime":1240040.77402484}
SETUP_PROBE {"appearance":"light","dynamicTypeSize":"medium","frame":[32,234.33333333333334,216,19.333333333333343],"id":"camera-description","preferredBodyPoints":16,"time":1790872664.7037029,"uptime":1240040.7740771521}
SETUP_PROBE {"appearance":"light","dynamicTypeSize":"medium","frame":[32,234.33333333333334,216,19.333333333333343],"id":"camera-description","preferredBodyPoints":16,"time":1790872664.703753,"uptime":1240040.774126271}
SETUP_PROBE {"appearance":"light","dynamicTypeSize":"medium","frame":[32,338.66666666666663,128.33333333333331,19.333333333333371],"id":"orientation-label","preferredBodyPoints":16,"time":1790872664.703804,"uptime":1240040.7741772491}
SETUP_VIEWPORT {"bounds":[0,-52,402,708],"containerSize":[402,708],"contentSize":[402,739],"event":"scroll","insets":[70,0,34,0],"offset":[0,-52],"time":1790872664.8336639,"uptime":1240040.904038273,"visibleRect":[0,-52,402,812]}
SETUP_PROBE {"appearance":"light","dynamicTypeSize":"large","frame":[32,816.83333333333337,73.333333333333329,20.333333333333371],"id":"load-film","preferredBodyPoints":17,"time":1790872664.8338261,"uptime":1240040.9041984042}
SETUP_PROBE {"appearance":"light","dynamicTypeSize":"large","frame":[32,816.83333333333337,73.333333333333329,20.333333333333371],"id":"load-film","preferredBodyPoints":17,"time":1790872664.8338981,"uptime":1240040.904270536}
SETUP_PROBE {"appearance":"light","dynamicTypeSize":"large","frame":[32,579.16666666666663,247.66666666666669,20.333333333333371],"id":"trial-label","preferredBodyPoints":17,"time":1790872664.8339601,"uptime":1240040.9043324671}
SETUP_PROBE {"appearance":"light","dynamicTypeSize":"large","frame":[32,579.16666666666663,247.66666666666669,20.333333333333371],"id":"trial-label","preferredBodyPoints":17,"time":1790872664.834017,"uptime":1240040.9043891812}
SETUP_PROBE {"appearance":"light","dynamicTypeSize":"large","frame":[32,463,68,20.333333333333314],"id":"film-title","preferredBodyPoints":17,"time":1790872664.8340759,"uptime":1240040.904448234}
SETUP_PROBE {"appearance":"light","dynamicTypeSize":"large","frame":[32,463,68,20.333333333333314],"id":"film-title","preferredBodyPoints":17,"time":1790872664.834131,"uptime":1240040.904503413}
SETUP_PROBE {"appearance":"light","dynamicTypeSize":"large","frame":[32,338.66666666666663,128.33333333333331,19.333333333333371],"id":"orientation-label","preferredBodyPoints":17,"time":1790872664.8341808,"uptime":1240040.9045537461}
SETUP_PROBE {"appearance":"light","dynamicTypeSize":"large","frame":[60,286.66666666666663,105.33333333333331,20.333333333333371],"id":"silent-capture","preferredBodyPoints":17,"time":1790872664.834239,"uptime":1240040.9046110071}
SETUP_PROBE {"appearance":"light","dynamicTypeSize":"large","frame":[60,286.66666666666663,105.33333333333331,20.333333333333371],"id":"silent-capture","preferredBodyPoints":17,"time":1790872664.8342919,"uptime":1240040.9046642061}
SETUP_PROBE {"appearance":"light","dynamicTypeSize":"large","frame":[32,233.83333333333334,226.66666666666663,20.333333333333343],"id":"camera-description","preferredBodyPoints":17,"time":1790872664.834348,"uptime":1240040.904720128}
SETUP_PROBE {"appearance":"light","dynamicTypeSize":"large","frame":[32,233.83333333333334,226.66666666666663,20.333333333333343],"id":"camera-description","preferredBodyPoints":17,"time":1790872664.8344002,"uptime":1240040.9047726821}
SETUP_PROBE {"appearance":"light","dynamicTypeSize":"large","frame":[32,338.66666666666663,134.66666666666666,20.333333333333371],"id":"orientation-label","preferredBodyPoints":17,"time":1790872664.834455,"uptime":1240040.904827449}
SETUP_VIEWPORT {"bounds":[0,-52,402,708],"containerSize":[402,708],"contentSize":[402,776.66666666666663],"event":"scroll","insets":[70,0,34,0],"offset":[0,-52],"time":1790872664.961231,"uptime":1240041.0316037501,"visibleRect":[0,-52,402,812]}
SETUP_PROBE {"appearance":"light","dynamicTypeSize":"xLarge","frame":[32,852.66666666666663,81.333333333333329,23],"id":"load-film","preferredBodyPoints":19,"time":1790872664.96138,"uptime":1240041.031751588}
SETUP_PROBE {"appearance":"light","dynamicTypeSize":"xLarge","frame":[32,852.66666666666663,81.333333333333329,23],"id":"load-film","preferredBodyPoints":19,"time":1790872664.9614449,"uptime":1240041.0318158641}
SETUP_PROBE {"appearance":"light","dynamicTypeSize":"xLarge","frame":[32,588.66666666666663,274.33333333333331,23],"id":"trial-label","preferredBodyPoints":19,"time":1790872664.9615011,"uptime":1240041.0318715821}
SETUP_PROBE {"appearance":"light","dynamicTypeSize":"xLarge","frame":[32,588.66666666666663,274.33333333333331,23],"id":"trial-label","preferredBodyPoints":19,"time":1790872664.9615531,"uptime":1240041.0319239812}
SETUP_PROBE {"appearance":"light","dynamicTypeSize":"xLarge","frame":[32,468.66666666666663,75.333333333333329,23],"id":"film-title","preferredBodyPoints":19,"time":1790872664.961606,"uptime":1240041.0319773431}
SETUP_PROBE {"appearance":"light","dynamicTypeSize":"xLarge","frame":[32,468.66666666666663,75.333333333333329,23],"id":"film-title","preferredBodyPoints":19,"time":1790872664.9616561,"uptime":1240041.0320270211}
SETUP_PROBE {"appearance":"light","dynamicTypeSize":"xLarge","frame":[32,338.66666666666663,134.66666666666666,20.333333333333371],"id":"orientation-label","preferredBodyPoints":19,"time":1790872664.961704,"uptime":1240041.0320752282}
SETUP_PROBE {"appearance":"light","dynamicTypeSize":"xLarge","frame":[60,288.33333333333337,116.66666666666666,23],"id":"silent-capture","preferredBodyPoints":19,"time":1790872664.961756,"uptime":1240041.032127199}
SETUP_PROBE {"appearance":"light","dynamicTypeSize":"xLarge","frame":[60,288.33333333333337,116.66666666666666,23],"id":"silent-capture","preferredBodyPoints":19,"time":1790872664.9618049,"uptime":1240041.03217597}
SETUP_PROBE {"appearance":"light","dynamicTypeSize":"xLarge","frame":[32,235,251,23],"id":"camera-description","preferredBodyPoints":19,"time":1790872664.9618549,"uptime":1240041.0322257602}
SETUP_PROBE {"appearance":"light","dynamicTypeSize":"xLarge","frame":[32,235,251,23],"id":"camera-description","preferredBodyPoints":19,"time":1790872664.9619031,"uptime":1240041.032273893}
SETUP_PROBE {"appearance":"light","dynamicTypeSize":"xLarge","frame":[32,341.66666666666663,149.33333333333331,23],"id":"orientation-label","preferredBodyPoints":19,"time":1790872664.961951,"uptime":1240041.0323221111}
SETUP_VIEWPORT {"bounds":[0,-52,402,708],"containerSize":[402,708],"contentSize":[402,805.33333333333326],"event":"scroll","insets":[70,0,34,0],"offset":[0,-52],"time":1790872665.0853219,"uptime":1240041.1556935231,"visibleRect":[0,-52,402,812]}
SETUP_PROBE {"appearance":"light","dynamicTypeSize":"xxLarge","frame":[32,879,88,25.333333333333371],"id":"load-film","preferredBodyPoints":21,"time":1790872665.0854878,"uptime":1240041.1558576401}
SETUP_PROBE {"appearance":"light","dynamicTypeSize":"xxLarge","frame":[32,879,88,25.333333333333371],"id":"load-film","preferredBodyPoints":21,"time":1790872665.0855532,"uptime":1240041.1559228362}
SETUP_PROBE {"appearance":"light","dynamicTypeSize":"xxLarge","frame":[32,604,296.33333333333331,25.333333333333258],"id":"trial-label","preferredBodyPoints":21,"time":1790872665.085609,"uptime":1240041.1559782182}
SETUP_PROBE {"appearance":"light","dynamicTypeSize":"xxLarge","frame":[32,604,296.33333333333331,25.333333333333258],"id":"trial-label","preferredBodyPoints":21,"time":1790872665.0856609,"uptime":1240041.1560305061}
SETUP_PROBE {"appearance":"light","dynamicTypeSize":"xxLarge","frame":[32,479.66666666666663,81.333333333333329,25.333333333333314],"id":"film-title","preferredBodyPoints":21,"time":1790872665.0857151,"uptime":1240041.1560843091}
SETUP_PROBE {"appearance":"light","dynamicTypeSize":"xxLarge","frame":[32,479.66666666666663,81.333333333333329,25.333333333333314],"id":"film-title","preferredBodyPoints":21,"time":1790872665.085777,"uptime":1240041.1561465322}
SETUP_PROBE {"appearance":"light","dynamicTypeSize":"xxLarge","frame":[32,341.66666666666663,149.33333333333331,23],"id":"orientation-label","preferredBodyPoints":21,"time":1790872665.0858359,"uptime":1240041.156205748}
SETUP_PROBE {"appearance":"light","dynamicTypeSize":"xxLarge","frame":[60,295,126,25.333333333333371],"id":"silent-capture","preferredBodyPoints":21,"time":1790872665.085891,"uptime":1240041.1562608951}
SETUP_PROBE {"appearance":"light","dynamicTypeSize":"xxLarge","frame":[60,295,126,25.333333333333371],"id":"silent-capture","preferredBodyPoints":21,"time":1790872665.0859399,"uptime":1240041.156309203}
SETUP_PROBE {"appearance":"light","dynamicTypeSize":"xxLarge","frame":[32,239.66666666666666,269.66666666666663,25.333333333333343],"id":"camera-description","preferredBodyPoints":21,"time":1790872665.08599,"uptime":1240041.156359368}
SETUP_PROBE {"appearance":"light","dynamicTypeSize":"xxLarge","frame":[32,239.66666666666666,269.66666666666663,25.333333333333343],"id":"camera-description","preferredBodyPoints":21,"time":1790872665.086041,"uptime":1240041.156410411}
SETUP_PROBE {"appearance":"light","dynamicTypeSize":"xxLarge","frame":[32,350.33333333333331,161.66666666666666,25.333333333333314],"id":"orientation-label","preferredBodyPoints":21,"time":1790872665.0860929,"uptime":1240041.1564623271}
SETUP_VIEWPORT {"bounds":[0,-52,402,708],"containerSize":[402,708],"contentSize":[402,865],"event":"scroll","insets":[70,0,34,0],"offset":[0,-52],"time":1790872665.2080531,"uptime":1240041.2784239252,"visibleRect":[0,-52,402,812]}
SETUP_PROBE {"appearance":"light","dynamicTypeSize":"xxxLarge","frame":[32,936.33333333333314,96,27.666666666666629],"id":"load-film","preferredBodyPoints":23,"time":1790872665.2081981,"uptime":1240041.278566852}
SETUP_PROBE {"appearance":"light","dynamicTypeSize":"xxxLarge","frame":[32,936.33333333333314,96,27.666666666666629],"id":"load-film","preferredBodyPoints":23,"time":1790872665.2082639,"uptime":1240041.278632364}
SETUP_PROBE {"appearance":"light","dynamicTypeSize":"xxxLarge","frame":[32,649.99999999999989,320.66666666666663,27.666666666666629],"id":"trial-label","preferredBodyPoints":23,"time":1790872665.2083211,"uptime":1240041.27868974}
SETUP_PROBE {"appearance":"light","dynamicTypeSize":"xxxLarge","frame":[32,649.99999999999989,320.66666666666663,27.666666666666629],"id":"trial-label","preferredBodyPoints":23,"time":1790872665.208375,"uptime":1240041.2787438771}
SETUP_PROBE {"appearance":"light","dynamicTypeSize":"xxxLarge","frame":[32,520.33333333333326,88.333333333333329,27.666666666666742],"id":"film-title","preferredBodyPoints":23,"time":1790872665.2084301,"uptime":1240041.278798409}
SETUP_PROBE {"appearance":"light","dynamicTypeSize":"xxxLarge","frame":[32,520.33333333333326,88.333333333333329,27.666666666666742],"id":"film-title","preferredBodyPoints":23,"time":1790872665.208482,"uptime":1240041.2788500241}
SETUP_PROBE {"appearance":"light","dynamicTypeSize":"xxxLarge","frame":[32,350.33333333333331,161.66666666666666,25.333333333333314],"id":"orientation-label","preferredBodyPoints":23,"time":1790872665.2085309,"uptime":1240041.278899471}
SETUP_PROBE {"appearance":"light","dynamicTypeSize":"xxxLarge","frame":[60,331,136.66666666666666,27.666666666666629],"id":"silent-capture","preferredBodyPoints":23,"time":1790872665.2085819,"uptime":1240041.278950905}
SETUP_PROBE {"appearance":"light","dynamicTypeSize":"xxxLarge","frame":[60,331,136.66666666666666,27.666666666666629],"id":"silent-capture","preferredBodyPoints":23,"time":1790872665.208632,"uptime":1240041.279000018}
SETUP_PROBE {"appearance":"light","dynamicTypeSize":"xxxLarge","frame":[32,273.33333333333331,291.66666666666663,27.666666666666686],"id":"camera-description","preferredBodyPoints":23,"time":1790872665.208683,"uptime":1240041.2790514121}
SETUP_PROBE {"appearance":"light","dynamicTypeSize":"xxxLarge","frame":[32,273.33333333333331,291.66666666666663,27.666666666666686],"id":"camera-description","preferredBodyPoints":23,"time":1790872665.2087331,"uptime":1240041.2791014921}
SETUP_PROBE {"appearance":"light","dynamicTypeSize":"xxxLarge","frame":[32,388.66666666666663,175.66666666666666,27.666666666666686],"id":"orientation-label","preferredBodyPoints":23,"time":1790872665.2087851,"uptime":1240041.2791534502}
SETUP_VIEWPORT {"bounds":[0,-52,402,708],"containerSize":[402,708],"contentSize":[402,1057.3333333333333],"event":"scroll","insets":[70,0,34,0],"offset":[0,-52],"time":1790872665.3421221,"uptime":1240041.412491329,"visibleRect":[0,-52,402,812]}
SETUP_PROBE {"appearance":"light","dynamicTypeSize":"accessibility1","frame":[32,1122.6666666666665,116.66666666666666,33.666666666666742],"id":"load-film","preferredBodyPoints":28,"time":1790872665.3423049,"uptime":1240041.412672288}
SETUP_PROBE {"appearance":"light","dynamicTypeSize":"accessibility1","frame":[32,1122.6666666666665,116.66666666666666,33.666666666666742],"id":"load-film","preferredBodyPoints":28,"time":1790872665.3424091,"uptime":1240041.4127766232}
SETUP_PROBE {"appearance":"light","dynamicTypeSize":"accessibility1","frame":[32,746.66666666666663,254,67.666666666666629],"id":"trial-label","preferredBodyPoints":28,"time":1790872665.3425031,"uptime":1240041.412869924}
SETUP_PROBE {"appearance":"light","dynamicTypeSize":"accessibility1","frame":[32,746.66666666666663,254,67.666666666666629],"id":"trial-label","preferredBodyPoints":28,"time":1790872665.342586,"uptime":1240041.412953811}
SETUP_PROBE {"appearance":"light","dynamicTypeSize":"accessibility1","frame":[32,606,107.66666666666666,33.666666666666629],"id":"film-title","preferredBodyPoints":28,"time":1790872665.342675,"uptime":1240041.4130426471}
SETUP_PROBE {"appearance":"light","dynamicTypeSize":"accessibility1","frame":[32,606,107.66666666666666,33.666666666666629],"id":"film-title","preferredBodyPoints":28,"time":1790872665.342762,"uptime":1240041.4131288042}
SETUP_PROBE {"appearance":"light","dynamicTypeSize":"accessibility1","frame":[32,388.66666666666663,175.66666666666666,27.666666666666686],"id":"orientation-label","preferredBodyPoints":28,"time":1790872665.342839,"uptime":1240041.4132064751}
SETUP_PROBE {"appearance":"light","dynamicTypeSize":"accessibility1","frame":[60,388,165.66666666666666,33.666666666666686],"id":"silent-capture","preferredBodyPoints":28,"time":1790872665.3429379,"uptime":1240041.4133055441}
SETUP_PROBE {"appearance":"light","dynamicTypeSize":"accessibility1","frame":[60,388,165.66666666666666,33.666666666666686],"id":"silent-capture","preferredBodyPoints":28,"time":1790872665.3430481,"uptime":1240041.413415238}
SETUP_PROBE {"appearance":"light","dynamicTypeSize":"accessibility1","frame":[32,290.33333333333331,232.66666666666663,67.666666666666686],"id":"camera-description","preferredBodyPoints":28,"time":1790872665.3431149,"uptime":1240041.413482286}
SETUP_PROBE {"appearance":"light","dynamicTypeSize":"accessibility1","frame":[32,290.33333333333331,232.66666666666663,67.666666666666686],"id":"camera-description","preferredBodyPoints":28,"time":1790872665.343169,"uptime":1240041.4135361242}
SETUP_PROBE {"appearance":"light","dynamicTypeSize":"accessibility1","frame":[32,451.66666666666669,213.66666666666666,33.666666666666686],"id":"orientation-label","preferredBodyPoints":28,"time":1790872665.3432221,"uptime":1240041.413589413}
SETUP_VIEWPORT {"bounds":[0,-52,402,708],"containerSize":[402,708],"contentSize":[402,1152],"event":"scroll","insets":[70,0,34,0],"offset":[0,-52],"time":1790872665.462136,"uptime":1240041.532503362,"visibleRect":[0,-52,402,812]}
SETUP_PROBE {"appearance":"light","dynamicTypeSize":"accessibility2","frame":[32,1211.3333333333333,137,39.666666666666742],"id":"load-film","preferredBodyPoints":33,"time":1790872665.4622889,"uptime":1240041.5326555411}
SETUP_PROBE {"appearance":"light","dynamicTypeSize":"accessibility2","frame":[32,1211.3333333333333,137,39.666666666666742],"id":"load-film","preferredBodyPoints":33,"time":1790872665.4623599,"uptime":1240041.532725309}
SETUP_PROBE {"appearance":"light","dynamicTypeSize":"accessibility2","frame":[32,800.66666666666663,296.66666666666663,79.666666666666629],"id":"trial-label","preferredBodyPoints":33,"time":1790872665.462451,"uptime":1240041.532817425}
SETUP_PROBE {"appearance":"light","dynamicTypeSize":"accessibility2","frame":[32,800.66666666666663,296.66666666666663,79.666666666666629],"id":"trial-label","preferredBodyPoints":33,"time":1790872665.4625401,"uptime":1240041.532905926}
SETUP_PROBE {"appearance":"light","dynamicTypeSize":"accessibility2","frame":[32,648,126.33333333333331,39.666666666666629],"id":"film-title","preferredBodyPoints":33,"time":1790872665.462626,"uptime":1240041.5329918331}
SETUP_PROBE {"appearance":"light","dynamicTypeSize":"accessibility2","frame":[32,648,126.33333333333331,39.666666666666629],"id":"film-title","preferredBodyPoints":33,"time":1790872665.4627061,"uptime":1240041.5330716062}
SETUP_PROBE {"appearance":"light","dynamicTypeSize":"accessibility2","frame":[32,451.66666666666669,213.66666666666666,33.666666666666686],"id":"orientation-label","preferredBodyPoints":33,"time":1790872665.4627829,"uptime":1240041.533149116}
SETUP_PROBE {"appearance":"light","dynamicTypeSize":"accessibility2","frame":[60,418,194.66666666666666,39.666666666666686],"id":"silent-capture","preferredBodyPoints":33,"time":1790872665.4628649,"uptime":1240041.533230602}
SETUP_PROBE {"appearance":"light","dynamicTypeSize":"accessibility2","frame":[60,418,194.66666666666666,39.666666666666686],"id":"silent-capture","preferredBodyPoints":33,"time":1790872665.4629412,"uptime":1240041.5333072462}
SETUP_PROBE {"appearance":"light","dynamicTypeSize":"accessibility2","frame":[32,308.33333333333331,273,79.666666666666686],"id":"camera-description","preferredBodyPoints":33,"time":1790872665.463022,"uptime":1240041.5333874722}
SETUP_PROBE {"appearance":"light","dynamicTypeSize":"accessibility2","frame":[32,308.33333333333331,273,79.666666666666686],"id":"camera-description","preferredBodyPoints":33,"time":1790872665.463099,"uptime":1240041.5334646611}
SETUP_PROBE {"appearance":"light","dynamicTypeSize":"accessibility2","frame":[32,487.66666666666663,250.66666666666663,39.666666666666629],"id":"orientation-label","preferredBodyPoints":33,"time":1790872665.463177,"uptime":1240041.533543007}
SETUP_VIEWPORT {"bounds":[0,-52,402,708],"containerSize":[402,708],"contentSize":[402,1158],"event":"scroll","insets":[70,0,34,0],"offset":[0,-52],"time":1790872665.506532,"uptime":1240041.576899586,"visibleRect":[0,-52,402,812]}
SETUP_PROBE {"appearance":"light","dynamicTypeSize":"accessibility2","frame":[32,1217.3333333333333,137,39.666666666666742],"id":"load-film","preferredBodyPoints":33,"time":1790872665.506732,"uptime":1240041.5770976031}
SETUP_PROBE {"appearance":"light","dynamicTypeSize":"accessibility2","frame":[32,806.66666666666663,296.66666666666663,79.666666666666629],"id":"trial-label","preferredBodyPoints":33,"time":1790872665.506825,"uptime":1240041.577190832}
SETUP_PROBE {"appearance":"light","dynamicTypeSize":"accessibility2","frame":[32,654,126.33333333333331,39.666666666666629],"id":"film-title","preferredBodyPoints":33,"time":1790872665.5069098,"uptime":1240041.577275824}
SETUP_VIEWPORT {"bounds":[0,-52,402,708],"containerSize":[402,708],"contentSize":[402,1381.3333333333333],"event":"scroll","insets":[70,0,34,0],"offset":[0,-52],"time":1790872665.5927958,"uptime":1240041.663162322,"visibleRect":[0,-52,402,812]}
SETUP_PROBE {"appearance":"light","dynamicTypeSize":"accessibility3","frame":[32,1432.3333333333333,165.33333333333331,48],"id":"load-film","preferredBodyPoints":40,"time":1790872665.5929341,"uptime":1240041.663298703}
SETUP_PROBE {"appearance":"light","dynamicTypeSize":"accessibility3","frame":[32,1432.3333333333333,165.33333333333331,48],"id":"load-film","preferredBodyPoints":40,"time":1790872665.593003,"uptime":1240041.663367033}
SETUP_PROBE {"appearance":"light","dynamicTypeSize":"accessibility3","frame":[32,928.66666666666663,306.66666666666663,95.999999999999886],"id":"trial-label","preferredBodyPoints":40,"time":1790872665.5930581,"uptime":1240041.6634222332}
SETUP_PROBE {"appearance":"light","dynamicTypeSize":"accessibility3","frame":[32,928.66666666666663,306.66666666666663,95.999999999999886],"id":"trial-label","preferredBodyPoints":40,"time":1790872665.593117,"uptime":1240041.6634810132}
SETUP_PROBE {"appearance":"light","dynamicTypeSize":"accessibility3","frame":[32,759.66666666666663,152,48],"id":"film-title","preferredBodyPoints":40,"time":1790872665.5931759,"uptime":1240041.6635405591}
SETUP_PROBE {"appearance":"light","dynamicTypeSize":"accessibility3","frame":[32,759.66666666666663,152,48],"id":"film-title","preferredBodyPoints":40,"time":1790872665.5932322,"uptime":1240041.6635967442}
SETUP_PROBE {"appearance":"light","dynamicTypeSize":"accessibility3","frame":[32,487.66666666666663,250.66666666666663,39.666666666666629],"id":"orientation-label","preferredBodyPoints":40,"time":1790872665.5932851,"uptime":1240041.663649281}
SETUP_PROBE {"appearance":"light","dynamicTypeSize":"accessibility3","frame":[60,507,234.33333333333331,48],"id":"silent-capture","preferredBodyPoints":40,"time":1790872665.5933418,"uptime":1240041.6637067941}
SETUP_PROBE {"appearance":"light","dynamicTypeSize":"accessibility3","frame":[60,507,234.33333333333331,48],"id":"silent-capture","preferredBodyPoints":40,"time":1790872665.5934029,"uptime":1240041.6637672691}
SETUP_PROBE {"appearance":"light","dynamicTypeSize":"accessibility3","frame":[32,381,329,96],"id":"camera-description","preferredBodyPoints":40,"time":1790872665.5934548,"uptime":1240041.6638195252}
SETUP_PROBE {"appearance":"light","dynamicTypeSize":"accessibility3","frame":[32,381,329,96],"id":"camera-description","preferredBodyPoints":40,"time":1790872665.593508,"uptime":1240041.6638719151}
SETUP_PROBE {"appearance":"light","dynamicTypeSize":"accessibility3","frame":[32,585,302,48],"id":"orientation-label","preferredBodyPoints":40,"time":1790872665.5935631,"uptime":1240041.6639268661}
SETUP_VIEWPORT {"bounds":[0,-52,402,708],"containerSize":[402,708],"contentSize":[402,1389.6666666666665],"event":"scroll","insets":[70,0,34,0],"offset":[0,-52],"time":1790872665.628535,"uptime":1240041.698900806,"visibleRect":[0,-52,402,812]}
SETUP_PROBE {"appearance":"light","dynamicTypeSize":"accessibility3","frame":[32,1440.6666666666665,165.33333333333331,48],"id":"load-film","preferredBodyPoints":40,"time":1790872665.6286821,"uptime":1240041.6990466111}
SETUP_PROBE {"appearance":"light","dynamicTypeSize":"accessibility3","frame":[32,937,306.66666666666663,96],"id":"trial-label","preferredBodyPoints":40,"time":1790872665.6287498,"uptime":1240041.6991138321}
SETUP_PROBE {"appearance":"light","dynamicTypeSize":"accessibility3","frame":[32,768,152,48],"id":"film-title","preferredBodyPoints":40,"time":1790872665.6288061,"uptime":1240041.699170409}
SETUP_VIEWPORT {"bounds":[0,-52,402,708],"containerSize":[402,708],"contentSize":[402,1851],"event":"scroll","insets":[70,0,34,0],"offset":[0,-52],"time":1790872665.7213669,"uptime":1240041.7917320612,"visibleRect":[0,-52,402,812]}
SETUP_PROBE {"appearance":"light","dynamicTypeSize":"accessibility4","frame":[32,1893.6666666666667,193.33333333333331,56.333333333333258],"id":"load-film","preferredBodyPoints":47,"time":1790872665.721571,"uptime":1240041.7919349761}
SETUP_PROBE {"appearance":"light","dynamicTypeSize":"accessibility4","frame":[32,1893.6666666666667,193.33333333333331,56.333333333333258],"id":"load-film","preferredBodyPoints":47,"time":1790872665.721668,"uptime":1240041.792031365}
SETUP_PROBE {"appearance":"light","dynamicTypeSize":"accessibility4","frame":[32,1187.3333333333335,313,168.33333333333326],"id":"trial-label","preferredBodyPoints":47,"time":1790872665.7217541,"uptime":1240041.7921172741}
SETUP_PROBE {"appearance":"light","dynamicTypeSize":"accessibility4","frame":[32,1187.3333333333335,313,168.33333333333326],"id":"trial-label","preferredBodyPoints":47,"time":1790872665.721833,"uptime":1240041.7921965062}
SETUP_PROBE {"appearance":"light","dynamicTypeSize":"accessibility4","frame":[32,1001.6666666666667,177.66666666666666,56.333333333333258],"id":"film-title","preferredBodyPoints":47,"time":1790872665.7220669,"uptime":1240041.7924301361}
SETUP_PROBE {"appearance":"light","dynamicTypeSize":"accessibility4","frame":[32,1001.6666666666667,177.66666666666666,56.333333333333258],"id":"film-title","preferredBodyPoints":47,"time":1790872665.7221489,"uptime":1240041.792512513}
SETUP_PROBE {"appearance":"light","dynamicTypeSize":"accessibility4","frame":[32,585,302,48],"id":"orientation-label","preferredBodyPoints":47,"time":1790872665.722224,"uptime":1240041.792587179}
SETUP_PROBE {"appearance":"light","dynamicTypeSize":"accessibility4","frame":[60,668,274,56.333333333333371],"id":"silent-capture","preferredBodyPoints":47,"time":1790872665.7222991,"uptime":1240041.7926617921}
SETUP_PROBE {"appearance":"light","dynamicTypeSize":"accessibility4","frame":[60,668,274,56.333333333333371],"id":"silent-capture","preferredBodyPoints":47,"time":1790872665.7223711,"uptime":1240041.79273426}
SETUP_PROBE {"appearance":"light","dynamicTypeSize":"accessibility4","frame":[32,469.66666666666663,269.66666666666663,168.33333333333337],"id":"camera-description","preferredBodyPoints":47,"time":1790872665.7230911,"uptime":1240041.793454492}
SETUP_PROBE {"appearance":"light","dynamicTypeSize":"accessibility4","frame":[32,469.66666666666663,269.66666666666663,168.33333333333337],"id":"camera-description","preferredBodyPoints":47,"time":1790872665.723182,"uptime":1240041.7935447011}
SETUP_PROBE {"appearance":"light","dynamicTypeSize":"accessibility4","frame":[32,754.33333333333337,222.33333333333331,112.33333333333337],"id":"orientation-label","preferredBodyPoints":47,"time":1790872665.7232609,"uptime":1240041.793623741}
SETUP_VIEWPORT {"bounds":[0,-52,402,708],"containerSize":[402,708],"contentSize":[402,1859.3333333333333],"event":"scroll","insets":[70,0,34,0],"offset":[0,-52],"time":1790872665.767067,"uptime":1240041.8374317191,"visibleRect":[0,-52,402,812]}
SETUP_PROBE {"appearance":"light","dynamicTypeSize":"accessibility4","frame":[32,1902,193.33333333333331,56.333333333333258],"id":"load-film","preferredBodyPoints":47,"time":1790872665.767225,"uptime":1240041.837588154}
SETUP_PROBE {"appearance":"light","dynamicTypeSize":"accessibility4","frame":[32,1195.6666666666667,313,168.33333333333326],"id":"trial-label","preferredBodyPoints":47,"time":1790872665.767293,"uptime":1240041.8376551541}
SETUP_PROBE {"appearance":"light","dynamicTypeSize":"accessibility4","frame":[32,1010,177.66666666666666,56.333333333333485],"id":"film-title","preferredBodyPoints":47,"time":1790872665.76735,"uptime":1240041.8377127771}
SETUP_VIEWPORT {"bounds":[0,-52,402,708],"containerSize":[402,708],"contentSize":[402,2082.333333333333],"event":"scroll","insets":[70,0,34,0],"offset":[0,-52],"time":1790872665.8434181,"uptime":1240041.9137810911,"visibleRect":[0,-52,402,812]}
SETUP_PROBE {"appearance":"light","dynamicTypeSize":"accessibility5","frame":[32,2118,217.33333333333331,63.333333333333485],"id":"load-film","preferredBodyPoints":53,"time":1790872665.8435631,"uptime":1240041.9139258522}
SETUP_PROBE {"appearance":"light","dynamicTypeSize":"accessibility5","frame":[32,2118,217.33333333333331,63.333333333333485],"id":"load-film","preferredBodyPoints":53,"time":1790872665.8436298,"uptime":1240041.9139923011}
SETUP_PROBE {"appearance":"light","dynamicTypeSize":"accessibility5","frame":[32,1342.6666666666667,333.33333333333337,187.33333333333326],"id":"trial-label","preferredBodyPoints":53,"time":1790872665.843688,"uptime":1240041.914049577}
SETUP_PROBE {"appearance":"light","dynamicTypeSize":"accessibility5","frame":[32,1342.6666666666667,333.33333333333337,187.33333333333326],"id":"trial-label","preferredBodyPoints":53,"time":1790872665.84374,"uptime":1240041.9141020721}
SETUP_PROBE {"appearance":"light","dynamicTypeSize":"accessibility5","frame":[32,1081,199.66666666666666,63.333333333333258],"id":"film-title","preferredBodyPoints":53,"time":1790872665.8437939,"uptime":1240041.9141560681}
SETUP_PROBE {"appearance":"light","dynamicTypeSize":"accessibility5","frame":[32,1081,199.66666666666666,63.333333333333258],"id":"film-title","preferredBodyPoints":53,"time":1790872665.8438439,"uptime":1240041.9142053341}
SETUP_PROBE {"appearance":"light","dynamicTypeSize":"accessibility5","frame":[32,754.33333333333337,222.33333333333331,112.33333333333337],"id":"orientation-label","preferredBodyPoints":53,"time":1790872665.8439,"uptime":1240041.9142617621}
SETUP_PROBE {"appearance":"light","dynamicTypeSize":"accessibility5","frame":[60,719,308,63.333333333333371],"id":"silent-capture","preferredBodyPoints":53,"time":1790872665.8439569,"uptime":1240041.9143185432}
SETUP_PROBE {"appearance":"light","dynamicTypeSize":"accessibility5","frame":[60,719,308,63.333333333333371],"id":"silent-capture","preferredBodyPoints":53,"time":1790872665.8440089,"uptime":1240041.914371009}
SETUP_PROBE {"appearance":"light","dynamicTypeSize":"accessibility5","frame":[32,501.66666666666663,302.66666666666663,187.33333333333337],"id":"camera-description","preferredBodyPoints":53,"time":1790872665.844064,"uptime":1240041.9144255081}
SETUP_PROBE {"appearance":"light","dynamicTypeSize":"accessibility5","frame":[32,501.66666666666663,302.66666666666663,187.33333333333337],"id":"camera-description","preferredBodyPoints":53,"time":1790872665.8441181,"uptime":1240041.9144797442}
SETUP_PROBE {"appearance":"light","dynamicTypeSize":"accessibility5","frame":[32,812.33333333333337,249.66666666666663,125.33333333333337],"id":"orientation-label","preferredBodyPoints":53,"time":1790872665.8441739,"uptime":1240041.9145356461}
SETUP_VIEWPORT {"bounds":[0,-52,402,708],"containerSize":[402,708],"contentSize":[402,2089.333333333333],"event":"scroll","insets":[70,0,34,0],"offset":[0,-52],"time":1790872665.879813,"uptime":1240041.9501764621,"visibleRect":[0,-52,402,812]}
SETUP_PROBE {"appearance":"light","dynamicTypeSize":"accessibility5","frame":[32,2125,217.33333333333331,63.333333333333485],"id":"load-film","preferredBodyPoints":53,"time":1790872665.8799629,"uptime":1240041.950324794}
SETUP_PROBE {"appearance":"light","dynamicTypeSize":"accessibility5","frame":[32,1349.6666666666667,333.33333333333337,187.33333333333326],"id":"trial-label","preferredBodyPoints":53,"time":1790872665.880029,"uptime":1240041.9503901221}
SETUP_PROBE {"appearance":"light","dynamicTypeSize":"accessibility5","frame":[32,1088,199.66666666666666,63.333333333333258],"id":"film-title","preferredBodyPoints":53,"time":1790872665.8800869,"uptime":1240041.950448028}
SETUP_VIEWPORT {"bounds":[0,-36,402,708],"containerSize":[402,708],"contentSize":[402,2089.333333333333],"event":"scroll","insets":[70,0,34,0],"offset":[0,-36],"time":1790872669.8733571,"uptime":1240045.9436780531,"visibleRect":[0,-36,402,812]}
SETUP_PROBE {"appearance":"light","dynamicTypeSize":"accessibility5","frame":[32,2109,217.33333333333331,63.333333333333485],"id":"load-film","preferredBodyPoints":53,"time":1790872669.8735471,"uptime":1240045.9438669051}
SETUP_PROBE {"appearance":"light","dynamicTypeSize":"accessibility5","frame":[32,1333.6666666666667,333.33333333333337,187.33333333333326],"id":"trial-label","preferredBodyPoints":53,"time":1790872669.8736219,"uptime":1240045.9439419601}
SETUP_PROBE {"appearance":"light","dynamicTypeSize":"accessibility5","frame":[32,1072,199.66666666666666,63.333333333333258],"id":"film-title","preferredBodyPoints":53,"time":1790872669.8736858,"uptime":1240045.9440057771}
SETUP_PROBE {"appearance":"light","dynamicTypeSize":"accessibility5","frame":[60,703,308,63.333333333333371],"id":"silent-capture","preferredBodyPoints":53,"time":1790872669.873745,"uptime":1240045.9440645122}
SETUP_PROBE {"appearance":"light","dynamicTypeSize":"accessibility5","frame":[32,485.66666666666663,302.66666666666663,187.33333333333337],"id":"camera-description","preferredBodyPoints":53,"time":1790872669.8738031,"uptime":1240045.9441222651}
SETUP_PROBE {"appearance":"light","dynamicTypeSize":"accessibility5","frame":[32,796.33333333333337,249.66666666666663,125.33333333333337],"id":"orientation-label","preferredBodyPoints":53,"time":1790872669.8738608,"uptime":1240045.944181001}
SETUP_VIEWPORT {"bounds":[0,-18.333333333333329,402,708],"containerSize":[402,708],"contentSize":[402,2089.333333333333],"event":"scroll","insets":[70,0,34,0],"offset":[0,-18.333333333333329],"time":1790872669.8900762,"uptime":1240045.9603971362,"visibleRect":[0,-18.333333333333329,402,812]}
SETUP_PROBE {"appearance":"light","dynamicTypeSize":"accessibility5","frame":[32,2091.333333333333,217.33333333333331,63.33333333333394],"id":"load-film","preferredBodyPoints":53,"time":1790872669.8902521,"uptime":1240045.960572138}
SETUP_PROBE {"appearance":"light","dynamicTypeSize":"accessibility5","frame":[32,1316,333.33333333333337,187.33333333333326],"id":"trial-label","preferredBodyPoints":53,"time":1790872669.8903289,"uptime":1240045.9606486722}
SETUP_PROBE {"appearance":"light","dynamicTypeSize":"accessibility5","frame":[32,1054.3333333333335,199.66666666666666,63.33333333333303],"id":"film-title","preferredBodyPoints":53,"time":1790872669.890429,"uptime":1240045.9607481351}
SETUP_PROBE {"appearance":"light","dynamicTypeSize":"accessibility5","frame":[60,685.33333333333337,308,63.333333333333371],"id":"silent-capture","preferredBodyPoints":53,"time":1790872669.8904901,"uptime":1240045.9608092562}
SETUP_PROBE {"appearance":"light","dynamicTypeSize":"accessibility5","frame":[32,467.99999999999994,302.66666666666663,187.33333333333343],"id":"camera-description","preferredBodyPoints":53,"time":1790872669.8905489,"uptime":1240045.9608681581}
SETUP_PROBE {"appearance":"light","dynamicTypeSize":"accessibility5","frame":[32,778.66666666666674,249.66666666666663,125.33333333333337],"id":"orientation-label","preferredBodyPoints":53,"time":1790872669.8906069,"uptime":1240045.9609267851}
SETUP_VIEWPORT {"bounds":[0,0,402,708],"containerSize":[402,708],"contentSize":[402,2089.333333333333],"event":"scroll","insets":[70,0,34,0],"offset":[0,0],"time":1790872669.9065609,"uptime":1240045.9768820931,"visibleRect":[0,0,402,812]}
SETUP_PROBE {"appearance":"light","dynamicTypeSize":"accessibility5","frame":[32,2073,217.33333333333331,63.333333333333485],"id":"load-film","preferredBodyPoints":53,"time":1790872669.9067259,"uptime":1240045.9770458881}
SETUP_PROBE {"appearance":"light","dynamicTypeSize":"accessibility5","frame":[32,1297.6666666666667,333.33333333333337,187.33333333333326],"id":"trial-label","preferredBodyPoints":53,"time":1790872669.9067988,"uptime":1240045.977118684}
SETUP_PROBE {"appearance":"light","dynamicTypeSize":"accessibility5","frame":[32,1036,199.66666666666666,63.333333333333258],"id":"film-title","preferredBodyPoints":53,"time":1790872669.906862,"uptime":1240045.977181318}
SETUP_PROBE {"appearance":"light","dynamicTypeSize":"accessibility5","frame":[60,667,308,63.333333333333371],"id":"silent-capture","preferredBodyPoints":53,"time":1790872669.90692,"uptime":1240045.9772396451}
SETUP_PROBE {"appearance":"light","dynamicTypeSize":"accessibility5","frame":[32,449.66666666666663,302.66666666666663,187.33333333333337],"id":"camera-description","preferredBodyPoints":53,"time":1790872669.9069781,"uptime":1240045.977297009}
SETUP_PROBE {"appearance":"light","dynamicTypeSize":"accessibility5","frame":[32,760.33333333333337,249.66666666666663,125.33333333333337],"id":"orientation-label","preferredBodyPoints":53,"time":1790872669.9070349,"uptime":1240045.9773541281}
SETUP_VIEWPORT {"bounds":[0,19,402,708],"containerSize":[402,708],"contentSize":[402,2089.333333333333],"event":"scroll","insets":[70,0,34,0],"offset":[0,19],"time":1790872669.922977,"uptime":1240045.993297732,"visibleRect":[0,19,402,812]}
SETUP_PROBE {"appearance":"light","dynamicTypeSize":"accessibility5","frame":[32,2054,217.33333333333331,63.333333333333485],"id":"load-film","preferredBodyPoints":53,"time":1790872669.9231272,"uptime":1240045.993446094}
SETUP_PROBE {"appearance":"light","dynamicTypeSize":"accessibility5","frame":[32,1278.6666666666667,333.33333333333337,187.33333333333326],"id":"trial-label","preferredBodyPoints":53,"time":1790872669.923198,"uptime":1240045.9935167681}
SETUP_PROBE {"appearance":"light","dynamicTypeSize":"accessibility5","frame":[32,1017,199.66666666666666,63.333333333333258],"id":"film-title","preferredBodyPoints":53,"time":1790872669.92326,"uptime":1240045.9935791551}
SETUP_PROBE {"appearance":"light","dynamicTypeSize":"accessibility5","frame":[60,648,308,63.333333333333371],"id":"silent-capture","preferredBodyPoints":53,"time":1790872669.923317,"uptime":1240045.9936363341}
SETUP_PROBE {"appearance":"light","dynamicTypeSize":"accessibility5","frame":[32,430.66666666666663,302.66666666666663,187.33333333333337],"id":"camera-description","preferredBodyPoints":53,"time":1790872669.9233742,"uptime":1240045.993692697}
SETUP_PROBE {"appearance":"light","dynamicTypeSize":"accessibility5","frame":[32,741.33333333333337,249.66666666666663,125.33333333333337],"id":"orientation-label","preferredBodyPoints":53,"time":1790872669.92343,"uptime":1240045.9937491962}
SETUP_VIEWPORT {"bounds":[0,38,402,708],"containerSize":[402,708],"contentSize":[402,2089.333333333333],"event":"scroll","insets":[70,0,34,0],"offset":[0,38],"time":1790872669.9397669,"uptime":1240046.0100882282,"visibleRect":[0,38,402,812]}
SETUP_PROBE {"appearance":"light","dynamicTypeSize":"accessibility5","frame":[32,2035,217.33333333333331,63.333333333333485],"id":"load-film","preferredBodyPoints":53,"time":1790872669.9399319,"uptime":1240046.010251737}
SETUP_PROBE {"appearance":"light","dynamicTypeSize":"accessibility5","frame":[32,1259.6666666666667,333.33333333333337,187.33333333333326],"id":"trial-label","preferredBodyPoints":53,"time":1790872669.940006,"uptime":1240046.010324548}
SETUP_PROBE {"appearance":"light","dynamicTypeSize":"accessibility5","frame":[32,998,199.66666666666666,63.333333333333258],"id":"film-title","preferredBodyPoints":53,"time":1790872669.9400659,"uptime":1240046.010385253}
SETUP_PROBE {"appearance":"light","dynamicTypeSize":"accessibility5","frame":[60,629,308,63.333333333333371],"id":"silent-capture","preferredBodyPoints":53,"time":1790872669.9401231,"uptime":1240046.0104415801}
SETUP_PROBE {"appearance":"light","dynamicTypeSize":"accessibility5","frame":[32,411.66666666666663,302.66666666666663,187.33333333333337],"id":"camera-description","preferredBodyPoints":53,"time":1790872669.940177,"uptime":1240046.0104964061}
SETUP_PROBE {"appearance":"light","dynamicTypeSize":"accessibility5","frame":[32,722.33333333333337,249.66666666666663,125.33333333333337],"id":"orientation-label","preferredBodyPoints":53,"time":1790872669.940239,"uptime":1240046.0105579721}
SETUP_VIEWPORT {"bounds":[0,57,402,708],"containerSize":[402,708],"contentSize":[402,2089.333333333333],"event":"scroll","insets":[70,0,34,0],"offset":[0,57],"time":1790872669.956229,"uptime":1240046.0265494662,"visibleRect":[0,57,402,812]}
SETUP_PROBE {"appearance":"light","dynamicTypeSize":"accessibility5","frame":[32,2016,217.33333333333331,63.333333333333485],"id":"load-film","preferredBodyPoints":53,"time":1790872669.9563799,"uptime":1240046.026699288}
SETUP_PROBE {"appearance":"light","dynamicTypeSize":"accessibility5","frame":[32,1240.6666666666667,333.33333333333337,187.33333333333326],"id":"trial-label","preferredBodyPoints":53,"time":1790872669.95645,"uptime":1240046.026769008}
SETUP_PROBE {"appearance":"light","dynamicTypeSize":"accessibility5","frame":[32,979,199.66666666666666,63.333333333333258],"id":"film-title","preferredBodyPoints":53,"time":1790872669.9565101,"uptime":1240046.0268284702}
SETUP_PROBE {"appearance":"light","dynamicTypeSize":"accessibility5","frame":[60,610,308,63.333333333333371],"id":"silent-capture","preferredBodyPoints":53,"time":1790872669.9565649,"uptime":1240046.0268842711}
SETUP_PROBE {"appearance":"light","dynamicTypeSize":"accessibility5","frame":[32,392.66666666666663,302.66666666666663,187.33333333333337],"id":"camera-description","preferredBodyPoints":53,"time":1790872669.9566221,"uptime":1240046.0269404021}
SETUP_PROBE {"appearance":"light","dynamicTypeSize":"accessibility5","frame":[32,703.33333333333337,249.66666666666663,125.33333333333337],"id":"orientation-label","preferredBodyPoints":53,"time":1790872669.9566789,"uptime":1240046.0269977921}
SETUP_VIEWPORT {"bounds":[0,75.666666666666686,402,708],"containerSize":[402,708],"contentSize":[402,2089.333333333333],"event":"scroll","insets":[70,0,34,0],"offset":[0,75.666666666666686],"time":1790872669.9729409,"uptime":1240046.0432614661,"visibleRect":[0,75.666666666666686,402,812]}
SETUP_PROBE {"appearance":"light","dynamicTypeSize":"accessibility5","frame":[32,1997.3333333333333,217.33333333333331,63.333333333333712],"id":"load-film","preferredBodyPoints":53,"time":1790872669.973104,"uptime":1240046.0434227281}
SETUP_PROBE {"appearance":"light","dynamicTypeSize":"accessibility5","frame":[32,1222,333.33333333333337,187.33333333333326],"id":"trial-label","preferredBodyPoints":53,"time":1790872669.9731801,"uptime":1240046.0434983971}
SETUP_PROBE {"appearance":"light","dynamicTypeSize":"accessibility5","frame":[32,960.33333333333326,199.66666666666666,63.333333333333258],"id":"film-title","preferredBodyPoints":53,"time":1790872669.973259,"uptime":1240046.043577611}
SETUP_PROBE {"appearance":"light","dynamicTypeSize":"accessibility5","frame":[60,591.33333333333326,308,63.333333333333485],"id":"silent-capture","preferredBodyPoints":53,"time":1790872669.9733191,"uptime":1240046.043637672}
SETUP_PROBE {"appearance":"light","dynamicTypeSize":"accessibility5","frame":[32,373.99999999999994,302.66666666666663,187.33333333333331],"id":"camera-description","preferredBodyPoints":53,"time":1790872669.973377,"uptime":1240046.0436959211}
SETUP_PROBE {"appearance":"light","dynamicTypeSize":"accessibility5","frame":[32,684.66666666666674,249.66666666666663,125.33333333333326],"id":"orientation-label","preferredBodyPoints":53,"time":1790872669.9734349,"uptime":1240046.043753752}
SETUP_VIEWPORT {"bounds":[0,93.333333333333314,402,708],"containerSize":[402,708],"contentSize":[402,2089.333333333333],"event":"scroll","insets":[70,0,34,0],"offset":[0,93.333333333333314],"time":1790872669.9900088,"uptime":1240046.0603292761,"visibleRect":[0,93.333333333333314,402,812]}
SETUP_PROBE {"appearance":"light","dynamicTypeSize":"accessibility5","frame":[32,1979.6666666666667,217.33333333333331,63.333333333333485],"id":"load-film","preferredBodyPoints":53,"time":1790872669.990222,"uptime":1240046.060540911}
SETUP_PROBE {"appearance":"light","dynamicTypeSize":"accessibility5","frame":[32,1204.3333333333335,333.33333333333337,187.33333333333326],"id":"trial-label","preferredBodyPoints":53,"time":1790872669.9903169,"uptime":1240046.060635847}
SETUP_PROBE {"appearance":"light","dynamicTypeSize":"accessibility5","frame":[32,942.66666666666674,199.66666666666666,63.333333333333258],"id":"film-title","preferredBodyPoints":53,"time":1790872669.990401,"uptime":1240046.060719328}
SETUP_PROBE {"appearance":"light","dynamicTypeSize":"accessibility5","frame":[60,573.66666666666674,308,63.333333333333258],"id":"silent-capture","preferredBodyPoints":53,"time":1790872669.990479,"uptime":1240046.060798052}
SETUP_PROBE {"appearance":"light","dynamicTypeSize":"accessibility5","frame":[32,356.33333333333331,302.66666666666663,187.33333333333343],"id":"camera-description","preferredBodyPoints":53,"time":1790872669.992538,"uptime":1240046.062857518}
SETUP_PROBE {"appearance":"light","dynamicTypeSize":"accessibility5","frame":[32,667,249.66666666666663,125.33333333333348],"id":"orientation-label","preferredBodyPoints":53,"time":1790872669.9926591,"uptime":1240046.0629773971}
SETUP_VIEWPORT {"bounds":[0,109.66666666666669,402,708],"containerSize":[402,708],"contentSize":[402,2089.333333333333],"event":"scroll","insets":[70,0,34,0],"offset":[0,109.66666666666669],"time":1790872670.006727,"uptime":1240046.0770476512,"visibleRect":[0,109.66666666666669,402,812]}
SETUP_PROBE {"appearance":"light","dynamicTypeSize":"accessibility5","frame":[32,1963.3333333333333,217.33333333333331,63.333333333333485],"id":"load-film","preferredBodyPoints":53,"time":1790872670.0069718,"uptime":1240046.0772915811}
SETUP_PROBE {"appearance":"light","dynamicTypeSize":"accessibility5","frame":[32,1188,333.33333333333337,187.33333333333326],"id":"trial-label","preferredBodyPoints":53,"time":1790872670.007097,"uptime":1240046.077415613}
SETUP_PROBE {"appearance":"light","dynamicTypeSize":"accessibility5","frame":[32,926.33333333333326,199.66666666666666,63.333333333333258],"id":"film-title","preferredBodyPoints":53,"time":1790872670.007199,"uptime":1240046.077517238}
SETUP_PROBE {"appearance":"light","dynamicTypeSize":"accessibility5","frame":[60,557.33333333333326,308,63.333333333333485],"id":"silent-capture","preferredBodyPoints":53,"time":1790872670.007297,"uptime":1240046.0776151451}
SETUP_PROBE {"appearance":"light","dynamicTypeSize":"accessibility5","frame":[32,339.99999999999994,302.66666666666663,187.33333333333331],"id":"camera-description","preferredBodyPoints":53,"time":1790872670.007391,"uptime":1240046.0777098031}
SETUP_PROBE {"appearance":"light","dynamicTypeSize":"accessibility5","frame":[32,650.66666666666674,249.66666666666663,125.33333333333326],"id":"orientation-label","preferredBodyPoints":53,"time":1790872670.007489,"uptime":1240046.0778073971}
SETUP_VIEWPORT {"bounds":[0,124,402,708],"containerSize":[402,708],"contentSize":[402,2089.333333333333],"event":"scroll","insets":[70,0,34,0],"offset":[0,124],"time":1790872670.0235519,"uptime":1240046.093872275,"visibleRect":[0,124,402,812]}
SETUP_PROBE {"appearance":"light","dynamicTypeSize":"accessibility5","frame":[32,1949,217.33333333333331,63.333333333333485],"id":"load-film","preferredBodyPoints":53,"time":1790872670.023767,"uptime":1240046.09408561}
SETUP_PROBE {"appearance":"light","dynamicTypeSize":"accessibility5","frame":[32,1173.6666666666667,333.33333333333337,187.33333333333326],"id":"trial-label","preferredBodyPoints":53,"time":1790872670.023865,"uptime":1240046.094183323}
SETUP_PROBE {"appearance":"light","dynamicTypeSize":"accessibility5","frame":[32,912,199.66666666666666,63.333333333333258],"id":"film-title","preferredBodyPoints":53,"time":1790872670.0239592,"uptime":1240046.094277425}
SETUP_PROBE {"appearance":"light","dynamicTypeSize":"accessibility5","frame":[60,543,308,63.333333333333371],"id":"silent-capture","preferredBodyPoints":53,"time":1790872670.0240431,"uptime":1240046.0943614901}
SETUP_PROBE {"appearance":"light","dynamicTypeSize":"accessibility5","frame":[32,325.66666666666663,302.66666666666663,187.33333333333337],"id":"camera-description","preferredBodyPoints":53,"time":1790872670.024502,"uptime":1240046.0948213411}
SETUP_PROBE {"appearance":"light","dynamicTypeSize":"accessibility5","frame":[32,636.33333333333337,249.66666666666663,125.33333333333337],"id":"orientation-label","preferredBodyPoints":53,"time":1790872670.024621,"uptime":1240046.0949389481}
SETUP_VIEWPORT {"bounds":[0,140.66666666666666,402,708],"containerSize":[402,708],"contentSize":[402,2089.333333333333],"event":"scroll","insets":[70,0,34,0],"offset":[0,140.66666666666666],"time":1790872670.041801,"uptime":1240046.112122681,"visibleRect":[0,140.66666666666666,402,812]}
SETUP_PROBE {"appearance":"light","dynamicTypeSize":"accessibility5","frame":[32,1932.3333333333333,217.33333333333331,63.333333333333485],"id":"load-film","preferredBodyPoints":53,"time":1790872670.0421209,"uptime":1240046.1124407111}
SETUP_PROBE {"appearance":"light","dynamicTypeSize":"accessibility5","frame":[32,1157,333.33333333333337,187.33333333333326],"id":"trial-label","preferredBodyPoints":53,"time":1790872670.042243,"uptime":1240046.1125609241}
SETUP_PROBE {"appearance":"light","dynamicTypeSize":"accessibility5","frame":[32,895.33333333333337,199.66666666666666,63.333333333333258],"id":"film-title","preferredBodyPoints":53,"time":1790872670.0423222,"uptime":1240046.1126401471}
SETUP_PROBE {"appearance":"light","dynamicTypeSize":"accessibility5","frame":[60,526.33333333333337,308,63.333333333333371],"id":"silent-capture","preferredBodyPoints":53,"time":1790872670.0424051,"uptime":1240046.1127227212}
SETUP_PROBE {"appearance":"light","dynamicTypeSize":"accessibility5","frame":[32,309,302.66666666666663,187.33333333333337],"id":"camera-description","preferredBodyPoints":53,"time":1790872670.0462952,"uptime":1240046.116614941}
SETUP_PROBE {"appearance":"light","dynamicTypeSize":"accessibility5","frame":[32,619.66666666666674,249.66666666666663,125.33333333333337],"id":"orientation-label","preferredBodyPoints":53,"time":1790872670.0464571,"uptime":1240046.1167750501}
SETUP_VIEWPORT {"bounds":[0,155,402,708],"containerSize":[402,708],"contentSize":[402,2089.333333333333],"event":"scroll","insets":[70,0,34,0],"offset":[0,155],"time":1790872670.0561481,"uptime":1240046.1264690962,"visibleRect":[0,155,402,812]}
SETUP_PROBE {"appearance":"light","dynamicTypeSize":"accessibility5","frame":[32,1918,217.33333333333331,63.333333333333485],"id":"load-film","preferredBodyPoints":53,"time":1790872670.0563869,"uptime":1240046.1267055462}
SETUP_PROBE {"appearance":"light","dynamicTypeSize":"accessibility5","frame":[32,1142.6666666666667,333.33333333333337,187.33333333333326],"id":"trial-label","preferredBodyPoints":53,"time":1790872670.0564861,"uptime":1240046.1268042}
SETUP_PROBE {"appearance":"light","dynamicTypeSize":"accessibility5","frame":[32,881,199.66666666666666,63.333333333333258],"id":"film-title","preferredBodyPoints":53,"time":1790872670.056577,"uptime":1240046.12689465}
SETUP_PROBE {"appearance":"light","dynamicTypeSize":"accessibility5","frame":[60,512,308,63.333333333333371],"id":"silent-capture","preferredBodyPoints":53,"time":1790872670.0566611,"uptime":1240046.126979158}
SETUP_PROBE {"appearance":"light","dynamicTypeSize":"accessibility5","frame":[32,294.66666666666663,302.66666666666663,187.33333333333337],"id":"camera-description","preferredBodyPoints":53,"time":1790872670.056731,"uptime":1240046.1270485341}
SETUP_PROBE {"appearance":"light","dynamicTypeSize":"accessibility5","frame":[32,605.33333333333337,249.66666666666663,125.33333333333337],"id":"orientation-label","preferredBodyPoints":53,"time":1790872670.0567908,"uptime":1240046.1271085232}
SETUP_VIEWPORT {"bounds":[0,170.66666666666666,402,708],"containerSize":[402,708],"contentSize":[402,2089.333333333333],"event":"scroll","insets":[70,0,34,0],"offset":[0,170.66666666666666],"time":1790872670.0728579,"uptime":1240046.1431787692,"visibleRect":[0,170.66666666666666,402,812]}
SETUP_PROBE {"appearance":"light","dynamicTypeSize":"accessibility5","frame":[32,1902.3333333333333,217.33333333333331,63.333333333333485],"id":"load-film","preferredBodyPoints":53,"time":1790872670.0731039,"uptime":1240046.1434222101}
SETUP_PROBE {"appearance":"light","dynamicTypeSize":"accessibility5","frame":[32,1127,333.33333333333337,187.33333333333326],"id":"trial-label","preferredBodyPoints":53,"time":1790872670.0732169,"uptime":1240046.1435351321}
SETUP_PROBE {"appearance":"light","dynamicTypeSize":"accessibility5","frame":[32,865.33333333333337,199.66666666666666,63.333333333333258],"id":"film-title","preferredBodyPoints":53,"time":1790872670.0733151,"uptime":1240046.1436322981}
SETUP_PROBE {"appearance":"light","dynamicTypeSize":"accessibility5","frame":[60,496.33333333333337,308,63.333333333333371],"id":"silent-capture","preferredBodyPoints":53,"time":1790872670.0734038,"uptime":1240046.1437216601}
SETUP_PROBE {"appearance":"light","dynamicTypeSize":"accessibility5","frame":[32,279,302.66666666666663,187.33333333333337],"id":"camera-description","preferredBodyPoints":53,"time":1790872670.081785,"uptime":1240046.1521040921}
SETUP_PROBE {"appearance":"light","dynamicTypeSize":"accessibility5","frame":[32,589.66666666666674,249.66666666666663,125.33333333333337],"id":"orientation-label","preferredBodyPoints":53,"time":1790872670.081929,"uptime":1240046.1522465032}
SETUP_VIEWPORT {"bounds":[0,185.66666666666666,402,708],"containerSize":[402,708],"contentSize":[402,2089.333333333333],"event":"scroll","insets":[70,0,34,0],"offset":[0,185.66666666666666],"time":1790872670.0899539,"uptime":1240046.1602737671,"visibleRect":[0,185.66666666666666,402,812]}
SETUP_PROBE {"appearance":"light","dynamicTypeSize":"accessibility5","frame":[32,1887.3333333333333,217.33333333333331,63.333333333333485],"id":"load-film","preferredBodyPoints":53,"time":1790872670.0902061,"uptime":1240046.160523786}
SETUP_PROBE {"appearance":"light","dynamicTypeSize":"accessibility5","frame":[32,1112,333.33333333333337,187.33333333333326],"id":"trial-label","preferredBodyPoints":53,"time":1790872670.090313,"uptime":1240046.160630272}
SETUP_PROBE {"appearance":"light","dynamicTypeSize":"accessibility5","frame":[32,850.33333333333337,199.66666666666666,63.333333333333258],"id":"film-title","preferredBodyPoints":53,"time":1790872670.0904031,"uptime":1240046.1607208061}
SETUP_PROBE {"appearance":"light","dynamicTypeSize":"accessibility5","frame":[60,481.33333333333337,308,63.333333333333371],"id":"silent-capture","preferredBodyPoints":53,"time":1790872670.0904889,"uptime":1240046.1608069071}
SETUP_PROBE {"appearance":"light","dynamicTypeSize":"accessibility5","frame":[32,264,302.66666666666663,187.33333333333337],"id":"camera-description","preferredBodyPoints":53,"time":1790872670.090574,"uptime":1240046.160891793}
SETUP_PROBE {"appearance":"light","dynamicTypeSize":"accessibility5","frame":[32,574.66666666666674,249.66666666666663,125.33333333333337],"id":"orientation-label","preferredBodyPoints":53,"time":1790872670.0906579,"uptime":1240046.1609756672}
SETUP_VIEWPORT {"bounds":[0,200.66666666666663,402,708],"containerSize":[402,708],"contentSize":[402,2089.333333333333],"event":"scroll","insets":[70,0,34,0],"offset":[0,200.66666666666663],"time":1790872670.1060991,"uptime":1240046.1764192921,"visibleRect":[0,200.66666666666663,402,812]}
SETUP_PROBE {"appearance":"light","dynamicTypeSize":"accessibility5","frame":[32,1872.3333333333335,217.33333333333331,63.333333333333485],"id":"load-film","preferredBodyPoints":53,"time":1790872670.106328,"uptime":1240046.1766455742}
SETUP_PROBE {"appearance":"light","dynamicTypeSize":"accessibility5","frame":[32,1097,333.33333333333337,187.33333333333348],"id":"trial-label","preferredBodyPoints":53,"time":1790872670.106431,"uptime":1240046.176748856}
SETUP_PROBE {"appearance":"light","dynamicTypeSize":"accessibility5","frame":[32,835.33333333333337,199.66666666666666,63.333333333333258],"id":"film-title","preferredBodyPoints":53,"time":1790872670.106529,"uptime":1240046.176846511}
SETUP_PROBE {"appearance":"light","dynamicTypeSize":"accessibility5","frame":[60,466.33333333333337,308,63.333333333333371],"id":"silent-capture","preferredBodyPoints":53,"time":1790872670.106648,"uptime":1240046.1769657191}
SETUP_PROBE {"appearance":"light","dynamicTypeSize":"accessibility5","frame":[32,249,302.66666666666663,187.33333333333337],"id":"camera-description","preferredBodyPoints":53,"time":1790872670.109597,"uptime":1240046.179916546}
SETUP_PROBE {"appearance":"light","dynamicTypeSize":"accessibility5","frame":[32,559.66666666666674,249.66666666666663,125.33333333333337],"id":"orientation-label","preferredBodyPoints":53,"time":1790872670.1097641,"uptime":1240046.1800815931}
SETUP_VIEWPORT {"bounds":[0,214.66666666666663,402,708],"containerSize":[402,708],"contentSize":[402,2089.333333333333],"event":"scroll","insets":[70,0,34,0],"offset":[0,214.66666666666663],"time":1790872670.123605,"uptime":1240046.1939250932,"visibleRect":[0,214.66666666666663,402,812]}
SETUP_PROBE {"appearance":"light","dynamicTypeSize":"accessibility5","frame":[32,1858.3333333333335,217.33333333333331,63.333333333333485],"id":"load-film","preferredBodyPoints":53,"time":1790872670.1238542,"uptime":1240046.194171045}
SETUP_PROBE {"appearance":"light","dynamicTypeSize":"accessibility5","frame":[32,1083,333.33333333333337,187.33333333333348],"id":"trial-label","preferredBodyPoints":53,"time":1790872670.1239629,"uptime":1240046.1942803531}
SETUP_PROBE {"appearance":"light","dynamicTypeSize":"accessibility5","frame":[32,821.33333333333337,199.66666666666666,63.333333333333258],"id":"film-title","preferredBodyPoints":53,"time":1790872670.124054,"uptime":1240046.194370938}
SETUP_PROBE {"appearance":"light","dynamicTypeSize":"accessibility5","frame":[60,452.33333333333337,308,63.333333333333371],"id":"silent-capture","preferredBodyPoints":53,"time":1790872670.1241431,"uptime":1240046.194460175}
SETUP_PROBE {"appearance":"light","dynamicTypeSize":"accessibility5","frame":[32,235,302.66666666666663,187.33333333333337],"id":"camera-description","preferredBodyPoints":53,"time":1790872670.124228,"uptime":1240046.1945451421}
SETUP_PROBE {"appearance":"light","dynamicTypeSize":"accessibility5","frame":[32,545.66666666666674,249.66666666666663,125.33333333333337],"id":"orientation-label","preferredBodyPoints":53,"time":1790872670.1243119,"uptime":1240046.194629438}
SETUP_VIEWPORT {"bounds":[0,228.33333333333337,402,708],"containerSize":[402,708],"contentSize":[402,2089.333333333333],"event":"scroll","insets":[70,0,34,0],"offset":[0,228.33333333333337],"time":1790872670.1398349,"uptime":1240046.2101533511,"visibleRect":[0,228.33333333333337,402,812]}
SETUP_PROBE {"appearance":"light","dynamicTypeSize":"accessibility5","frame":[32,1844.6666666666665,217.33333333333331,63.333333333333485],"id":"load-film","preferredBodyPoints":53,"time":1790872670.140038,"uptime":1240046.210355835}
SETUP_PROBE {"appearance":"light","dynamicTypeSize":"accessibility5","frame":[32,1069.3333333333335,333.33333333333337,187.33333333333303],"id":"trial-label","preferredBodyPoints":53,"time":1790872670.14013,"uptime":1240046.2104473452}
SETUP_PROBE {"appearance":"light","dynamicTypeSize":"accessibility5","frame":[32,807.66666666666663,199.66666666666666,63.333333333333258],"id":"film-title","preferredBodyPoints":53,"time":1790872670.140202,"uptime":1240046.210518976}
SETUP_PROBE {"appearance":"light","dynamicTypeSize":"accessibility5","frame":[60,438.66666666666663,308,63.333333333333371],"id":"silent-capture","preferredBodyPoints":53,"time":1790872670.1402659,"uptime":1240046.2105830901}
SETUP_PROBE {"appearance":"light","dynamicTypeSize":"accessibility5","frame":[32,221.33333333333326,302.66666666666663,187.33333333333337],"id":"camera-description","preferredBodyPoints":53,"time":1790872670.1403279,"uptime":1240046.210644867}
SETUP_PROBE {"appearance":"light","dynamicTypeSize":"accessibility5","frame":[32,532,249.66666666666663,125.33333333333337],"id":"orientation-label","preferredBodyPoints":53,"time":1790872670.1403871,"uptime":1240046.2107038682}
SETUP_VIEWPORT {"bounds":[0,241.66666666666663,402,708],"containerSize":[402,708],"contentSize":[402,2089.333333333333],"event":"scroll","insets":[70,0,34,0],"offset":[0,241.66666666666663],"time":1790872670.156323,"uptime":1240046.226642228,"visibleRect":[0,241.66666666666663,402,812]}
SETUP_PROBE {"appearance":"light","dynamicTypeSize":"accessibility5","frame":[32,1831.3333333333335,217.33333333333331,63.333333333333485],"id":"load-film","preferredBodyPoints":53,"time":1790872670.1565881,"uptime":1240046.226905562}
SETUP_PROBE {"appearance":"light","dynamicTypeSize":"accessibility5","frame":[32,1056,333.33333333333337,187.33333333333348],"id":"trial-label","preferredBodyPoints":53,"time":1790872670.1567001,"uptime":1240046.2270169072}
SETUP_PROBE {"appearance":"light","dynamicTypeSize":"accessibility5","frame":[32,794.33333333333337,199.66666666666666,63.333333333333258],"id":"film-title","preferredBodyPoints":53,"time":1790872670.1567709,"uptime":1240046.2270881501}
SETUP_PROBE {"appearance":"light","dynamicTypeSize":"accessibility5","frame":[60,425.33333333333337,308,63.333333333333371],"id":"silent-capture","preferredBodyPoints":53,"time":1790872670.1568389,"uptime":1240046.227155443}
SETUP_PROBE {"appearance":"light","dynamicTypeSize":"accessibility5","frame":[32,208,302.66666666666663,187.33333333333337],"id":"camera-description","preferredBodyPoints":53,"time":1790872670.156903,"uptime":1240046.2272200892}
SETUP_PROBE {"appearance":"light","dynamicTypeSize":"accessibility5","frame":[32,518.66666666666674,249.66666666666663,125.33333333333337],"id":"orientation-label","preferredBodyPoints":53,"time":1790872670.156966,"uptime":1240046.2272824151}
SETUP_VIEWPORT {"bounds":[0,267,402,708],"containerSize":[402,708],"contentSize":[402,2089.333333333333],"event":"scroll","insets":[70,0,34,0],"offset":[0,267],"time":1790872670.18964,"uptime":1240046.259960833,"visibleRect":[0,267,402,812]}
SETUP_PROBE {"appearance":"light","dynamicTypeSize":"accessibility5","frame":[32,1806,217.33333333333331,63.333333333333485],"id":"load-film","preferredBodyPoints":53,"time":1790872670.189882,"uptime":1240046.2601989631}
SETUP_PROBE {"appearance":"light","dynamicTypeSize":"accessibility5","frame":[32,1030.6666666666667,333.33333333333337,187.33333333333326],"id":"trial-label","preferredBodyPoints":53,"time":1790872670.190007,"uptime":1240046.2603240572}
SETUP_PROBE {"appearance":"light","dynamicTypeSize":"accessibility5","frame":[32,769,199.66666666666666,63.333333333333258],"id":"film-title","preferredBodyPoints":53,"time":1790872670.1901031,"uptime":1240046.260419233}
SETUP_PROBE {"appearance":"light","dynamicTypeSize":"accessibility5","frame":[60,400,308,63.333333333333371],"id":"silent-capture","preferredBodyPoints":53,"time":1790872670.190192,"uptime":1240046.260508796}
SETUP_PROBE {"appearance":"light","dynamicTypeSize":"accessibility5","frame":[32,182.66666666666663,302.66666666666663,187.33333333333337],"id":"camera-description","preferredBodyPoints":53,"time":1790872670.190279,"uptime":1240046.2605957761}
SETUP_PROBE {"appearance":"light","dynamicTypeSize":"accessibility5","frame":[32,493.33333333333337,249.66666666666663,125.33333333333337],"id":"orientation-label","preferredBodyPoints":53,"time":1790872670.190372,"uptime":1240046.260689148}
SETUP_VIEWPORT {"bounds":[0,279,402,708],"containerSize":[402,708],"contentSize":[402,2089.333333333333],"event":"scroll","insets":[70,0,34,0],"offset":[0,279],"time":1790872670.205898,"uptime":1240046.2762162481,"visibleRect":[0,279,402,812]}
SETUP_PROBE {"appearance":"light","dynamicTypeSize":"accessibility5","frame":[32,1794,217.33333333333331,63.333333333333485],"id":"load-film","preferredBodyPoints":53,"time":1790872670.2060819,"uptime":1240046.2763986271}
SETUP_PROBE {"appearance":"light","dynamicTypeSize":"accessibility5","frame":[32,1018.6666666666667,333.33333333333337,187.33333333333326],"id":"trial-label","preferredBodyPoints":53,"time":1790872670.206161,"uptime":1240046.2764773972}
SETUP_PROBE {"appearance":"light","dynamicTypeSize":"accessibility5","frame":[32,757,199.66666666666666,63.333333333333258],"id":"film-title","preferredBodyPoints":53,"time":1790872670.2062259,"uptime":1240046.276541857}
SETUP_PROBE {"appearance":"light","dynamicTypeSize":"accessibility5","frame":[60,388,308,63.333333333333371],"id":"silent-capture","preferredBodyPoints":53,"time":1790872670.206285,"uptime":1240046.276601413}
SETUP_PROBE {"appearance":"light","dynamicTypeSize":"accessibility5","frame":[32,170.66666666666663,302.66666666666663,187.33333333333337],"id":"camera-description","preferredBodyPoints":53,"time":1790872670.2063432,"uptime":1240046.276659722}
SETUP_PROBE {"appearance":"light","dynamicTypeSize":"accessibility5","frame":[32,481.33333333333337,249.66666666666663,125.33333333333337],"id":"orientation-label","preferredBodyPoints":53,"time":1790872670.2064018,"uptime":1240046.276718548}
SETUP_VIEWPORT {"bounds":[0,290.66666666666669,402,708],"containerSize":[402,708],"contentSize":[402,2089.333333333333],"event":"scroll","insets":[70,0,34,0],"offset":[0,290.66666666666669],"time":1790872670.2224789,"uptime":1240046.2927972542,"visibleRect":[0,290.66666666666669,402,812]}
SETUP_PROBE {"appearance":"light","dynamicTypeSize":"accessibility5","frame":[32,1782.3333333333333,217.33333333333331,63.333333333333485],"id":"load-film","preferredBodyPoints":53,"time":1790872670.2226582,"uptime":1240046.2929743601}
SETUP_PROBE {"appearance":"light","dynamicTypeSize":"accessibility5","frame":[32,1007,333.33333333333337,187.33333333333326],"id":"trial-label","preferredBodyPoints":53,"time":1790872670.2227349,"uptime":1240046.293051206}
SETUP_PROBE {"appearance":"light","dynamicTypeSize":"accessibility5","frame":[32,745.33333333333326,199.66666666666666,63.333333333333258],"id":"film-title","preferredBodyPoints":53,"time":1790872670.2227979,"uptime":1240046.2931145271}
SETUP_PROBE {"appearance":"light","dynamicTypeSize":"accessibility5","frame":[60,376.33333333333331,308,63.333333333333371],"id":"silent-capture","preferredBodyPoints":53,"time":1790872670.2228589,"uptime":1240046.293175122}
SETUP_PROBE {"appearance":"light","dynamicTypeSize":"accessibility5","frame":[32,158.99999999999994,302.66666666666663,187.33333333333337],"id":"camera-description","preferredBodyPoints":53,"time":1790872670.222919,"uptime":1240046.293234617}
SETUP_PROBE {"appearance":"light","dynamicTypeSize":"accessibility5","frame":[32,469.66666666666669,249.66666666666663,125.33333333333331],"id":"orientation-label","preferredBodyPoints":53,"time":1790872670.2229772,"uptime":1240046.2932931851}
SETUP_VIEWPORT {"bounds":[0,302,402,708],"containerSize":[402,708],"contentSize":[402,2089.333333333333],"event":"scroll","insets":[70,0,34,0],"offset":[0,302],"time":1790872670.239331,"uptime":1240046.309648637,"visibleRect":[0,302,402,812]}
SETUP_PROBE {"appearance":"light","dynamicTypeSize":"accessibility5","frame":[32,1771,217.33333333333331,63.333333333333485],"id":"load-film","preferredBodyPoints":53,"time":1790872670.2395039,"uptime":1240046.309820916}
SETUP_PROBE {"appearance":"light","dynamicTypeSize":"accessibility5","frame":[32,995.66666666666674,333.33333333333337,187.33333333333326],"id":"trial-label","preferredBodyPoints":53,"time":1790872670.2395811,"uptime":1240046.309896748}
SETUP_PROBE {"appearance":"light","dynamicTypeSize":"accessibility5","frame":[32,734,199.66666666666666,63.333333333333258],"id":"film-title","preferredBodyPoints":53,"time":1790872670.2396441,"uptime":1240046.3099595471}
SETUP_PROBE {"appearance":"light","dynamicTypeSize":"accessibility5","frame":[60,365,308,63.333333333333371],"id":"silent-capture","preferredBodyPoints":53,"time":1790872670.239702,"uptime":1240046.3100176072}
SETUP_PROBE {"appearance":"light","dynamicTypeSize":"accessibility5","frame":[32,147.66666666666663,302.66666666666663,187.33333333333337],"id":"camera-description","preferredBodyPoints":53,"time":1790872670.239758,"uptime":1240046.3100739252}
SETUP_PROBE {"appearance":"light","dynamicTypeSize":"accessibility5","frame":[32,458.33333333333337,249.66666666666663,125.33333333333337],"id":"orientation-label","preferredBodyPoints":53,"time":1790872670.239814,"uptime":1240046.3101301561}
SETUP_VIEWPORT {"bounds":[0,313,402,708],"containerSize":[402,708],"contentSize":[402,2089.333333333333],"event":"scroll","insets":[70,0,34,0],"offset":[0,313],"time":1790872670.2558031,"uptime":1240046.326120618,"visibleRect":[0,313,402,812]}
SETUP_PROBE {"appearance":"light","dynamicTypeSize":"accessibility5","frame":[32,1760,217.33333333333331,63.333333333333485],"id":"load-film","preferredBodyPoints":53,"time":1790872670.2559619,"uptime":1240046.3262776481}
SETUP_PROBE {"appearance":"light","dynamicTypeSize":"accessibility5","frame":[32,984.66666666666674,333.33333333333337,187.33333333333326],"id":"trial-label","preferredBodyPoints":53,"time":1790872670.256036,"uptime":1240046.3263517751}
SETUP_PROBE {"appearance":"light","dynamicTypeSize":"accessibility5","frame":[32,723,199.66666666666666,63.333333333333258],"id":"film-title","preferredBodyPoints":53,"time":1790872670.2561002,"uptime":1240046.326415821}
SETUP_PROBE {"appearance":"light","dynamicTypeSize":"accessibility5","frame":[60,354,308,63.333333333333371],"id":"silent-capture","preferredBodyPoints":53,"time":1790872670.25616,"uptime":1240046.3264754361}
SETUP_PROBE {"appearance":"light","dynamicTypeSize":"accessibility5","frame":[32,136.66666666666663,302.66666666666663,187.33333333333337],"id":"camera-description","preferredBodyPoints":53,"time":1790872670.256218,"uptime":1240046.3265335271}
SETUP_PROBE {"appearance":"light","dynamicTypeSize":"accessibility5","frame":[32,447.33333333333337,249.66666666666663,125.33333333333337],"id":"orientation-label","preferredBodyPoints":53,"time":1790872670.2562761,"uptime":1240046.326591179}
SETUP_VIEWPORT {"bounds":[0,323.33333333333331,402,708],"containerSize":[402,708],"contentSize":[402,2089.333333333333],"event":"scroll","insets":[70,0,34,0],"offset":[0,323.33333333333331],"time":1790872670.27246,"uptime":1240046.3427770322,"visibleRect":[0,323.33333333333331,402,812]}
SETUP_PROBE {"appearance":"light","dynamicTypeSize":"accessibility5","frame":[32,1749.6666666666667,217.33333333333331,63.333333333333485],"id":"load-film","preferredBodyPoints":53,"time":1790872670.2726269,"uptime":1240046.342942649}
SETUP_PROBE {"appearance":"light","dynamicTypeSize":"accessibility5","frame":[32,974.33333333333348,333.33333333333337,187.33333333333326],"id":"trial-label","preferredBodyPoints":53,"time":1790872670.272702,"uptime":1240046.3430172801}
SETUP_PROBE {"appearance":"light","dynamicTypeSize":"accessibility5","frame":[32,712.66666666666674,199.66666666666666,63.333333333333258],"id":"film-title","preferredBodyPoints":53,"time":1790872670.2727661,"uptime":1240046.343081862}
SETUP_PROBE {"appearance":"light","dynamicTypeSize":"accessibility5","frame":[60,343.66666666666669,308,63.333333333333371],"id":"silent-capture","preferredBodyPoints":53,"time":1790872670.2728271,"uptime":1240046.3431426222}
SETUP_PROBE {"appearance":"light","dynamicTypeSize":"accessibility5","frame":[32,126.33333333333331,302.66666666666663,187.33333333333337],"id":"camera-description","preferredBodyPoints":53,"time":1790872670.272887,"uptime":1240046.343202892}
SETUP_PROBE {"appearance":"light","dynamicTypeSize":"accessibility5","frame":[32,437.00000000000006,249.66666666666663,125.33333333333343],"id":"orientation-label","preferredBodyPoints":53,"time":1790872670.272948,"uptime":1240046.3432631751}
SETUP_VIEWPORT {"bounds":[0,333.66666666666669,402,708],"containerSize":[402,708],"contentSize":[402,2089.333333333333],"event":"scroll","insets":[70,0,34,0],"offset":[0,333.66666666666669],"time":1790872670.2891998,"uptime":1240046.3595169471,"visibleRect":[0,333.66666666666669,402,812]}
SETUP_PROBE {"appearance":"light","dynamicTypeSize":"accessibility5","frame":[32,1739.3333333333333,217.33333333333331,63.333333333333485],"id":"load-film","preferredBodyPoints":53,"time":1790872670.289376,"uptime":1240046.359691727}
SETUP_PROBE {"appearance":"light","dynamicTypeSize":"accessibility5","frame":[32,964,333.33333333333337,187.33333333333326],"id":"trial-label","preferredBodyPoints":53,"time":1790872670.2894521,"uptime":1240046.3597669902}
SETUP_PROBE {"appearance":"light","dynamicTypeSize":"accessibility5","frame":[32,702.33333333333326,199.66666666666666,63.333333333333258],"id":"film-title","preferredBodyPoints":53,"time":1790872670.2895141,"uptime":1240046.3598296191}
SETUP_PROBE {"appearance":"light","dynamicTypeSize":"accessibility5","frame":[60,333.33333333333331,308,63.333333333333371],"id":"silent-capture","preferredBodyPoints":53,"time":1790872670.289577,"uptime":1240046.3598921841}
SETUP_PROBE {"appearance":"light","dynamicTypeSize":"accessibility5","frame":[32,115.99999999999994,302.66666666666663,187.33333333333337],"id":"camera-description","preferredBodyPoints":53,"time":1790872670.2896371,"uptime":1240046.3599523802}
SETUP_PROBE {"appearance":"light","dynamicTypeSize":"accessibility5","frame":[32,426.66666666666669,249.66666666666663,125.33333333333331],"id":"orientation-label","preferredBodyPoints":53,"time":1790872670.2896972,"uptime":1240046.3600127902}
SETUP_VIEWPORT {"bounds":[0,343.33333333333331,402,708],"containerSize":[402,708],"contentSize":[402,2089.333333333333],"event":"scroll","insets":[70,0,34,0],"offset":[0,343.33333333333331],"time":1790872670.3061008,"uptime":1240046.3764190571,"visibleRect":[0,343.33333333333331,402,812]}
SETUP_PROBE {"appearance":"light","dynamicTypeSize":"accessibility5","frame":[32,1729.6666666666667,217.33333333333331,63.333333333333485],"id":"load-film","preferredBodyPoints":53,"time":1790872670.306329,"uptime":1240046.3766448481}
SETUP_PROBE {"appearance":"light","dynamicTypeSize":"accessibility5","frame":[32,954.33333333333348,333.33333333333337,187.33333333333326],"id":"trial-label","preferredBodyPoints":53,"time":1790872670.3064311,"uptime":1240046.376746414}
SETUP_PROBE {"appearance":"light","dynamicTypeSize":"accessibility5","frame":[32,692.66666666666674,199.66666666666666,63.333333333333258],"id":"film-title","preferredBodyPoints":53,"time":1790872670.30652,"uptime":1240046.3768347681}
SETUP_PROBE {"appearance":"light","dynamicTypeSize":"accessibility5","frame":[60,323.66666666666669,308,63.333333333333371],"id":"silent-capture","preferredBodyPoints":53,"time":1790872670.3066101,"uptime":1240046.376925071}
SETUP_PROBE {"appearance":"light","dynamicTypeSize":"accessibility5","frame":[32,106.33333333333331,302.66666666666663,187.33333333333337],"id":"camera-description","preferredBodyPoints":53,"time":1790872670.310946,"uptime":1240046.3812615101}
SETUP_PROBE {"appearance":"light","dynamicTypeSize":"accessibility5","frame":[32,417.00000000000006,249.66666666666663,125.33333333333343],"id":"orientation-label","preferredBodyPoints":53,"time":1790872670.3110671,"uptime":1240046.381381935}
SETUP_VIEWPORT {"bounds":[0,353,402,708],"containerSize":[402,708],"contentSize":[402,2089.333333333333],"event":"scroll","insets":[70,0,34,0],"offset":[0,353],"time":1790872670.322809,"uptime":1240046.3931268561,"visibleRect":[0,353,402,812]}
SETUP_PROBE {"appearance":"light","dynamicTypeSize":"accessibility5","frame":[32,1720,217.33333333333331,63.333333333333485],"id":"load-film","preferredBodyPoints":53,"time":1790872670.323046,"uptime":1240046.3933615892}
SETUP_PROBE {"appearance":"light","dynamicTypeSize":"accessibility5","frame":[32,944.66666666666674,333.33333333333337,187.33333333333326],"id":"trial-label","preferredBodyPoints":53,"time":1790872670.323149,"uptime":1240046.3934637681}
SETUP_PROBE {"appearance":"light","dynamicTypeSize":"accessibility5","frame":[32,683,199.66666666666666,63.333333333333258],"id":"film-title","preferredBodyPoints":53,"time":1790872670.3232369,"uptime":1240046.3935519101}
SETUP_PROBE {"appearance":"light","dynamicTypeSize":"accessibility5","frame":[60,314,308,63.333333333333371],"id":"silent-capture","preferredBodyPoints":53,"time":1790872670.323319,"uptime":1240046.3936345181}
SETUP_PROBE {"appearance":"light","dynamicTypeSize":"accessibility5","frame":[32,96.666666666666629,302.66666666666663,187.33333333333337],"id":"camera-description","preferredBodyPoints":53,"time":1790872670.323401,"uptime":1240046.3937164801}
SETUP_PROBE {"appearance":"light","dynamicTypeSize":"accessibility5","frame":[32,407.33333333333337,249.66666666666663,125.33333333333337],"id":"orientation-label","preferredBodyPoints":53,"time":1790872670.323483,"uptime":1240046.3937976591}
SETUP_VIEWPORT {"bounds":[0,362.33333333333331,402,708],"containerSize":[402,708],"contentSize":[402,2089.333333333333],"event":"scroll","insets":[70,0,34,0],"offset":[0,362.33333333333331],"time":1790872670.3393869,"uptime":1240046.4097036822,"visibleRect":[0,362.33333333333331,402,812]}
SETUP_PROBE {"appearance":"light","dynamicTypeSize":"accessibility5","frame":[32,1710.6666666666667,217.33333333333331,63.333333333333485],"id":"load-film","preferredBodyPoints":53,"time":1790872670.339608,"uptime":1240046.4099232021}
SETUP_PROBE {"appearance":"light","dynamicTypeSize":"accessibility5","frame":[32,935.33333333333348,333.33333333333337,187.33333333333326],"id":"trial-label","preferredBodyPoints":53,"time":1790872670.3397031,"uptime":1240046.41001834}
SETUP_PROBE {"appearance":"light","dynamicTypeSize":"accessibility5","frame":[32,673.66666666666674,199.66666666666666,63.333333333333258],"id":"film-title","preferredBodyPoints":53,"time":1790872670.339788,"uptime":1240046.410102901}
SETUP_PROBE {"appearance":"light","dynamicTypeSize":"accessibility5","frame":[60,304.66666666666669,308,63.333333333333371],"id":"silent-capture","preferredBodyPoints":53,"time":1790872670.339869,"uptime":1240046.4101836171}
SETUP_PROBE {"appearance":"light","dynamicTypeSize":"accessibility5","frame":[32,87.333333333333314,302.66666666666663,187.33333333333337],"id":"camera-description","preferredBodyPoints":53,"time":1790872670.3458362,"uptime":1240046.416152545}
SETUP_PROBE {"appearance":"light","dynamicTypeSize":"accessibility5","frame":[32,398.00000000000006,249.66666666666663,125.33333333333343],"id":"orientation-label","preferredBodyPoints":53,"time":1790872670.3459802,"uptime":1240046.4162958611}
SETUP_VIEWPORT {"bounds":[0,371,402,708],"containerSize":[402,708],"contentSize":[402,2089.333333333333],"event":"scroll","insets":[70,0,34,0],"offset":[0,371],"time":1790872670.3569078,"uptime":1240046.4272251062,"visibleRect":[0,371,402,812]}
SETUP_PROBE {"appearance":"light","dynamicTypeSize":"accessibility5","frame":[32,1702,217.33333333333331,63.333333333333485],"id":"load-film","preferredBodyPoints":53,"time":1790872670.3573999,"uptime":1240046.427715322}
SETUP_PROBE {"appearance":"light","dynamicTypeSize":"accessibility5","frame":[32,926.66666666666674,333.33333333333337,187.33333333333326],"id":"trial-label","preferredBodyPoints":53,"time":1790872670.357538,"uptime":1240046.427852591}
SETUP_PROBE {"appearance":"light","dynamicTypeSize":"accessibility5","frame":[32,665,199.66666666666666,63.333333333333258],"id":"film-title","preferredBodyPoints":53,"time":1790872670.357635,"uptime":1240046.427950083}
SETUP_PROBE {"appearance":"light","dynamicTypeSize":"accessibility5","frame":[60,296,308,63.333333333333371],"id":"silent-capture","preferredBodyPoints":53,"time":1790872670.3577261,"uptime":1240046.428040677}
SETUP_PROBE {"appearance":"light","dynamicTypeSize":"accessibility5","frame":[32,78.666666666666629,302.66666666666663,187.33333333333337],"id":"camera-description","preferredBodyPoints":53,"time":1790872670.3578229,"uptime":1240046.4281374861}
SETUP_PROBE {"appearance":"light","dynamicTypeSize":"accessibility5","frame":[32,389.33333333333337,249.66666666666663,125.33333333333337],"id":"orientation-label","preferredBodyPoints":53,"time":1790872670.357914,"uptime":1240046.4282283741}
SETUP_VIEWPORT {"bounds":[0,379.66666666666669,402,708],"containerSize":[402,708],"contentSize":[402,2089.333333333333],"event":"scroll","insets":[70,0,34,0],"offset":[0,379.66666666666669],"time":1790872670.3727951,"uptime":1240046.44311226,"visibleRect":[0,379.66666666666669,402,812]}
SETUP_PROBE {"appearance":"light","dynamicTypeSize":"accessibility5","frame":[32,1693.3333333333333,217.33333333333331,63.333333333333485],"id":"load-film","preferredBodyPoints":53,"time":1790872670.373029,"uptime":1240046.4433437861}
SETUP_PROBE {"appearance":"light","dynamicTypeSize":"accessibility5","frame":[32,918,333.33333333333337,187.33333333333326],"id":"trial-label","preferredBodyPoints":53,"time":1790872670.3731389,"uptime":1240046.443453538}
SETUP_PROBE {"appearance":"light","dynamicTypeSize":"accessibility5","frame":[32,656.33333333333326,199.66666666666666,63.333333333333258],"id":"film-title","preferredBodyPoints":53,"time":1790872670.373229,"uptime":1240046.4435435692}
SETUP_PROBE {"appearance":"light","dynamicTypeSize":"accessibility5","frame":[60,287.33333333333331,308,63.333333333333371],"id":"silent-capture","preferredBodyPoints":53,"time":1790872670.373316,"uptime":1240046.4436306001}
SETUP_PROBE {"appearance":"light","dynamicTypeSize":"accessibility5","frame":[32,69.999999999999943,302.66666666666663,187.33333333333337],"id":"camera-description","preferredBodyPoints":53,"time":1790872670.373425,"uptime":1240046.44373943}
SETUP_PROBE {"appearance":"light","dynamicTypeSize":"accessibility5","frame":[32,380.66666666666669,249.66666666666663,125.33333333333337],"id":"orientation-label","preferredBodyPoints":53,"time":1790872670.373513,"uptime":1240046.4438271211}
SETUP_VIEWPORT {"bounds":[0,388,402,708],"containerSize":[402,708],"contentSize":[402,2089.333333333333],"event":"scroll","insets":[70,0,34,0],"offset":[0,388],"time":1790872670.3895168,"uptime":1240046.459834462,"visibleRect":[0,388,402,812]}
SETUP_PROBE {"appearance":"light","dynamicTypeSize":"accessibility5","frame":[32,1685,217.33333333333331,63.333333333333485],"id":"load-film","preferredBodyPoints":53,"time":1790872670.3897851,"uptime":1240046.460099912}
SETUP_PROBE {"appearance":"light","dynamicTypeSize":"accessibility5","frame":[32,909.66666666666674,333.33333333333337,187.33333333333326],"id":"trial-label","preferredBodyPoints":53,"time":1790872670.3899131,"uptime":1240046.4602276732}
SETUP_PROBE {"appearance":"light","dynamicTypeSize":"accessibility5","frame":[32,648,199.66666666666666,63.333333333333258],"id":"film-title","preferredBodyPoints":53,"time":1790872670.3900051,"uptime":1240046.460319346}
SETUP_PROBE {"appearance":"light","dynamicTypeSize":"accessibility5","frame":[60,279,308,63.333333333333371],"id":"silent-capture","preferredBodyPoints":53,"time":1790872670.3900909,"uptime":1240046.460405068}
SETUP_PROBE {"appearance":"light","dynamicTypeSize":"accessibility5","frame":[32,61.666666666666629,302.66666666666663,187.33333333333337],"id":"camera-description","preferredBodyPoints":53,"time":1790872670.3901749,"uptime":1240046.4604898761}
SETUP_PROBE {"appearance":"light","dynamicTypeSize":"accessibility5","frame":[32,372.33333333333337,249.66666666666663,125.33333333333337],"id":"orientation-label","preferredBodyPoints":53,"time":1790872670.390259,"uptime":1240046.4605737331}
SETUP_VIEWPORT {"bounds":[0,396.33333333333331,402,708],"containerSize":[402,708],"contentSize":[402,2089.333333333333],"event":"scroll","insets":[70,0,34,0],"offset":[0,396.33333333333331],"time":1790872670.406286,"uptime":1240046.4766028512,"visibleRect":[0,396.33333333333331,402,812]}
SETUP_PROBE {"appearance":"light","dynamicTypeSize":"accessibility5","frame":[32,1676.6666666666667,217.33333333333331,63.333333333333485],"id":"load-film","preferredBodyPoints":53,"time":1790872670.406533,"uptime":1240046.47684747}
SETUP_PROBE {"appearance":"light","dynamicTypeSize":"accessibility5","frame":[32,901.33333333333348,333.33333333333337,187.33333333333326],"id":"trial-label","preferredBodyPoints":53,"time":1790872670.406641,"uptime":1240046.476954788}
SETUP_PROBE {"appearance":"light","dynamicTypeSize":"accessibility5","frame":[32,639.66666666666674,199.66666666666666,63.333333333333258],"id":"film-title","preferredBodyPoints":53,"time":1790872670.406734,"uptime":1240046.4770482741}
SETUP_PROBE {"appearance":"light","dynamicTypeSize":"accessibility5","frame":[60,270.66666666666669,308,63.333333333333371],"id":"silent-capture","preferredBodyPoints":53,"time":1790872670.4068251,"uptime":1240046.4771387721}
SETUP_PROBE {"appearance":"light","dynamicTypeSize":"accessibility5","frame":[32,53.333333333333314,302.66666666666663,187.33333333333337],"id":"camera-description","preferredBodyPoints":53,"time":1790872670.4069118,"uptime":1240046.4772257761}
SETUP_PROBE {"appearance":"light","dynamicTypeSize":"accessibility5","frame":[32,364.00000000000006,249.66666666666663,125.33333333333337],"id":"orientation-label","preferredBodyPoints":53,"time":1790872670.4069991,"uptime":1240046.477313258}
SETUP_VIEWPORT {"bounds":[0,404,402,708],"containerSize":[402,708],"contentSize":[402,2089.333333333333],"event":"scroll","insets":[70,0,34,0],"offset":[0,404],"time":1790872670.4231739,"uptime":1240046.4934912361,"visibleRect":[0,404,402,812]}
SETUP_PROBE {"appearance":"light","dynamicTypeSize":"accessibility5","frame":[32,1669,217.33333333333331,63.333333333333485],"id":"load-film","preferredBodyPoints":53,"time":1790872670.42343,"uptime":1240046.4937445081}
SETUP_PROBE {"appearance":"light","dynamicTypeSize":"accessibility5","frame":[32,893.66666666666674,333.33333333333337,187.33333333333326],"id":"trial-label","preferredBodyPoints":53,"time":1790872670.4235349,"uptime":1240046.4938490512}
SETUP_PROBE {"appearance":"light","dynamicTypeSize":"accessibility5","frame":[32,632,199.66666666666666,63.333333333333258],"id":"film-title","preferredBodyPoints":53,"time":1790872670.4236212,"uptime":1240046.493935562}
SETUP_PROBE {"appearance":"light","dynamicTypeSize":"accessibility5","frame":[60,263,308,63.333333333333371],"id":"silent-capture","preferredBodyPoints":53,"time":1790872670.4237041,"uptime":1240046.4940181721}
SETUP_PROBE {"appearance":"light","dynamicTypeSize":"accessibility5","frame":[32,45.666666666666629,302.66666666666663,187.33333333333337],"id":"camera-description","preferredBodyPoints":53,"time":1790872670.423785,"uptime":1240046.494098624}
SETUP_PROBE {"appearance":"light","dynamicTypeSize":"accessibility5","frame":[32,356.33333333333337,249.66666666666663,125.33333333333337],"id":"orientation-label","preferredBodyPoints":53,"time":1790872670.423866,"uptime":1240046.494180216}
SETUP_VIEWPORT {"bounds":[0,411.66666666666669,402,708],"containerSize":[402,708],"contentSize":[402,2089.333333333333],"event":"scroll","insets":[70,0,34,0],"offset":[0,411.66666666666669],"time":1790872670.4398332,"uptime":1240046.510149983,"visibleRect":[0,411.66666666666669,402,812]}
SETUP_PROBE {"appearance":"light","dynamicTypeSize":"accessibility5","frame":[32,1661.3333333333333,217.33333333333331,63.333333333333485],"id":"load-film","preferredBodyPoints":53,"time":1790872670.4400291,"uptime":1240046.5103432941}
SETUP_PROBE {"appearance":"light","dynamicTypeSize":"accessibility5","frame":[32,886,333.33333333333337,187.33333333333326],"id":"trial-label","preferredBodyPoints":53,"time":1790872670.4401131,"uptime":1240046.510426983}
SETUP_PROBE {"appearance":"light","dynamicTypeSize":"accessibility5","frame":[32,624.33333333333326,199.66666666666666,63.333333333333258],"id":"film-title","preferredBodyPoints":53,"time":1790872670.440177,"uptime":1240046.5104904762}
SETUP_PROBE {"appearance":"light","dynamicTypeSize":"accessibility5","frame":[60,255.33333333333331,308,63.333333333333371],"id":"silent-capture","preferredBodyPoints":53,"time":1790872670.4402351,"uptime":1240046.5105489171}
SETUP_PROBE {"appearance":"light","dynamicTypeSize":"accessibility5","frame":[32,37.999999999999943,302.66666666666663,187.33333333333337],"id":"camera-description","preferredBodyPoints":53,"time":1790872670.440294,"uptime":1240046.5106073262}
SETUP_PROBE {"appearance":"light","dynamicTypeSize":"accessibility5","frame":[32,348.66666666666669,249.66666666666663,125.33333333333337],"id":"orientation-label","preferredBodyPoints":53,"time":1790872670.440351,"uptime":1240046.510665233}
SETUP_VIEWPORT {"bounds":[0,419,402,708],"containerSize":[402,708],"contentSize":[402,2089.333333333333],"event":"scroll","insets":[70,0,34,0],"offset":[0,419],"time":1790872670.456393,"uptime":1240046.5267085021,"visibleRect":[0,419,402,812]}
SETUP_PROBE {"appearance":"light","dynamicTypeSize":"accessibility5","frame":[32,1654,217.33333333333331,63.333333333333485],"id":"load-film","preferredBodyPoints":53,"time":1790872670.456588,"uptime":1240046.5269025271}
SETUP_PROBE {"appearance":"light","dynamicTypeSize":"accessibility5","frame":[32,878.66666666666674,333.33333333333337,187.33333333333326],"id":"trial-label","preferredBodyPoints":53,"time":1790872670.456701,"uptime":1240046.5270152381}
SETUP_PROBE {"appearance":"light","dynamicTypeSize":"accessibility5","frame":[32,617,199.66666666666666,63.333333333333258],"id":"film-title","preferredBodyPoints":53,"time":1790872670.456795,"uptime":1240046.5271088011}
SETUP_PROBE {"appearance":"light","dynamicTypeSize":"accessibility5","frame":[60,248,308,63.333333333333371],"id":"silent-capture","preferredBodyPoints":53,"time":1790872670.456882,"uptime":1240046.5271953142}
SETUP_PROBE {"appearance":"light","dynamicTypeSize":"accessibility5","frame":[32,30.666666666666629,302.66666666666663,187.33333333333337],"id":"camera-description","preferredBodyPoints":53,"time":1790872670.456969,"uptime":1240046.527282296}
SETUP_PROBE {"appearance":"light","dynamicTypeSize":"accessibility5","frame":[32,341.33333333333337,249.66666666666663,125.33333333333337],"id":"orientation-label","preferredBodyPoints":53,"time":1790872670.4570551,"uptime":1240046.527368441}
SETUP_VIEWPORT {"bounds":[0,426,402,708],"containerSize":[402,708],"contentSize":[402,2089.333333333333],"event":"scroll","insets":[70,0,34,0],"offset":[0,426],"time":1790872670.473043,"uptime":1240046.5433598722,"visibleRect":[0,426,402,812]}
SETUP_PROBE {"appearance":"light","dynamicTypeSize":"accessibility5","frame":[32,1647,217.33333333333331,63.333333333333485],"id":"load-film","preferredBodyPoints":53,"time":1790872670.473244,"uptime":1240046.543558188}
SETUP_PROBE {"appearance":"light","dynamicTypeSize":"accessibility5","frame":[32,871.66666666666674,333.33333333333337,187.33333333333326],"id":"trial-label","preferredBodyPoints":53,"time":1790872670.473331,"uptime":1240046.5436443721}
SETUP_PROBE {"appearance":"light","dynamicTypeSize":"accessibility5","frame":[32,610,199.66666666666666,63.333333333333258],"id":"film-title","preferredBodyPoints":53,"time":1790872670.473398,"uptime":1240046.5437113671}
SETUP_PROBE {"appearance":"light","dynamicTypeSize":"accessibility5","frame":[60,241,308,63.333333333333371],"id":"silent-capture","preferredBodyPoints":53,"time":1790872670.47346,"uptime":1240046.543773531}
SETUP_PROBE {"appearance":"light","dynamicTypeSize":"accessibility5","frame":[32,23.666666666666629,302.66666666666663,187.33333333333337],"id":"camera-description","preferredBodyPoints":53,"time":1790872670.47352,"uptime":1240046.5438335962}
SETUP_PROBE {"appearance":"light","dynamicTypeSize":"accessibility5","frame":[32,334.33333333333337,249.66666666666663,125.33333333333337],"id":"orientation-label","preferredBodyPoints":53,"time":1790872670.4735808,"uptime":1240046.5438945252}
SETUP_VIEWPORT {"bounds":[0,432.66666666666669,402,708],"containerSize":[402,708],"contentSize":[402,2089.333333333333],"event":"scroll","insets":[70,0,34,0],"offset":[0,432.66666666666669],"time":1790872670.489496,"uptime":1240046.5598111521,"visibleRect":[0,432.66666666666669,402,812]}
SETUP_PROBE {"appearance":"light","dynamicTypeSize":"accessibility5","frame":[32,1640.3333333333333,217.33333333333331,63.333333333333485],"id":"load-film","preferredBodyPoints":53,"time":1790872670.4897389,"uptime":1240046.5600530182}
SETUP_PROBE {"appearance":"light","dynamicTypeSize":"accessibility5","frame":[32,865,333.33333333333337,187.33333333333326],"id":"trial-label","preferredBodyPoints":53,"time":1790872670.48985,"uptime":1240046.5601634372}
SETUP_PROBE {"appearance":"light","dynamicTypeSize":"accessibility5","frame":[32,603.33333333333326,199.66666666666666,63.333333333333258],"id":"film-title","preferredBodyPoints":53,"time":1790872670.4899421,"uptime":1240046.5602560742}
SETUP_PROBE {"appearance":"light","dynamicTypeSize":"accessibility5","frame":[60,234.33333333333331,308,63.333333333333371],"id":"silent-capture","preferredBodyPoints":53,"time":1790872670.4900122,"uptime":1240046.560324847}
SETUP_PROBE {"appearance":"light","dynamicTypeSize":"accessibility5","frame":[32,16.999999999999943,302.66666666666663,187.33333333333337],"id":"camera-description","preferredBodyPoints":53,"time":1790872670.490072,"uptime":1240046.5603854081}
SETUP_PROBE {"appearance":"light","dynamicTypeSize":"accessibility5","frame":[32,327.66666666666669,249.66666666666663,125.33333333333337],"id":"orientation-label","preferredBodyPoints":53,"time":1790872670.4901309,"uptime":1240046.560443958}
SETUP_VIEWPORT {"bounds":[0,439.33333333333331,402,708],"containerSize":[402,708],"contentSize":[402,2089.333333333333],"event":"scroll","insets":[70,0,34,0],"offset":[0,439.33333333333331],"time":1790872670.50596,"uptime":1240046.5762761151,"visibleRect":[0,439.33333333333331,402,812]}
SETUP_PROBE {"appearance":"light","dynamicTypeSize":"accessibility5","frame":[32,1633.6666666666667,217.33333333333331,63.333333333333485],"id":"load-film","preferredBodyPoints":53,"time":1790872670.5061491,"uptime":1240046.5764624812}
SETUP_PROBE {"appearance":"light","dynamicTypeSize":"accessibility5","frame":[32,858.33333333333348,333.33333333333337,187.33333333333326],"id":"trial-label","preferredBodyPoints":53,"time":1790872670.5062289,"uptime":1240046.576542191}
SETUP_PROBE {"appearance":"light","dynamicTypeSize":"accessibility5","frame":[32,596.66666666666674,199.66666666666666,63.333333333333258],"id":"film-title","preferredBodyPoints":53,"time":1790872670.5062931,"uptime":1240046.576606232}
SETUP_PROBE {"appearance":"light","dynamicTypeSize":"accessibility5","frame":[60,227.66666666666669,308,63.333333333333371],"id":"silent-capture","preferredBodyPoints":53,"time":1790872670.5063519,"uptime":1240046.5766655612}
SETUP_PROBE {"appearance":"light","dynamicTypeSize":"accessibility5","frame":[32,10.333333333333314,302.66666666666663,187.33333333333337],"id":"camera-description","preferredBodyPoints":53,"time":1790872670.5064111,"uptime":1240046.5767244252}
SETUP_PROBE {"appearance":"light","dynamicTypeSize":"accessibility5","frame":[32,321.00000000000006,249.66666666666663,125.33333333333337],"id":"orientation-label","preferredBodyPoints":53,"time":1790872670.506469,"uptime":1240046.576782543}
SETUP_VIEWPORT {"bounds":[0,445.66666666666674,402,708],"containerSize":[402,708],"contentSize":[402,2089.333333333333],"event":"scroll","insets":[70,0,34,0],"offset":[0,445.66666666666674],"time":1790872670.5225379,"uptime":1240046.5928536472,"visibleRect":[0,445.66666666666674,402,812]}
SETUP_PROBE {"appearance":"light","dynamicTypeSize":"accessibility5","frame":[32,1627.3333333333333,217.33333333333331,63.333333333333485],"id":"load-film","preferredBodyPoints":53,"time":1790872670.5227199,"uptime":1240046.5930335261}
SETUP_PROBE {"appearance":"light","dynamicTypeSize":"accessibility5","frame":[32,852,333.33333333333337,187.33333333333326],"id":"trial-label","preferredBodyPoints":53,"time":1790872670.5227931,"uptime":1240046.5931059881}
SETUP_PROBE {"appearance":"light","dynamicTypeSize":"accessibility5","frame":[32,590.33333333333326,199.66666666666666,63.333333333333258],"id":"film-title","preferredBodyPoints":53,"time":1790872670.522855,"uptime":1240046.5931677311}
SETUP_PROBE {"appearance":"light","dynamicTypeSize":"accessibility5","frame":[60,221.33333333333326,308,63.333333333333371],"id":"silent-capture","preferredBodyPoints":53,"time":1790872670.522917,"uptime":1240046.5932295842}
SETUP_PROBE {"appearance":"light","dynamicTypeSize":"accessibility5","frame":[32,3.9999999999998863,302.66666666666663,187.33333333333337],"id":"camera-description","preferredBodyPoints":53,"time":1790872670.522975,"uptime":1240046.5932878791}
SETUP_PROBE {"appearance":"light","dynamicTypeSize":"accessibility5","frame":[32,314.66666666666663,249.66666666666663,125.33333333333337],"id":"orientation-label","preferredBodyPoints":53,"time":1790872670.5230319,"uptime":1240046.5933447222}
SETUP_VIEWPORT {"bounds":[0,452,402,708],"containerSize":[402,708],"contentSize":[402,2089.333333333333],"event":"scroll","insets":[70,0,34,0],"offset":[0,452],"time":1790872670.539243,"uptime":1240046.6095576521,"visibleRect":[0,452,402,812]}
SETUP_PROBE {"appearance":"light","dynamicTypeSize":"accessibility5","frame":[32,1621,217.33333333333331,63.333333333333485],"id":"load-film","preferredBodyPoints":53,"time":1790872670.5394258,"uptime":1240046.609738559}
SETUP_PROBE {"appearance":"light","dynamicTypeSize":"accessibility5","frame":[32,845.66666666666674,333.33333333333337,187.33333333333326],"id":"trial-label","preferredBodyPoints":53,"time":1790872670.5395041,"uptime":1240046.609816385}
SETUP_PROBE {"appearance":"light","dynamicTypeSize":"accessibility5","frame":[32,584,199.66666666666666,63.333333333333258],"id":"film-title","preferredBodyPoints":53,"time":1790872670.5395699,"uptime":1240046.609882632}
SETUP_PROBE {"appearance":"light","dynamicTypeSize":"accessibility5","frame":[60,215,308,63.333333333333371],"id":"silent-capture","preferredBodyPoints":53,"time":1790872670.5396361,"uptime":1240046.6099490451}
SETUP_PROBE {"appearance":"light","dynamicTypeSize":"accessibility5","frame":[32,-2.3333333333333712,302.66666666666663,187.33333333333337],"id":"camera-description","preferredBodyPoints":53,"time":1790872670.5396981,"uptime":1240046.6100111941}
SETUP_PROBE {"appearance":"light","dynamicTypeSize":"accessibility5","frame":[32,308.33333333333337,249.66666666666663,125.33333333333337],"id":"orientation-label","preferredBodyPoints":53,"time":1790872670.5397601,"uptime":1240046.61007245}
SETUP_VIEWPORT {"bounds":[0,458,402,708],"containerSize":[402,708],"contentSize":[402,2089.333333333333],"event":"scroll","insets":[70,0,34,0],"offset":[0,458],"time":1790872670.5560079,"uptime":1240046.626324245,"visibleRect":[0,458,402,812]}
SETUP_PROBE {"appearance":"light","dynamicTypeSize":"accessibility5","frame":[32,1615,217.33333333333331,63.333333333333485],"id":"load-film","preferredBodyPoints":53,"time":1790872670.5562491,"uptime":1240046.6265619241}
SETUP_PROBE {"appearance":"light","dynamicTypeSize":"accessibility5","frame":[32,839.66666666666674,333.33333333333337,187.33333333333326],"id":"trial-label","preferredBodyPoints":53,"time":1790872670.5563579,"uptime":1240046.6266710781}
SETUP_PROBE {"appearance":"light","dynamicTypeSize":"accessibility5","frame":[32,578,199.66666666666666,63.333333333333258],"id":"film-title","preferredBodyPoints":53,"time":1790872670.556448,"uptime":1240046.626760843}
SETUP_PROBE {"appearance":"light","dynamicTypeSize":"accessibility5","frame":[60,209,308,63.333333333333371],"id":"silent-capture","preferredBodyPoints":53,"time":1790872670.556531,"uptime":1240046.626843818}
SETUP_PROBE {"appearance":"light","dynamicTypeSize":"accessibility5","frame":[32,-8.3333333333333712,302.66666666666663,187.33333333333337],"id":"camera-description","preferredBodyPoints":53,"time":1790872670.5566139,"uptime":1240046.6269261711}
SETUP_PROBE {"appearance":"light","dynamicTypeSize":"accessibility5","frame":[32,302.33333333333337,249.66666666666663,125.33333333333337],"id":"orientation-label","preferredBodyPoints":53,"time":1790872670.556695,"uptime":1240046.6270081401}
SETUP_VIEWPORT {"bounds":[0,463.66666666666674,402,708],"containerSize":[402,708],"contentSize":[402,2089.333333333333],"event":"scroll","insets":[70,0,34,0],"offset":[0,463.66666666666674],"time":1790872670.572742,"uptime":1240046.643057805,"visibleRect":[0,463.66666666666674,402,812]}
SETUP_PROBE {"appearance":"light","dynamicTypeSize":"accessibility5","frame":[32,1609.3333333333333,217.33333333333331,63.333333333333485],"id":"load-film","preferredBodyPoints":53,"time":1790872670.5729809,"uptime":1240046.643293554}
SETUP_PROBE {"appearance":"light","dynamicTypeSize":"accessibility5","frame":[32,834,333.33333333333337,187.33333333333326],"id":"trial-label","preferredBodyPoints":53,"time":1790872670.5730729,"uptime":1240046.6433851311}
SETUP_PROBE {"appearance":"light","dynamicTypeSize":"accessibility5","frame":[32,572.33333333333326,199.66666666666666,63.333333333333258],"id":"film-title","preferredBodyPoints":53,"time":1790872670.573139,"uptime":1240046.64345132}
SETUP_PROBE {"appearance":"light","dynamicTypeSize":"accessibility5","frame":[60,203.33333333333326,308,63.333333333333371],"id":"silent-capture","preferredBodyPoints":53,"time":1790872670.5732021,"uptime":1240046.6435146502}
SETUP_PROBE {"appearance":"light","dynamicTypeSize":"accessibility5","frame":[32,-14.000000000000114,302.66666666666663,187.33333333333337],"id":"camera-description","preferredBodyPoints":53,"time":1790872670.5732632,"uptime":1240046.643575879}
SETUP_PROBE {"appearance":"light","dynamicTypeSize":"accessibility5","frame":[32,296.66666666666663,249.66666666666663,125.33333333333337],"id":"orientation-label","preferredBodyPoints":53,"time":1790872670.5733252,"uptime":1240046.6436371931}
SETUP_VIEWPORT {"bounds":[0,469.33333333333326,402,708],"containerSize":[402,708],"contentSize":[402,2089.333333333333],"event":"scroll","insets":[70,0,34,0],"offset":[0,469.33333333333326],"time":1790872670.5897169,"uptime":1240046.6600311911,"visibleRect":[0,469.33333333333326,402,812]}
SETUP_PROBE {"appearance":"light","dynamicTypeSize":"accessibility5","frame":[32,1603.6666666666667,217.33333333333331,63.333333333333485],"id":"load-film","preferredBodyPoints":53,"time":1790872670.589905,"uptime":1240046.6602169832}
SETUP_PROBE {"appearance":"light","dynamicTypeSize":"accessibility5","frame":[32,828.33333333333348,333.33333333333337,187.33333333333326],"id":"trial-label","preferredBodyPoints":53,"time":1790872670.5899839,"uptime":1240046.6602960562}
SETUP_PROBE {"appearance":"light","dynamicTypeSize":"accessibility5","frame":[32,566.66666666666674,199.66666666666666,63.333333333333258],"id":"film-title","preferredBodyPoints":53,"time":1790872670.590049,"uptime":1240046.6603606911}
SETUP_PROBE {"appearance":"light","dynamicTypeSize":"accessibility5","frame":[60,197.66666666666674,308,63.333333333333371],"id":"silent-capture","preferredBodyPoints":53,"time":1790872670.5901089,"uptime":1240046.6604215922}
SETUP_PROBE {"appearance":"light","dynamicTypeSize":"accessibility5","frame":[32,-19.666666666666629,302.66666666666663,187.33333333333337],"id":"camera-description","preferredBodyPoints":53,"time":1790872670.5901699,"uptime":1240046.6604824481}
SETUP_PROBE {"appearance":"light","dynamicTypeSize":"accessibility5","frame":[32,291.00000000000011,249.66666666666663,125.33333333333337],"id":"orientation-label","preferredBodyPoints":53,"time":1790872670.59024,"uptime":1240046.6605522451}
SETUP_VIEWPORT {"bounds":[0,474.66666666666674,402,708],"containerSize":[402,708],"contentSize":[402,2089.333333333333],"event":"scroll","insets":[70,0,34,0],"offset":[0,474.66666666666674],"time":1790872670.606396,"uptime":1240046.6767113111,"visibleRect":[0,474.66666666666674,402,812]}
SETUP_PROBE {"appearance":"light","dynamicTypeSize":"accessibility5","frame":[32,1598.3333333333333,217.33333333333331,63.333333333333485],"id":"load-film","preferredBodyPoints":53,"time":1790872670.606637,"uptime":1240046.6769498871}
SETUP_PROBE {"appearance":"light","dynamicTypeSize":"accessibility5","frame":[32,823,333.33333333333337,187.33333333333326],"id":"trial-label","preferredBodyPoints":53,"time":1790872670.606741,"uptime":1240046.6770528562}
SETUP_PROBE {"appearance":"light","dynamicTypeSize":"accessibility5","frame":[32,561.33333333333326,199.66666666666666,63.333333333333258],"id":"film-title","preferredBodyPoints":53,"time":1790872670.606832,"uptime":1240046.677143754}
SETUP_PROBE {"appearance":"light","dynamicTypeSize":"accessibility5","frame":[60,192.33333333333326,308,63.333333333333371],"id":"silent-capture","preferredBodyPoints":53,"time":1790872670.6069191,"uptime":1240046.6772310252}
SETUP_PROBE {"appearance":"light","dynamicTypeSize":"accessibility5","frame":[32,-25.000000000000114,302.66666666666663,187.33333333333337],"id":"camera-description","preferredBodyPoints":53,"time":1790872670.609329,"uptime":1240046.6796426261}
SETUP_PROBE {"appearance":"light","dynamicTypeSize":"accessibility5","frame":[32,285.66666666666663,249.66666666666663,125.33333333333337],"id":"orientation-label","preferredBodyPoints":53,"time":1790872670.609479,"uptime":1240046.679791508}
SETUP_VIEWPORT {"bounds":[0,480,402,708],"containerSize":[402,708],"contentSize":[402,2089.333333333333],"event":"scroll","insets":[70,0,34,0],"offset":[0,480],"time":1790872670.6226079,"uptime":1240046.6929216632,"visibleRect":[0,480,402,812]}
SETUP_PROBE {"appearance":"light","dynamicTypeSize":"accessibility5","frame":[32,1593,217.33333333333331,63.333333333333485],"id":"load-film","preferredBodyPoints":53,"time":1790872670.6227899,"uptime":1240046.693101936}
SETUP_PROBE {"appearance":"light","dynamicTypeSize":"accessibility5","frame":[32,817.66666666666674,333.33333333333337,187.33333333333326],"id":"trial-label","preferredBodyPoints":53,"time":1790872670.622865,"uptime":1240046.693176622}
SETUP_PROBE {"appearance":"light","dynamicTypeSize":"accessibility5","frame":[32,556,199.66666666666666,63.333333333333258],"id":"film-title","preferredBodyPoints":53,"time":1790872670.6229291,"uptime":1240046.693240996}
SETUP_PROBE {"appearance":"light","dynamicTypeSize":"accessibility5","frame":[60,187,308,63.333333333333371],"id":"silent-capture","preferredBodyPoints":53,"time":1790872670.622988,"uptime":1240046.6933003031}
SETUP_PROBE {"appearance":"light","dynamicTypeSize":"accessibility5","frame":[32,-30.333333333333371,302.66666666666663,187.33333333333337],"id":"camera-description","preferredBodyPoints":53,"time":1790872670.623049,"uptime":1240046.6933607971}
SETUP_PROBE {"appearance":"light","dynamicTypeSize":"accessibility5","frame":[32,280.33333333333337,249.66666666666663,125.33333333333337],"id":"orientation-label","preferredBodyPoints":53,"time":1790872670.623107,"uptime":1240046.693419022}
SETUP_VIEWPORT {"bounds":[0,485,402,708],"containerSize":[402,708],"contentSize":[402,2089.333333333333],"event":"scroll","insets":[70,0,34,0],"offset":[0,485],"time":1790872670.6401691,"uptime":1240046.710482751,"visibleRect":[0,485,402,812]}
SETUP_PROBE {"appearance":"light","dynamicTypeSize":"accessibility5","frame":[32,1588,217.33333333333331,63.333333333333485],"id":"load-film","preferredBodyPoints":53,"time":1790872670.6404099,"uptime":1240046.7107224811}
SETUP_PROBE {"appearance":"light","dynamicTypeSize":"accessibility5","frame":[32,812.66666666666674,333.33333333333337,187.33333333333326],"id":"trial-label","preferredBodyPoints":53,"time":1790872670.640528,"uptime":1240046.710840086}
SETUP_PROBE {"appearance":"light","dynamicTypeSize":"accessibility5","frame":[32,551,199.66666666666666,63.333333333333258],"id":"film-title","preferredBodyPoints":53,"time":1790872670.64062,"uptime":1240046.7109314702}
SETUP_PROBE {"appearance":"light","dynamicTypeSize":"accessibility5","frame":[60,182,308,63.333333333333371],"id":"silent-capture","preferredBodyPoints":53,"time":1790872670.6407011,"uptime":1240046.7110126861}
SETUP_PROBE {"appearance":"light","dynamicTypeSize":"accessibility5","frame":[32,-35.333333333333371,302.66666666666663,187.33333333333337],"id":"camera-description","preferredBodyPoints":53,"time":1790872670.6407809,"uptime":1240046.7110929221}
SETUP_PROBE {"appearance":"light","dynamicTypeSize":"accessibility5","frame":[32,275.33333333333337,249.66666666666663,125.33333333333337],"id":"orientation-label","preferredBodyPoints":53,"time":1790872670.640862,"uptime":1240046.7111736701}
SETUP_VIEWPORT {"bounds":[0,489.66666666666674,402,708],"containerSize":[402,708],"contentSize":[402,2089.333333333333],"event":"scroll","insets":[70,0,34,0],"offset":[0,489.66666666666674],"time":1790872670.6558409,"uptime":1240046.7261545761,"visibleRect":[0,489.66666666666674,402,812]}
SETUP_PROBE {"appearance":"light","dynamicTypeSize":"accessibility5","frame":[32,1583.3333333333333,217.33333333333331,63.333333333333485],"id":"load-film","preferredBodyPoints":53,"time":1790872670.6560349,"uptime":1240046.7263468092}
SETUP_PROBE {"appearance":"light","dynamicTypeSize":"accessibility5","frame":[32,808,333.33333333333337,187.33333333333326],"id":"trial-label","preferredBodyPoints":53,"time":1790872670.656116,"uptime":1240046.726427292}
SETUP_PROBE {"appearance":"light","dynamicTypeSize":"accessibility5","frame":[32,546.33333333333326,199.66666666666666,63.333333333333258],"id":"film-title","preferredBodyPoints":53,"time":1790872670.6561809,"uptime":1240046.7264924501}
SETUP_PROBE {"appearance":"light","dynamicTypeSize":"accessibility5","frame":[60,177.33333333333326,308,63.333333333333371],"id":"silent-capture","preferredBodyPoints":53,"time":1790872670.6562459,"uptime":1240046.7265571652}
SETUP_PROBE {"appearance":"light","dynamicTypeSize":"accessibility5","frame":[32,-40.000000000000114,302.66666666666663,187.33333333333337],"id":"camera-description","preferredBodyPoints":53,"time":1790872670.656307,"uptime":1240046.726619021}
SETUP_PROBE {"appearance":"light","dynamicTypeSize":"accessibility5","frame":[32,270.66666666666663,249.66666666666663,125.33333333333337],"id":"orientation-label","preferredBodyPoints":53,"time":1790872670.656369,"uptime":1240046.7266805291}
SETUP_VIEWPORT {"bounds":[0,494.66666666666674,402,708],"containerSize":[402,708],"contentSize":[402,2089.333333333333],"event":"scroll","insets":[70,0,34,0],"offset":[0,494.66666666666674],"time":1790872670.6728339,"uptime":1240046.743148488,"visibleRect":[0,494.66666666666674,402,812]}
SETUP_PROBE {"appearance":"light","dynamicTypeSize":"accessibility5","frame":[32,1578.3333333333333,217.33333333333331,63.333333333333485],"id":"load-film","preferredBodyPoints":53,"time":1790872670.6730762,"uptime":1240046.743388189}
SETUP_PROBE {"appearance":"light","dynamicTypeSize":"accessibility5","frame":[32,803,333.33333333333337,187.33333333333326],"id":"trial-label","preferredBodyPoints":53,"time":1790872670.6731811,"uptime":1240046.743492946}
SETUP_PROBE {"appearance":"light","dynamicTypeSize":"accessibility5","frame":[32,541.33333333333326,199.66666666666666,63.333333333333258],"id":"film-title","preferredBodyPoints":53,"time":1790872670.6732721,"uptime":1240046.743583997}
SETUP_PROBE {"appearance":"light","dynamicTypeSize":"accessibility5","frame":[60,172.33333333333326,308,63.333333333333371],"id":"silent-capture","preferredBodyPoints":53,"time":1790872670.6733608,"uptime":1240046.7436727611}
SETUP_PROBE {"appearance":"light","dynamicTypeSize":"accessibility5","frame":[32,-45.000000000000114,302.66666666666663,187.33333333333337],"id":"camera-description","preferredBodyPoints":53,"time":1790872670.6734638,"uptime":1240046.743775733}
SETUP_PROBE {"appearance":"light","dynamicTypeSize":"accessibility5","frame":[32,265.66666666666663,249.66666666666663,125.33333333333337],"id":"orientation-label","preferredBodyPoints":53,"time":1790872670.673553,"uptime":1240046.743864482}
SETUP_VIEWPORT {"bounds":[0,499,402,708],"containerSize":[402,708],"contentSize":[402,2089.333333333333],"event":"scroll","insets":[70,0,34,0],"offset":[0,499],"time":1790872670.6894579,"uptime":1240046.7597716812,"visibleRect":[0,499,402,812]}
SETUP_PROBE {"appearance":"light","dynamicTypeSize":"accessibility5","frame":[32,1574,217.33333333333331,63.333333333333485],"id":"load-film","preferredBodyPoints":53,"time":1790872670.6896791,"uptime":1240046.7599913131}
SETUP_PROBE {"appearance":"light","dynamicTypeSize":"accessibility5","frame":[32,798.66666666666674,333.33333333333337,187.33333333333326],"id":"trial-label","preferredBodyPoints":53,"time":1790872670.6897922,"uptime":1240046.760103828}
SETUP_PROBE {"appearance":"light","dynamicTypeSize":"accessibility5","frame":[32,537,199.66666666666666,63.333333333333258],"id":"film-title","preferredBodyPoints":53,"time":1790872670.6898839,"uptime":1240046.760195493}
SETUP_PROBE {"appearance":"light","dynamicTypeSize":"accessibility5","frame":[60,168,308,63.333333333333371],"id":"silent-capture","preferredBodyPoints":53,"time":1790872670.6899691,"uptime":1240046.7602798222}
SETUP_PROBE {"appearance":"light","dynamicTypeSize":"accessibility5","frame":[32,-49.333333333333371,302.66666666666663,187.33333333333337],"id":"camera-description","preferredBodyPoints":53,"time":1790872670.690052,"uptime":1240046.760363016}
SETUP_PROBE {"appearance":"light","dynamicTypeSize":"accessibility5","frame":[32,261.33333333333337,249.66666666666663,125.33333333333337],"id":"orientation-label","preferredBodyPoints":53,"time":1790872670.690151,"uptime":1240046.7604626422}
SETUP_VIEWPORT {"bounds":[0,503.66666666666674,402,708],"containerSize":[402,708],"contentSize":[402,2089.333333333333],"event":"scroll","insets":[70,0,34,0],"offset":[0,503.66666666666674],"time":1790872670.7064199,"uptime":1240046.776733048,"visibleRect":[0,503.66666666666674,402,812]}
SETUP_PROBE {"appearance":"light","dynamicTypeSize":"accessibility5","frame":[32,1569.3333333333333,217.33333333333331,63.333333333333485],"id":"load-film","preferredBodyPoints":53,"time":1790872670.7066278,"uptime":1240046.776939407}
SETUP_PROBE {"appearance":"light","dynamicTypeSize":"accessibility5","frame":[32,794,333.33333333333337,187.33333333333326],"id":"trial-label","preferredBodyPoints":53,"time":1790872670.7067451,"uptime":1240046.7770557292}
SETUP_PROBE {"appearance":"light","dynamicTypeSize":"accessibility5","frame":[32,532.33333333333326,199.66666666666666,63.333333333333258],"id":"film-title","preferredBodyPoints":53,"time":1790872670.706852,"uptime":1240046.7771629381}
SETUP_PROBE {"appearance":"light","dynamicTypeSize":"accessibility5","frame":[60,163.33333333333326,308,63.333333333333371],"id":"silent-capture","preferredBodyPoints":53,"time":1790872670.706938,"uptime":1240046.777249228}
SETUP_PROBE {"appearance":"light","dynamicTypeSize":"accessibility5","frame":[32,-54.000000000000114,302.66666666666663,187.33333333333337],"id":"camera-description","preferredBodyPoints":53,"time":1790872670.707022,"uptime":1240046.7773334722}
SETUP_PROBE {"appearance":"light","dynamicTypeSize":"accessibility5","frame":[32,256.66666666666663,249.66666666666663,125.33333333333337],"id":"orientation-label","preferredBodyPoints":53,"time":1790872670.7071071,"uptime":1240046.777417778}
SETUP_VIEWPORT {"bounds":[0,507.66666666666674,402,708],"containerSize":[402,708],"contentSize":[402,2089.333333333333],"event":"scroll","insets":[70,0,34,0],"offset":[0,507.66666666666674],"time":1790872670.7224569,"uptime":1240046.7927702072,"visibleRect":[0,507.66666666666674,402,812]}
SETUP_PROBE {"appearance":"light","dynamicTypeSize":"accessibility5","frame":[32,1565.3333333333333,217.33333333333331,63.333333333333485],"id":"load-film","preferredBodyPoints":53,"time":1790872670.7226372,"uptime":1240046.792948324}
SETUP_PROBE {"appearance":"light","dynamicTypeSize":"accessibility5","frame":[32,790,333.33333333333337,187.33333333333326],"id":"trial-label","preferredBodyPoints":53,"time":1790872670.722718,"uptime":1240046.7930290091}
SETUP_PROBE {"appearance":"light","dynamicTypeSize":"accessibility5","frame":[32,528.33333333333326,199.66666666666666,63.333333333333258],"id":"film-title","preferredBodyPoints":53,"time":1790872670.7227809,"uptime":1240046.7930918341}
SETUP_PROBE {"appearance":"light","dynamicTypeSize":"accessibility5","frame":[60,159.33333333333326,308,63.333333333333371],"id":"silent-capture","preferredBodyPoints":53,"time":1790872670.722841,"uptime":1240046.7931517342}
SETUP_PROBE {"appearance":"light","dynamicTypeSize":"accessibility5","frame":[32,-58.000000000000114,302.66666666666663,187.33333333333337],"id":"camera-description","preferredBodyPoints":53,"time":1790872670.7229009,"uptime":1240046.7932117882}
SETUP_PROBE {"appearance":"light","dynamicTypeSize":"accessibility5","frame":[32,252.66666666666663,249.66666666666663,125.33333333333337],"id":"orientation-label","preferredBodyPoints":53,"time":1790872670.7229919,"uptime":1240046.793303451}
SETUP_VIEWPORT {"bounds":[0,512,402,708],"containerSize":[402,708],"contentSize":[402,2089.333333333333],"event":"scroll","insets":[70,0,34,0],"offset":[0,512],"time":1790872670.7391129,"uptime":1240046.8094255892,"visibleRect":[0,512,402,812]}
SETUP_PROBE {"appearance":"light","dynamicTypeSize":"accessibility5","frame":[32,1561,217.33333333333331,63.333333333333485],"id":"load-film","preferredBodyPoints":53,"time":1790872670.73929,"uptime":1240046.8096007861}
SETUP_PROBE {"appearance":"light","dynamicTypeSize":"accessibility5","frame":[32,785.66666666666674,333.33333333333337,187.33333333333326],"id":"trial-label","preferredBodyPoints":53,"time":1790872670.739363,"uptime":1240046.8096737892}
SETUP_PROBE {"appearance":"light","dynamicTypeSize":"accessibility5","frame":[32,524,199.66666666666666,63.333333333333258],"id":"film-title","preferredBodyPoints":53,"time":1790872670.7394261,"uptime":1240046.809736731}
SETUP_PROBE {"appearance":"light","dynamicTypeSize":"accessibility5","frame":[60,155,308,63.333333333333371],"id":"silent-capture","preferredBodyPoints":53,"time":1790872670.7394838,"uptime":1240046.8097947561}
SETUP_PROBE {"appearance":"light","dynamicTypeSize":"accessibility5","frame":[32,-62.333333333333371,302.66666666666663,187.33333333333337],"id":"camera-description","preferredBodyPoints":53,"time":1790872670.7395411,"uptime":1240046.809851716}
SETUP_PROBE {"appearance":"light","dynamicTypeSize":"accessibility5","frame":[32,248.33333333333337,249.66666666666663,125.33333333333337],"id":"orientation-label","preferredBodyPoints":53,"time":1790872670.739598,"uptime":1240046.8099089831}
SETUP_VIEWPORT {"bounds":[0,516,402,708],"containerSize":[402,708],"contentSize":[402,2089.333333333333],"event":"scroll","insets":[70,0,34,0],"offset":[0,516],"time":1790872670.7558188,"uptime":1240046.8261313562,"visibleRect":[0,516,402,812]}
SETUP_PROBE {"appearance":"light","dynamicTypeSize":"accessibility5","frame":[32,1557,217.33333333333331,63.333333333333485],"id":"load-film","preferredBodyPoints":53,"time":1790872670.7559881,"uptime":1240046.8262987381}
SETUP_PROBE {"appearance":"light","dynamicTypeSize":"accessibility5","frame":[32,781.66666666666674,333.33333333333337,187.33333333333326],"id":"trial-label","preferredBodyPoints":53,"time":1790872670.7560601,"uptime":1240046.8263703841}
SETUP_PROBE {"appearance":"light","dynamicTypeSize":"accessibility5","frame":[32,520,199.66666666666666,63.333333333333258],"id":"film-title","preferredBodyPoints":53,"time":1790872670.756124,"uptime":1240046.8264345592}
SETUP_PROBE {"appearance":"light","dynamicTypeSize":"accessibility5","frame":[60,151,308,63.333333333333371],"id":"silent-capture","preferredBodyPoints":53,"time":1790872670.7561841,"uptime":1240046.82649468}
SETUP_PROBE {"appearance":"light","dynamicTypeSize":"accessibility5","frame":[32,-66.333333333333371,302.66666666666663,187.33333333333337],"id":"camera-description","preferredBodyPoints":53,"time":1790872670.756242,"uptime":1240046.8265526991}
SETUP_PROBE {"appearance":"light","dynamicTypeSize":"accessibility5","frame":[32,244.33333333333337,249.66666666666663,125.33333333333337],"id":"orientation-label","preferredBodyPoints":53,"time":1790872670.7563,"uptime":1240046.8266107871}
SETUP_VIEWPORT {"bounds":[0,520,402,708],"containerSize":[402,708],"contentSize":[402,2089.333333333333],"event":"scroll","insets":[70,0,34,0],"offset":[0,520],"time":1790872670.7727261,"uptime":1240046.8430383052,"visibleRect":[0,520,402,812]}
SETUP_PROBE {"appearance":"light","dynamicTypeSize":"accessibility5","frame":[32,1553,217.33333333333331,63.333333333333485],"id":"load-film","preferredBodyPoints":53,"time":1790872670.7729568,"uptime":1240046.843267729}
SETUP_PROBE {"appearance":"light","dynamicTypeSize":"accessibility5","frame":[32,777.66666666666674,333.33333333333337,187.33333333333326],"id":"trial-label","preferredBodyPoints":53,"time":1790872670.7730579,"uptime":1240046.843368049}
SETUP_PROBE {"appearance":"light","dynamicTypeSize":"accessibility5","frame":[32,516,199.66666666666666,63.333333333333258],"id":"film-title","preferredBodyPoints":53,"time":1790872670.7731462,"uptime":1240046.843456778}
SETUP_PROBE {"appearance":"light","dynamicTypeSize":"accessibility5","frame":[60,147,308,63.333333333333371],"id":"silent-capture","preferredBodyPoints":53,"time":1790872670.7732282,"uptime":1240046.8435383211}
SETUP_PROBE {"appearance":"light","dynamicTypeSize":"accessibility5","frame":[32,-70.333333333333371,302.66666666666663,187.33333333333337],"id":"camera-description","preferredBodyPoints":53,"time":1790872670.773308,"uptime":1240046.8436182982}
SETUP_PROBE {"appearance":"light","dynamicTypeSize":"accessibility5","frame":[32,240.33333333333337,249.66666666666663,125.33333333333337],"id":"orientation-label","preferredBodyPoints":53,"time":1790872670.7733889,"uptime":1240046.8436990571}
SETUP_VIEWPORT {"bounds":[0,523.66666666666663,402,708],"containerSize":[402,708],"contentSize":[402,2089.333333333333],"event":"scroll","insets":[70,0,34,0],"offset":[0,523.66666666666663],"time":1790872670.7895532,"uptime":1240046.8598652191,"visibleRect":[0,523.66666666666663,402,812]}
SETUP_PROBE {"appearance":"light","dynamicTypeSize":"accessibility5","frame":[32,1549.3333333333335,217.33333333333331,63.333333333333485],"id":"load-film","preferredBodyPoints":53,"time":1790872670.789732,"uptime":1240046.8600423441}
SETUP_PROBE {"appearance":"light","dynamicTypeSize":"accessibility5","frame":[32,774.00000000000011,333.33333333333337,187.33333333333326],"id":"trial-label","preferredBodyPoints":53,"time":1790872670.7898121,"uptime":1240046.8601226031}
SETUP_PROBE {"appearance":"light","dynamicTypeSize":"accessibility5","frame":[32,512.33333333333337,199.66666666666666,63.333333333333258],"id":"film-title","preferredBodyPoints":53,"time":1790872670.7898769,"uptime":1240046.8601866961}
SETUP_PROBE {"appearance":"light","dynamicTypeSize":"accessibility5","frame":[60,143.33333333333337,308,63.333333333333371],"id":"silent-capture","preferredBodyPoints":53,"time":1790872670.789937,"uptime":1240046.8602473722}
SETUP_PROBE {"appearance":"light","dynamicTypeSize":"accessibility5","frame":[32,-74,302.66666666666663,187.33333333333337],"id":"camera-description","preferredBodyPoints":53,"time":1790872670.7899971,"uptime":1240046.860306696}
SETUP_PROBE {"appearance":"light","dynamicTypeSize":"accessibility5","frame":[32,236.66666666666674,249.66666666666663,125.33333333333337],"id":"orientation-label","preferredBodyPoints":53,"time":1790872670.7900538,"uptime":1240046.860364526}
SETUP_VIEWPORT {"bounds":[0,527.33333333333337,402,708],"containerSize":[402,708],"contentSize":[402,2089.333333333333],"event":"scroll","insets":[70,0,34,0],"offset":[0,527.33333333333337],"time":1790872670.8061161,"uptime":1240046.8764289562,"visibleRect":[0,527.33333333333337,402,812]}
SETUP_PROBE {"appearance":"light","dynamicTypeSize":"accessibility5","frame":[32,1545.6666666666665,217.33333333333331,63.333333333333485],"id":"load-film","preferredBodyPoints":53,"time":1790872670.806339,"uptime":1240046.8766498191}
SETUP_PROBE {"appearance":"light","dynamicTypeSize":"accessibility5","frame":[32,770.33333333333337,333.33333333333337,187.33333333333326],"id":"trial-label","preferredBodyPoints":53,"time":1790872670.806438,"uptime":1240046.876748001}
SETUP_PROBE {"appearance":"light","dynamicTypeSize":"accessibility5","frame":[32,508.66666666666663,199.66666666666666,63.333333333333258],"id":"film-title","preferredBodyPoints":53,"time":1790872670.8065271,"uptime":1240046.876837631}
SETUP_PROBE {"appearance":"light","dynamicTypeSize":"accessibility5","frame":[60,139.66666666666663,308,63.333333333333371],"id":"silent-capture","preferredBodyPoints":53,"time":1790872670.8066192,"uptime":1240046.876929529}
SETUP_PROBE {"appearance":"light","dynamicTypeSize":"accessibility5","frame":[32,-77.666666666666742,302.66666666666663,187.33333333333337],"id":"camera-description","preferredBodyPoints":53,"time":1790872670.8067122,"uptime":1240046.877022004}
SETUP_PROBE {"appearance":"light","dynamicTypeSize":"accessibility5","frame":[32,233,249.66666666666663,125.33333333333337],"id":"orientation-label","preferredBodyPoints":53,"time":1790872670.806803,"uptime":1240046.8771130522}
SETUP_VIEWPORT {"bounds":[0,530.66666666666663,402,708],"containerSize":[402,708],"contentSize":[402,2089.333333333333],"event":"scroll","insets":[70,0,34,0],"offset":[0,530.66666666666663],"time":1790872670.8225489,"uptime":1240046.8928620492,"visibleRect":[0,530.66666666666663,402,812]}
SETUP_PROBE {"appearance":"light","dynamicTypeSize":"accessibility5","frame":[32,1542.3333333333335,217.33333333333331,63.333333333333485],"id":"load-film","preferredBodyPoints":53,"time":1790872670.8227701,"uptime":1240046.893079872}
SETUP_PROBE {"appearance":"light","dynamicTypeSize":"accessibility5","frame":[32,767.00000000000011,333.33333333333337,187.33333333333326],"id":"trial-label","preferredBodyPoints":53,"time":1790872670.8228521,"uptime":1240046.8931622761}
SETUP_PROBE {"appearance":"light","dynamicTypeSize":"accessibility5","frame":[32,505.33333333333337,199.66666666666666,63.333333333333258],"id":"film-title","preferredBodyPoints":53,"time":1790872670.822916,"uptime":1240046.8932261791}
SETUP_PROBE {"appearance":"light","dynamicTypeSize":"accessibility5","frame":[60,136.33333333333337,308,63.333333333333371],"id":"silent-capture","preferredBodyPoints":53,"time":1790872670.8229752,"uptime":1240046.8932847411}
SETUP_PROBE {"appearance":"light","dynamicTypeSize":"accessibility5","frame":[32,-81,302.66666666666663,187.33333333333337],"id":"camera-description","preferredBodyPoints":53,"time":1790872670.8230329,"uptime":1240046.8933426351}
SETUP_PROBE {"appearance":"light","dynamicTypeSize":"accessibility5","frame":[32,229.66666666666674,249.66666666666663,125.33333333333337],"id":"orientation-label","preferredBodyPoints":53,"time":1790872670.823091,"uptime":1240046.8934003231}
SETUP_VIEWPORT {"bounds":[0,534,402,708],"containerSize":[402,708],"contentSize":[402,2089.333333333333],"event":"scroll","insets":[70,0,34,0],"offset":[0,534],"time":1790872670.8391271,"uptime":1240046.909439014,"visibleRect":[0,534,402,812]}
SETUP_PROBE {"appearance":"light","dynamicTypeSize":"accessibility5","frame":[32,1539,217.33333333333331,63.333333333333485],"id":"load-film","preferredBodyPoints":53,"time":1790872670.839304,"uptime":1240046.9096138361}
SETUP_PROBE {"appearance":"light","dynamicTypeSize":"accessibility5","frame":[32,763.66666666666674,333.33333333333337,187.33333333333326],"id":"trial-label","preferredBodyPoints":53,"time":1790872670.8393822,"uptime":1240046.9096914041}
SETUP_PROBE {"appearance":"light","dynamicTypeSize":"accessibility5","frame":[32,502,199.66666666666666,63.333333333333258],"id":"film-title","preferredBodyPoints":53,"time":1790872670.839448,"uptime":1240046.9097572661}
SETUP_PROBE {"appearance":"light","dynamicTypeSize":"accessibility5","frame":[60,133,308,63.333333333333371],"id":"silent-capture","preferredBodyPoints":53,"time":1790872670.8395071,"uptime":1240046.9098161121}
SETUP_PROBE {"appearance":"light","dynamicTypeSize":"accessibility5","frame":[32,-84.333333333333371,302.66666666666663,187.33333333333337],"id":"camera-description","preferredBodyPoints":53,"time":1790872670.8395638,"uptime":1240046.909873693}
SETUP_PROBE {"appearance":"light","dynamicTypeSize":"accessibility5","frame":[32,226.33333333333337,249.66666666666663,125.33333333333337],"id":"orientation-label","preferredBodyPoints":53,"time":1790872670.839623,"uptime":1240046.909932303}
SETUP_VIEWPORT {"bounds":[0,537.33333333333337,402,708],"containerSize":[402,708],"contentSize":[402,2089.333333333333],"event":"scroll","insets":[70,0,34,0],"offset":[0,537.33333333333337],"time":1790872670.855834,"uptime":1240046.926144954,"visibleRect":[0,537.33333333333337,402,812]}
SETUP_PROBE {"appearance":"light","dynamicTypeSize":"accessibility5","frame":[32,1535.6666666666665,217.33333333333331,63.333333333333485],"id":"load-film","preferredBodyPoints":53,"time":1790872670.8560071,"uptime":1240046.926317062}
SETUP_PROBE {"appearance":"light","dynamicTypeSize":"accessibility5","frame":[32,760.33333333333337,333.33333333333337,187.33333333333326],"id":"trial-label","preferredBodyPoints":53,"time":1790872670.856082,"uptime":1240046.926391247}
SETUP_PROBE {"appearance":"light","dynamicTypeSize":"accessibility5","frame":[32,498.66666666666663,199.66666666666666,63.333333333333258],"id":"film-title","preferredBodyPoints":53,"time":1790872670.856144,"uptime":1240046.926453898}
SETUP_PROBE {"appearance":"light","dynamicTypeSize":"accessibility5","frame":[60,129.66666666666663,308,63.333333333333371],"id":"silent-capture","preferredBodyPoints":53,"time":1790872670.8562031,"uptime":1240046.9265120921}
SETUP_PROBE {"appearance":"light","dynamicTypeSize":"accessibility5","frame":[32,-87.666666666666742,302.66666666666663,187.33333333333337],"id":"camera-description","preferredBodyPoints":53,"time":1790872670.8562598,"uptime":1240046.92656967}
SETUP_PROBE {"appearance":"light","dynamicTypeSize":"accessibility5","frame":[32,223,249.66666666666663,125.33333333333337],"id":"orientation-label","preferredBodyPoints":53,"time":1790872670.856318,"uptime":1240046.9266275212}
SETUP_VIEWPORT {"bounds":[0,540.66666666666663,402,708],"containerSize":[402,708],"contentSize":[402,2089.333333333333],"event":"scroll","insets":[70,0,34,0],"offset":[0,540.66666666666663],"time":1790872670.872431,"uptime":1240046.942741574,"visibleRect":[0,540.66666666666663,402,812]}
SETUP_PROBE {"appearance":"light","dynamicTypeSize":"accessibility5","frame":[32,1532.3333333333335,217.33333333333331,63.333333333333485],"id":"load-film","preferredBodyPoints":53,"time":1790872670.8725929,"uptime":1240046.9429021361}
SETUP_PROBE {"appearance":"light","dynamicTypeSize":"accessibility5","frame":[32,757.00000000000011,333.33333333333337,187.33333333333326],"id":"trial-label","preferredBodyPoints":53,"time":1790872670.872664,"uptime":1240046.942973149}
SETUP_PROBE {"appearance":"light","dynamicTypeSize":"accessibility5","frame":[32,495.33333333333337,199.66666666666666,63.333333333333258],"id":"film-title","preferredBodyPoints":53,"time":1790872670.872726,"uptime":1240046.9430349611}
SETUP_PROBE {"appearance":"light","dynamicTypeSize":"accessibility5","frame":[60,126.33333333333337,308,63.333333333333371],"id":"silent-capture","preferredBodyPoints":53,"time":1790872670.8727841,"uptime":1240046.9430935031}
SETUP_PROBE {"appearance":"light","dynamicTypeSize":"accessibility5","frame":[32,-91,302.66666666666663,187.33333333333337],"id":"camera-description","preferredBodyPoints":53,"time":1790872670.8728418,"uptime":1240046.94315147}
SETUP_PROBE {"appearance":"light","dynamicTypeSize":"accessibility5","frame":[32,219.66666666666674,249.66666666666663,125.33333333333337],"id":"orientation-label","preferredBodyPoints":53,"time":1790872670.8728991,"uptime":1240046.943208667}
SETUP_VIEWPORT {"bounds":[0,543.66666666666663,402,708],"containerSize":[402,708],"contentSize":[402,2089.333333333333],"event":"scroll","insets":[70,0,34,0],"offset":[0,543.66666666666663],"time":1790872670.8891258,"uptime":1240046.959436842,"visibleRect":[0,543.66666666666663,402,812]}
SETUP_PROBE {"appearance":"light","dynamicTypeSize":"accessibility5","frame":[32,1529.3333333333335,217.33333333333331,63.333333333333485],"id":"load-film","preferredBodyPoints":53,"time":1790872670.889292,"uptime":1240046.959601552}
SETUP_PROBE {"appearance":"light","dynamicTypeSize":"accessibility5","frame":[32,754.00000000000011,333.33333333333337,187.33333333333326],"id":"trial-label","preferredBodyPoints":53,"time":1790872670.889374,"uptime":1240046.9596828572}
SETUP_PROBE {"appearance":"light","dynamicTypeSize":"accessibility5","frame":[32,492.33333333333337,199.66666666666666,63.333333333333258],"id":"film-title","preferredBodyPoints":53,"time":1790872670.889441,"uptime":1240046.9597501871}
SETUP_PROBE {"appearance":"light","dynamicTypeSize":"accessibility5","frame":[60,123.33333333333337,308,63.333333333333371],"id":"silent-capture","preferredBodyPoints":53,"time":1790872670.8895011,"uptime":1240046.9598102341}
SETUP_PROBE {"appearance":"light","dynamicTypeSize":"accessibility5","frame":[32,-94,302.66666666666663,187.33333333333337],"id":"camera-description","preferredBodyPoints":53,"time":1790872670.8895612,"uptime":1240046.9598704542}
SETUP_PROBE {"appearance":"light","dynamicTypeSize":"accessibility5","frame":[32,216.66666666666674,249.66666666666663,125.33333333333337],"id":"orientation-label","preferredBodyPoints":53,"time":1790872670.8896198,"uptime":1240046.9599287121}
SETUP_VIEWPORT {"bounds":[0,546.66666666666663,402,708],"containerSize":[402,708],"contentSize":[402,2089.333333333333],"event":"scroll","insets":[70,0,34,0],"offset":[0,546.66666666666663],"time":1790872670.9058099,"uptime":1240046.976121112,"visibleRect":[0,546.66666666666663,402,812]}
SETUP_PROBE {"appearance":"light","dynamicTypeSize":"accessibility5","frame":[32,1526.3333333333335,217.33333333333331,63.333333333333485],"id":"load-film","preferredBodyPoints":53,"time":1790872670.9059849,"uptime":1240046.9762939871}
SETUP_PROBE {"appearance":"light","dynamicTypeSize":"accessibility5","frame":[32,751.00000000000011,333.33333333333337,187.33333333333326],"id":"trial-label","preferredBodyPoints":53,"time":1790872670.90606,"uptime":1240046.9763691882}
SETUP_PROBE {"appearance":"light","dynamicTypeSize":"accessibility5","frame":[32,489.33333333333337,199.66666666666666,63.333333333333258],"id":"film-title","preferredBodyPoints":53,"time":1790872670.906122,"uptime":1240046.976431173}
SETUP_PROBE {"appearance":"light","dynamicTypeSize":"accessibility5","frame":[60,120.33333333333337,308,63.333333333333371],"id":"silent-capture","preferredBodyPoints":53,"time":1790872670.9061821,"uptime":1240046.9764907302}
SETUP_PROBE {"appearance":"light","dynamicTypeSize":"accessibility5","frame":[32,-97,302.66666666666663,187.33333333333337],"id":"camera-description","preferredBodyPoints":53,"time":1790872670.90624,"uptime":1240046.976548383}
SETUP_PROBE {"appearance":"light","dynamicTypeSize":"accessibility5","frame":[32,213.66666666666674,249.66666666666663,125.33333333333337],"id":"orientation-label","preferredBodyPoints":53,"time":1790872670.906296,"uptime":1240046.9766053311}
SETUP_VIEWPORT {"bounds":[0,549.33333333333337,402,708],"containerSize":[402,708],"contentSize":[402,2089.333333333333],"event":"scroll","insets":[70,0,34,0],"offset":[0,549.33333333333337],"time":1790872670.9227262,"uptime":1240046.9930374841,"visibleRect":[0,549.33333333333337,402,812]}
SETUP_PROBE {"appearance":"light","dynamicTypeSize":"accessibility5","frame":[32,1523.6666666666665,217.33333333333331,63.333333333333485],"id":"load-film","preferredBodyPoints":53,"time":1790872670.922955,"uptime":1240046.9932642151}
SETUP_PROBE {"appearance":"light","dynamicTypeSize":"accessibility5","frame":[32,748.33333333333337,333.33333333333337,187.33333333333326],"id":"trial-label","preferredBodyPoints":53,"time":1790872670.9230552,"uptime":1240046.993363606}
SETUP_PROBE {"appearance":"light","dynamicTypeSize":"accessibility5","frame":[32,486.66666666666663,199.66666666666666,63.333333333333258],"id":"film-title","preferredBodyPoints":53,"time":1790872670.923142,"uptime":1240046.993450914}
SETUP_PROBE {"appearance":"light","dynamicTypeSize":"accessibility5","frame":[60,117.66666666666663,308,63.333333333333371],"id":"silent-capture","preferredBodyPoints":53,"time":1790872670.9232259,"uptime":1240046.993534717}
SETUP_PROBE {"appearance":"light","dynamicTypeSize":"accessibility5","frame":[32,-99.666666666666742,302.66666666666663,187.33333333333337],"id":"camera-description","preferredBodyPoints":53,"time":1790872670.9233079,"uptime":1240046.9936172671}
SETUP_PROBE {"appearance":"light","dynamicTypeSize":"accessibility5","frame":[32,211,249.66666666666663,125.33333333333337],"id":"orientation-label","preferredBodyPoints":53,"time":1790872670.92468,"uptime":1240046.994989187}
SETUP_VIEWPORT {"bounds":[0,552.33333333333337,402,708],"containerSize":[402,708],"contentSize":[402,2089.333333333333],"event":"scroll","insets":[70,0,34,0],"offset":[0,552.33333333333337],"time":1790872670.9392419,"uptime":1240047.0095532411,"visibleRect":[0,552.33333333333337,402,812]}
SETUP_PROBE {"appearance":"light","dynamicTypeSize":"accessibility5","frame":[32,1520.6666666666665,217.33333333333331,63.333333333333485],"id":"load-film","preferredBodyPoints":53,"time":1790872670.9394259,"uptime":1240047.0097347621}
SETUP_PROBE {"appearance":"light","dynamicTypeSize":"accessibility5","frame":[32,745.33333333333337,333.33333333333337,187.33333333333326],"id":"trial-label","preferredBodyPoints":53,"time":1790872670.9395041,"uptime":1240047.009812796}
SETUP_PROBE {"appearance":"light","dynamicTypeSize":"accessibility5","frame":[32,483.66666666666663,199.66666666666666,63.333333333333258],"id":"film-title","preferredBodyPoints":53,"time":1790872670.9395671,"uptime":1240047.009875403}
SETUP_PROBE {"appearance":"light","dynamicTypeSize":"accessibility5","frame":[60,114.66666666666663,308,63.333333333333371],"id":"silent-capture","preferredBodyPoints":53,"time":1790872670.939625,"uptime":1240047.0099334621}
SETUP_PROBE {"appearance":"light","dynamicTypeSize":"accessibility5","frame":[32,-102.66666666666674,302.66666666666663,187.33333333333337],"id":"camera-description","preferredBodyPoints":53,"time":1790872670.939682,"uptime":1240047.009990979}
SETUP_PROBE {"appearance":"light","dynamicTypeSize":"accessibility5","frame":[32,208,249.66666666666663,125.33333333333337],"id":"orientation-label","preferredBodyPoints":53,"time":1790872670.939739,"uptime":1240047.0100477091}
SETUP_VIEWPORT {"bounds":[0,555,402,708],"containerSize":[402,708],"contentSize":[402,2089.333333333333],"event":"scroll","insets":[70,0,34,0],"offset":[0,555],"time":1790872670.9558558,"uptime":1240047.026166568,"visibleRect":[0,555,402,812]}
SETUP_PROBE {"appearance":"light","dynamicTypeSize":"accessibility5","frame":[32,1518,217.33333333333331,63.333333333333485],"id":"load-film","preferredBodyPoints":53,"time":1790872670.956027,"uptime":1240047.026335733}
SETUP_PROBE {"appearance":"light","dynamicTypeSize":"accessibility5","frame":[32,742.66666666666674,333.33333333333337,187.33333333333326],"id":"trial-label","preferredBodyPoints":53,"time":1790872670.956105,"uptime":1240047.026413762}
SETUP_PROBE {"appearance":"light","dynamicTypeSize":"accessibility5","frame":[32,481,199.66666666666666,63.333333333333258],"id":"film-title","preferredBodyPoints":53,"time":1790872670.956172,"uptime":1240047.0264799041}
SETUP_PROBE {"appearance":"light","dynamicTypeSize":"accessibility5","frame":[60,112,308,63.333333333333371],"id":"silent-capture","preferredBodyPoints":53,"time":1790872670.956233,"uptime":1240047.0265411211}
SETUP_PROBE {"appearance":"light","dynamicTypeSize":"accessibility5","frame":[32,-105.33333333333337,302.66666666666663,187.33333333333337],"id":"camera-description","preferredBodyPoints":53,"time":1790872670.9562931,"uptime":1240047.0266010521}
SETUP_PROBE {"appearance":"light","dynamicTypeSize":"accessibility5","frame":[32,205.33333333333337,249.66666666666663,125.33333333333337],"id":"orientation-label","preferredBodyPoints":53,"time":1790872670.9563529,"uptime":1240047.0266609942}
SETUP_VIEWPORT {"bounds":[0,557.33333333333337,402,708],"containerSize":[402,708],"contentSize":[402,2089.333333333333],"event":"scroll","insets":[70,0,34,0],"offset":[0,557.33333333333337],"time":1790872670.972811,"uptime":1240047.0431221221,"visibleRect":[0,557.33333333333337,402,812]}
SETUP_PROBE {"appearance":"light","dynamicTypeSize":"accessibility5","frame":[32,1515.6666666666665,217.33333333333331,63.333333333333485],"id":"load-film","preferredBodyPoints":53,"time":1790872670.973057,"uptime":1240047.043365557}
SETUP_PROBE {"appearance":"light","dynamicTypeSize":"accessibility5","frame":[32,740.33333333333337,333.33333333333337,187.33333333333326],"id":"trial-label","preferredBodyPoints":53,"time":1790872670.973156,"uptime":1240047.043464479}
SETUP_PROBE {"appearance":"light","dynamicTypeSize":"accessibility5","frame":[32,478.66666666666663,199.66666666666666,63.333333333333258],"id":"film-title","preferredBodyPoints":53,"time":1790872670.9732471,"uptime":1240047.04355511}
SETUP_PROBE {"appearance":"light","dynamicTypeSize":"accessibility5","frame":[60,109.66666666666663,308,63.333333333333371],"id":"silent-capture","preferredBodyPoints":53,"time":1790872670.9733319,"uptime":1240047.043640434}
SETUP_PROBE {"appearance":"light","dynamicTypeSize":"accessibility5","frame":[32,-107.66666666666674,302.66666666666663,187.33333333333337],"id":"camera-description","preferredBodyPoints":53,"time":1790872670.978091,"uptime":1240047.048402024}
SETUP_PROBE {"appearance":"light","dynamicTypeSize":"accessibility5","frame":[32,203,249.66666666666663,125.33333333333337],"id":"orientation-label","preferredBodyPoints":53,"time":1790872670.978255,"uptime":1240047.048563296}
SETUP_VIEWPORT {"bounds":[0,560,402,708],"containerSize":[402,708],"contentSize":[402,2089.333333333333],"event":"scroll","insets":[70,0,34,0],"offset":[0,560],"time":1790872670.9900751,"uptime":1240047.0603851541,"visibleRect":[0,560,402,812]}
SETUP_PROBE {"appearance":"light","dynamicTypeSize":"accessibility5","frame":[32,1513,217.33333333333331,63.333333333333485],"id":"load-film","preferredBodyPoints":53,"time":1790872670.9903021,"uptime":1240047.0606102941}
SETUP_PROBE {"appearance":"light","dynamicTypeSize":"accessibility5","frame":[32,737.66666666666674,333.33333333333337,187.33333333333326],"id":"trial-label","preferredBodyPoints":53,"time":1790872670.990401,"uptime":1240047.0607094232}
SETUP_PROBE {"appearance":"light","dynamicTypeSize":"accessibility5","frame":[32,476,199.66666666666666,63.333333333333258],"id":"film-title","preferredBodyPoints":53,"time":1790872670.9904981,"uptime":1240047.0608064451}
SETUP_PROBE {"appearance":"light","dynamicTypeSize":"accessibility5","frame":[60,107,308,63.333333333333371],"id":"silent-capture","preferredBodyPoints":53,"time":1790872670.9905839,"uptime":1240047.0608921621}
SETUP_PROBE {"appearance":"light","dynamicTypeSize":"accessibility5","frame":[32,-110.33333333333337,302.66666666666663,187.33333333333337],"id":"camera-description","preferredBodyPoints":53,"time":1790872670.990665,"uptime":1240047.060973604}
SETUP_PROBE {"appearance":"light","dynamicTypeSize":"accessibility5","frame":[32,200.33333333333337,249.66666666666663,125.33333333333337],"id":"orientation-label","preferredBodyPoints":53,"time":1790872671.0037589,"uptime":1240047.0740694951}
SETUP_VIEWPORT {"bounds":[0,564.66666666666663,402,708],"containerSize":[402,708],"contentSize":[402,2089.333333333333],"event":"scroll","insets":[70,0,34,0],"offset":[0,564.66666666666663],"time":1790872671.0225301,"uptime":1240047.0928395761,"visibleRect":[0,564.66666666666663,402,812]}
SETUP_PROBE {"appearance":"light","dynamicTypeSize":"accessibility5","frame":[32,1508.3333333333335,217.33333333333331,63.333333333333485],"id":"load-film","preferredBodyPoints":53,"time":1790872671.0227399,"uptime":1240047.0930480061}
SETUP_PROBE {"appearance":"light","dynamicTypeSize":"accessibility5","frame":[32,733.00000000000011,333.33333333333337,187.33333333333326],"id":"trial-label","preferredBodyPoints":53,"time":1790872671.0228159,"uptime":1240047.09312351}
SETUP_PROBE {"appearance":"light","dynamicTypeSize":"accessibility5","frame":[32,471.33333333333337,199.66666666666666,63.333333333333258],"id":"film-title","preferredBodyPoints":53,"time":1790872671.0228782,"uptime":1240047.0931854341}
SETUP_PROBE {"appearance":"light","dynamicTypeSize":"accessibility5","frame":[60,102.33333333333337,308,63.333333333333371],"id":"silent-capture","preferredBodyPoints":53,"time":1790872671.022938,"uptime":1240047.0932460171}
SETUP_PROBE {"appearance":"light","dynamicTypeSize":"accessibility5","frame":[32,-115,302.66666666666663,187.33333333333337],"id":"camera-description","preferredBodyPoints":53,"time":1790872671.0229969,"uptime":1240047.0933041142}
SETUP_PROBE {"appearance":"light","dynamicTypeSize":"accessibility5","frame":[32,195.66666666666674,249.66666666666663,125.33333333333337],"id":"orientation-label","preferredBodyPoints":53,"time":1790872671.0230541,"uptime":1240047.093361774}
SETUP_VIEWPORT {"bounds":[0,567,402,708],"containerSize":[402,708],"contentSize":[402,2089.333333333333],"event":"scroll","insets":[70,0,34,0],"offset":[0,567],"time":1790872671.039237,"uptime":1240047.109546582,"visibleRect":[0,567,402,812]}
SETUP_PROBE {"appearance":"light","dynamicTypeSize":"accessibility5","frame":[32,1506,217.33333333333331,63.333333333333485],"id":"load-film","preferredBodyPoints":53,"time":1790872671.0394201,"uptime":1240047.1097277892}
SETUP_PROBE {"appearance":"light","dynamicTypeSize":"accessibility5","frame":[32,730.66666666666674,333.33333333333337,187.33333333333326],"id":"trial-label","preferredBodyPoints":53,"time":1790872671.039495,"uptime":1240047.109802698}
SETUP_PROBE {"appearance":"light","dynamicTypeSize":"accessibility5","frame":[32,469,199.66666666666666,63.333333333333258],"id":"film-title","preferredBodyPoints":53,"time":1790872671.0395598,"uptime":1240047.1098678361}
SETUP_PROBE {"appearance":"light","dynamicTypeSize":"accessibility5","frame":[60,100,308,63.333333333333371],"id":"silent-capture","preferredBodyPoints":53,"time":1790872671.039619,"uptime":1240047.109926387}
SETUP_PROBE {"appearance":"light","dynamicTypeSize":"accessibility5","frame":[32,-117.33333333333337,302.66666666666663,187.33333333333337],"id":"camera-description","preferredBodyPoints":53,"time":1790872671.0396781,"uptime":1240047.109985017}
SETUP_PROBE {"appearance":"light","dynamicTypeSize":"accessibility5","frame":[32,193.33333333333337,249.66666666666663,125.33333333333337],"id":"orientation-label","preferredBodyPoints":53,"time":1790872671.039736,"uptime":1240047.11004345}
SETUP_VIEWPORT {"bounds":[0,569.33333333333337,402,708],"containerSize":[402,708],"contentSize":[402,2089.333333333333],"event":"scroll","insets":[70,0,34,0],"offset":[0,569.33333333333337],"time":1790872671.056258,"uptime":1240047.1265677291,"visibleRect":[0,569.33333333333337,402,812]}
SETUP_PROBE {"appearance":"light","dynamicTypeSize":"accessibility5","frame":[32,1503.6666666666665,217.33333333333331,63.333333333333485],"id":"load-film","preferredBodyPoints":53,"time":1790872671.0564861,"uptime":1240047.1267940311}
SETUP_PROBE {"appearance":"light","dynamicTypeSize":"accessibility5","frame":[32,728.33333333333337,333.33333333333337,187.33333333333326],"id":"trial-label","preferredBodyPoints":53,"time":1790872671.0565882,"uptime":1240047.1268957842}
SETUP_PROBE {"appearance":"light","dynamicTypeSize":"accessibility5","frame":[32,466.66666666666663,199.66666666666666,63.333333333333258],"id":"film-title","preferredBodyPoints":53,"time":1790872671.056679,"uptime":1240047.126986586}
SETUP_PROBE {"appearance":"light","dynamicTypeSize":"accessibility5","frame":[60,97.666666666666629,308,63.333333333333371],"id":"silent-capture","preferredBodyPoints":53,"time":1790872671.0567651,"uptime":1240047.127072054}
SETUP_PROBE {"appearance":"light","dynamicTypeSize":"accessibility5","frame":[32,-119.66666666666674,302.66666666666663,187.33333333333337],"id":"camera-description","preferredBodyPoints":53,"time":1790872671.056849,"uptime":1240047.1271563971}
SETUP_PROBE {"appearance":"light","dynamicTypeSize":"accessibility5","frame":[32,191,249.66666666666663,125.33333333333337],"id":"orientation-label","preferredBodyPoints":53,"time":1790872671.0569329,"uptime":1240047.1272406261}
SETUP_VIEWPORT {"bounds":[0,571.33333333333337,402,708],"containerSize":[402,708],"contentSize":[402,2089.333333333333],"event":"scroll","insets":[70,0,34,0],"offset":[0,571.33333333333337],"time":1790872671.0725489,"uptime":1240047.142859682,"visibleRect":[0,571.33333333333337,402,812]}
SETUP_PROBE {"appearance":"light","dynamicTypeSize":"accessibility5","frame":[32,1501.6666666666665,217.33333333333331,63.333333333333485],"id":"load-film","preferredBodyPoints":53,"time":1790872671.072773,"uptime":1240047.143080326}
SETUP_PROBE {"appearance":"light","dynamicTypeSize":"accessibility5","frame":[32,726.33333333333337,333.33333333333337,187.33333333333326],"id":"trial-label","preferredBodyPoints":53,"time":1790872671.0728688,"uptime":1240047.1431768581}
SETUP_PROBE {"appearance":"light","dynamicTypeSize":"accessibility5","frame":[32,464.66666666666663,199.66666666666666,63.333333333333258],"id":"film-title","preferredBodyPoints":53,"time":1790872671.0729351,"uptime":1240047.1432423401}
SETUP_PROBE {"appearance":"light","dynamicTypeSize":"accessibility5","frame":[60,95.666666666666629,308,63.333333333333371],"id":"silent-capture","preferredBodyPoints":53,"time":1790872671.072999,"uptime":1240047.1433063}
SETUP_PROBE {"appearance":"light","dynamicTypeSize":"accessibility5","frame":[32,-121.66666666666674,302.66666666666663,187.33333333333337],"id":"camera-description","preferredBodyPoints":53,"time":1790872671.0730581,"uptime":1240047.1433653291}
SETUP_PROBE {"appearance":"light","dynamicTypeSize":"accessibility5","frame":[32,189,249.66666666666663,125.33333333333337],"id":"orientation-label","preferredBodyPoints":53,"time":1790872671.0731158,"uptime":1240047.143423351}
SETUP_VIEWPORT {"bounds":[0,573.33333333333337,402,708],"containerSize":[402,708],"contentSize":[402,2089.333333333333],"event":"scroll","insets":[70,0,34,0],"offset":[0,573.33333333333337],"time":1790872671.089201,"uptime":1240047.1595099431,"visibleRect":[0,573.33333333333337,402,812]}
SETUP_PROBE {"appearance":"light","dynamicTypeSize":"accessibility5","frame":[32,1499.6666666666665,217.33333333333331,63.333333333333485],"id":"load-film","preferredBodyPoints":53,"time":1790872671.089376,"uptime":1240047.1596834601}
SETUP_PROBE {"appearance":"light","dynamicTypeSize":"accessibility5","frame":[32,724.33333333333337,333.33333333333337,187.33333333333326],"id":"trial-label","preferredBodyPoints":53,"time":1790872671.089457,"uptime":1240047.1597638361}
SETUP_PROBE {"appearance":"light","dynamicTypeSize":"accessibility5","frame":[32,462.66666666666663,199.66666666666666,63.333333333333258],"id":"film-title","preferredBodyPoints":53,"time":1790872671.0895219,"uptime":1240047.159828617}
SETUP_PROBE {"appearance":"light","dynamicTypeSize":"accessibility5","frame":[60,93.666666666666629,308,63.333333333333371],"id":"silent-capture","preferredBodyPoints":53,"time":1790872671.089582,"uptime":1240047.1598887511}
SETUP_PROBE {"appearance":"light","dynamicTypeSize":"accessibility5","frame":[32,-123.66666666666674,302.66666666666663,187.33333333333337],"id":"camera-description","preferredBodyPoints":53,"time":1790872671.0896411,"uptime":1240047.1599484121}
SETUP_PROBE {"appearance":"light","dynamicTypeSize":"accessibility5","frame":[32,187,249.66666666666663,125.33333333333337],"id":"orientation-label","preferredBodyPoints":53,"time":1790872671.0897012,"uptime":1240047.1600078181}
SETUP_VIEWPORT {"bounds":[0,575.33333333333337,402,708],"containerSize":[402,708],"contentSize":[402,2089.333333333333],"event":"scroll","insets":[70,0,34,0],"offset":[0,575.33333333333337],"time":1790872671.105973,"uptime":1240047.1762817542,"visibleRect":[0,575.33333333333337,402,812]}
SETUP_PROBE {"appearance":"light","dynamicTypeSize":"accessibility5","frame":[32,1497.6666666666665,217.33333333333331,63.333333333333485],"id":"load-film","preferredBodyPoints":53,"time":1790872671.1061702,"uptime":1240047.176477408}
SETUP_PROBE {"appearance":"light","dynamicTypeSize":"accessibility5","frame":[32,722.33333333333337,333.33333333333337,187.33333333333326],"id":"trial-label","preferredBodyPoints":53,"time":1790872671.106256,"uptime":1240047.1765627831}
SETUP_PROBE {"appearance":"light","dynamicTypeSize":"accessibility5","frame":[32,460.66666666666663,199.66666666666666,63.333333333333258],"id":"film-title","preferredBodyPoints":53,"time":1790872671.1063221,"uptime":1240047.1766288842}
SETUP_PROBE {"appearance":"light","dynamicTypeSize":"accessibility5","frame":[60,91.666666666666629,308,63.333333333333371],"id":"silent-capture","preferredBodyPoints":53,"time":1790872671.106384,"uptime":1240047.1766912332}
SETUP_PROBE {"appearance":"light","dynamicTypeSize":"accessibility5","frame":[32,-125.66666666666674,302.66666666666663,187.33333333333337],"id":"camera-description","preferredBodyPoints":53,"time":1790872671.106447,"uptime":1240047.176753371}
SETUP_PROBE {"appearance":"light","dynamicTypeSize":"accessibility5","frame":[32,185,249.66666666666663,125.33333333333337],"id":"orientation-label","preferredBodyPoints":53,"time":1790872671.106513,"uptime":1240047.1768198991}
SETUP_VIEWPORT {"bounds":[0,577.33333333333337,402,708],"containerSize":[402,708],"contentSize":[402,2089.333333333333],"event":"scroll","insets":[70,0,34,0],"offset":[0,577.33333333333337],"time":1790872671.1226079,"uptime":1240047.1929170501,"visibleRect":[0,577.33333333333337,402,812]}
SETUP_PROBE {"appearance":"light","dynamicTypeSize":"accessibility5","frame":[32,1495.6666666666665,217.33333333333331,63.333333333333485],"id":"load-film","preferredBodyPoints":53,"time":1790872671.122828,"uptime":1240047.1931349761}
SETUP_PROBE {"appearance":"light","dynamicTypeSize":"accessibility5","frame":[32,720.33333333333337,333.33333333333337,187.33333333333326],"id":"trial-label","preferredBodyPoints":53,"time":1790872671.1229072,"uptime":1240047.193213382}
SETUP_PROBE {"appearance":"light","dynamicTypeSize":"accessibility5","frame":[32,458.66666666666663,199.66666666666666,63.333333333333258],"id":"film-title","preferredBodyPoints":53,"time":1790872671.122973,"uptime":1240047.1932793481}
SETUP_PROBE {"appearance":"light","dynamicTypeSize":"accessibility5","frame":[60,89.666666666666629,308,63.333333333333371],"id":"silent-capture","preferredBodyPoints":53,"time":1790872671.123035,"uptime":1240047.1933415581}
SETUP_PROBE {"appearance":"light","dynamicTypeSize":"accessibility5","frame":[32,-127.66666666666674,302.66666666666663,187.33333333333337],"id":"camera-description","preferredBodyPoints":53,"time":1790872671.123095,"uptime":1240047.193401902}
SETUP_PROBE {"appearance":"light","dynamicTypeSize":"accessibility5","frame":[32,183,249.66666666666663,125.33333333333337],"id":"orientation-label","preferredBodyPoints":53,"time":1790872671.123157,"uptime":1240047.1934633011}
SETUP_VIEWPORT {"bounds":[0,579.33333333333337,402,708],"containerSize":[402,708],"contentSize":[402,2089.333333333333],"event":"scroll","insets":[70,0,34,0],"offset":[0,579.33333333333337],"time":1790872671.1392341,"uptime":1240047.2095433141,"visibleRect":[0,579.33333333333337,402,812]}
SETUP_PROBE {"appearance":"light","dynamicTypeSize":"accessibility5","frame":[32,1493.6666666666665,217.33333333333331,63.333333333333485],"id":"load-film","preferredBodyPoints":53,"time":1790872671.1394439,"uptime":1240047.2097508891}
SETUP_PROBE {"appearance":"light","dynamicTypeSize":"accessibility5","frame":[32,718.33333333333337,333.33333333333337,187.33333333333326],"id":"trial-label","preferredBodyPoints":53,"time":1790872671.139539,"uptime":1240047.2098457841}
SETUP_PROBE {"appearance":"light","dynamicTypeSize":"accessibility5","frame":[32,456.66666666666663,199.66666666666666,63.333333333333258],"id":"film-title","preferredBodyPoints":53,"time":1790872671.1396101,"uptime":1240047.2099165451}
SETUP_PROBE {"appearance":"light","dynamicTypeSize":"accessibility5","frame":[60,87.666666666666629,308,63.333333333333371],"id":"silent-capture","preferredBodyPoints":53,"time":1790872671.139672,"uptime":1240047.2099780082}
SETUP_PROBE {"appearance":"light","dynamicTypeSize":"accessibility5","frame":[32,-129.66666666666674,302.66666666666663,187.33333333333337],"id":"camera-description","preferredBodyPoints":53,"time":1790872671.1397309,"uptime":1240047.2100374592}
SETUP_PROBE {"appearance":"light","dynamicTypeSize":"accessibility5","frame":[32,181,249.66666666666663,125.33333333333337],"id":"orientation-label","preferredBodyPoints":53,"time":1790872671.139792,"uptime":1240047.2100987541}
SETUP_VIEWPORT {"bounds":[0,581,402,708],"containerSize":[402,708],"contentSize":[402,2089.333333333333],"event":"scroll","insets":[70,0,34,0],"offset":[0,581],"time":1790872671.1559529,"uptime":1240047.226261928,"visibleRect":[0,581,402,812]}
SETUP_PROBE {"appearance":"light","dynamicTypeSize":"accessibility5","frame":[32,1492,217.33333333333331,63.333333333333485],"id":"load-film","preferredBodyPoints":53,"time":1790872671.1561608,"uptime":1240047.2264676671}
SETUP_PROBE {"appearance":"light","dynamicTypeSize":"accessibility5","frame":[32,716.66666666666674,333.33333333333337,187.33333333333326],"id":"trial-label","preferredBodyPoints":53,"time":1790872671.1562691,"uptime":1240047.2265749681}
SETUP_PROBE {"appearance":"light","dynamicTypeSize":"accessibility5","frame":[32,455,199.66666666666666,63.333333333333258],"id":"film-title","preferredBodyPoints":53,"time":1790872671.156368,"uptime":1240047.2266749821}
SETUP_PROBE {"appearance":"light","dynamicTypeSize":"accessibility5","frame":[60,86,308,63.333333333333371],"id":"silent-capture","preferredBodyPoints":53,"time":1790872671.156467,"uptime":1240047.2267732462}
SETUP_PROBE {"appearance":"light","dynamicTypeSize":"accessibility5","frame":[32,-131.33333333333337,302.66666666666663,187.33333333333337],"id":"camera-description","preferredBodyPoints":53,"time":1790872671.1565661,"uptime":1240047.226873138}
SETUP_PROBE {"appearance":"light","dynamicTypeSize":"accessibility5","frame":[32,179.33333333333337,249.66666666666663,125.33333333333337],"id":"orientation-label","preferredBodyPoints":53,"time":1790872671.1566701,"uptime":1240047.226976905}
SETUP_VIEWPORT {"bounds":[0,582.66666666666663,402,708],"containerSize":[402,708],"contentSize":[402,2089.333333333333],"event":"scroll","insets":[70,0,34,0],"offset":[0,582.66666666666663],"time":1790872671.172502,"uptime":1240047.2428100891,"visibleRect":[0,582.66666666666663,402,812]}
SETUP_PROBE {"appearance":"light","dynamicTypeSize":"accessibility5","frame":[32,1490.3333333333335,217.33333333333331,63.333333333333485],"id":"load-film","preferredBodyPoints":53,"time":1790872671.172672,"uptime":1240047.242978496}
SETUP_PROBE {"appearance":"light","dynamicTypeSize":"accessibility5","frame":[32,715.00000000000011,333.33333333333337,187.33333333333326],"id":"trial-label","preferredBodyPoints":53,"time":1790872671.172744,"uptime":1240047.2430503271}
SETUP_PROBE {"appearance":"light","dynamicTypeSize":"accessibility5","frame":[32,453.33333333333337,199.66666666666666,63.333333333333258],"id":"film-title","preferredBodyPoints":53,"time":1790872671.172806,"uptime":1240047.243112291}
SETUP_PROBE {"appearance":"light","dynamicTypeSize":"accessibility5","frame":[60,84.333333333333371,308,63.333333333333371],"id":"silent-capture","preferredBodyPoints":53,"time":1790872671.172864,"uptime":1240047.2431700611}
SETUP_PROBE {"appearance":"light","dynamicTypeSize":"accessibility5","frame":[32,-133,302.66666666666663,187.33333333333337],"id":"camera-description","preferredBodyPoints":53,"time":1790872671.1729221,"uptime":1240047.243227619}
SETUP_PROBE {"appearance":"light","dynamicTypeSize":"accessibility5","frame":[32,177.66666666666674,249.66666666666663,125.33333333333337],"id":"orientation-label","preferredBodyPoints":53,"time":1790872671.1729779,"uptime":1240047.2432843521}
SETUP_VIEWPORT {"bounds":[0,584.33333333333337,402,708],"containerSize":[402,708],"contentSize":[402,2089.333333333333],"event":"scroll","insets":[70,0,34,0],"offset":[0,584.33333333333337],"time":1790872671.189285,"uptime":1240047.259593128,"visibleRect":[0,584.33333333333337,402,812]}
SETUP_PROBE {"appearance":"light","dynamicTypeSize":"accessibility5","frame":[32,1488.6666666666665,217.33333333333331,63.333333333333485],"id":"load-film","preferredBodyPoints":53,"time":1790872671.1894641,"uptime":1240047.2597700991}
SETUP_PROBE {"appearance":"light","dynamicTypeSize":"accessibility5","frame":[32,713.33333333333337,333.33333333333337,187.33333333333326],"id":"trial-label","preferredBodyPoints":53,"time":1790872671.189539,"uptime":1240047.259844518}
SETUP_PROBE {"appearance":"light","dynamicTypeSize":"accessibility5","frame":[32,451.66666666666663,199.66666666666666,63.333333333333258],"id":"film-title","preferredBodyPoints":53,"time":1790872671.1896009,"uptime":1240047.259906546}
SETUP_PROBE {"appearance":"light","dynamicTypeSize":"accessibility5","frame":[60,82.666666666666629,308,63.333333333333371],"id":"silent-capture","preferredBodyPoints":53,"time":1790872671.1896591,"uptime":1240047.2599647681}
SETUP_PROBE {"appearance":"light","dynamicTypeSize":"accessibility5","frame":[32,-134.66666666666674,302.66666666666663,187.33333333333337],"id":"camera-description","preferredBodyPoints":53,"time":1790872671.1897171,"uptime":1240047.2600233711}
SETUP_PROBE {"appearance":"light","dynamicTypeSize":"accessibility5","frame":[32,176,249.66666666666663,125.33333333333337],"id":"orientation-label","preferredBodyPoints":53,"time":1790872671.1897759,"uptime":1240047.2600823841}
SETUP_VIEWPORT {"bounds":[0,586,402,708],"containerSize":[402,708],"contentSize":[402,2089.333333333333],"event":"scroll","insets":[70,0,34,0],"offset":[0,586],"time":1790872671.2060771,"uptime":1240047.2763853401,"visibleRect":[0,586,402,812]}
SETUP_PROBE {"appearance":"light","dynamicTypeSize":"accessibility5","frame":[32,1487,217.33333333333331,63.333333333333485],"id":"load-film","preferredBodyPoints":53,"time":1790872671.206301,"uptime":1240047.276607567}
SETUP_PROBE {"appearance":"light","dynamicTypeSize":"accessibility5","frame":[32,711.66666666666674,333.33333333333337,187.33333333333326],"id":"trial-label","preferredBodyPoints":53,"time":1790872671.2064061,"uptime":1240047.2767120211}
SETUP_PROBE {"appearance":"light","dynamicTypeSize":"accessibility5","frame":[32,450,199.66666666666666,63.333333333333258],"id":"film-title","preferredBodyPoints":53,"time":1790872671.206496,"uptime":1240047.276801687}
SETUP_PROBE {"appearance":"light","dynamicTypeSize":"accessibility5","frame":[60,81,308,63.333333333333371],"id":"silent-capture","preferredBodyPoints":53,"time":1790872671.206584,"uptime":1240047.2768902022}
SETUP_PROBE {"appearance":"light","dynamicTypeSize":"accessibility5","frame":[32,-136.33333333333337,302.66666666666663,187.33333333333337],"id":"camera-description","preferredBodyPoints":53,"time":1790872671.206918,"uptime":1240047.2772241381}
SETUP_PROBE {"appearance":"light","dynamicTypeSize":"accessibility5","frame":[32,174.33333333333337,249.66666666666663,125.33333333333337],"id":"orientation-label","preferredBodyPoints":53,"time":1790872671.207037,"uptime":1240047.2773425072}
SETUP_VIEWPORT {"bounds":[0,587.66666666666663,402,708],"containerSize":[402,708],"contentSize":[402,2089.333333333333],"event":"scroll","insets":[70,0,34,0],"offset":[0,587.66666666666663],"time":1790872671.2229819,"uptime":1240047.2932902421,"visibleRect":[0,587.66666666666663,402,812]}
SETUP_PROBE {"appearance":"light","dynamicTypeSize":"accessibility5","frame":[32,1485.3333333333335,217.33333333333331,63.333333333333485],"id":"load-film","preferredBodyPoints":53,"time":1790872671.2232561,"uptime":1240047.2935624041}
SETUP_PROBE {"appearance":"light","dynamicTypeSize":"accessibility5","frame":[32,710.00000000000011,333.33333333333337,187.33333333333326],"id":"trial-label","preferredBodyPoints":53,"time":1790872671.2233891,"uptime":1240047.293694891}
SETUP_PROBE {"appearance":"light","dynamicTypeSize":"accessibility5","frame":[32,448.33333333333337,199.66666666666666,63.333333333333258],"id":"film-title","preferredBodyPoints":53,"time":1790872671.223495,"uptime":1240047.2938005421}
SETUP_PROBE {"appearance":"light","dynamicTypeSize":"accessibility5","frame":[60,79.333333333333371,308,63.333333333333371],"id":"silent-capture","preferredBodyPoints":53,"time":1790872671.2235961,"uptime":1240047.2939021611}
SETUP_PROBE {"appearance":"light","dynamicTypeSize":"accessibility5","frame":[32,-138,302.66666666666663,187.33333333333337],"id":"camera-description","preferredBodyPoints":53,"time":1790872671.223701,"uptime":1240047.2940065891}
SETUP_PROBE {"appearance":"light","dynamicTypeSize":"accessibility5","frame":[32,172.66666666666674,249.66666666666663,125.33333333333337],"id":"orientation-label","preferredBodyPoints":53,"time":1790872671.2237949,"uptime":1240047.2941010271}
SETUP_VIEWPORT {"bounds":[0,589,402,708],"containerSize":[402,708],"contentSize":[402,2089.333333333333],"event":"scroll","insets":[70,0,34,0],"offset":[0,589],"time":1790872671.239157,"uptime":1240047.3094640111,"visibleRect":[0,589,402,812]}
SETUP_PROBE {"appearance":"light","dynamicTypeSize":"accessibility5","frame":[32,1484,217.33333333333331,63.333333333333485],"id":"load-film","preferredBodyPoints":53,"time":1790872671.239337,"uptime":1240047.3096425941}
SETUP_PROBE {"appearance":"light","dynamicTypeSize":"accessibility5","frame":[32,708.66666666666674,333.33333333333337,187.33333333333326],"id":"trial-label","preferredBodyPoints":53,"time":1790872671.2394118,"uptime":1240047.309717274}
SETUP_PROBE {"appearance":"light","dynamicTypeSize":"accessibility5","frame":[32,447,199.66666666666666,63.333333333333258],"id":"film-title","preferredBodyPoints":53,"time":1790872671.2394781,"uptime":1240047.3097832191}
SETUP_PROBE {"appearance":"light","dynamicTypeSize":"accessibility5","frame":[60,78,308,63.333333333333371],"id":"silent-capture","preferredBodyPoints":53,"time":1790872671.2395391,"uptime":1240047.3098446392}
SETUP_PROBE {"appearance":"light","dynamicTypeSize":"accessibility5","frame":[32,-139.33333333333337,302.66666666666663,187.33333333333337],"id":"camera-description","preferredBodyPoints":53,"time":1790872671.239599,"uptime":1240047.3099042801}
SETUP_PROBE {"appearance":"light","dynamicTypeSize":"accessibility5","frame":[32,171.33333333333337,249.66666666666663,125.33333333333337],"id":"orientation-label","preferredBodyPoints":53,"time":1790872671.2396579,"uptime":1240047.309963607}
SETUP_VIEWPORT {"bounds":[0,590.66666666666663,402,708],"containerSize":[402,708],"contentSize":[402,2089.333333333333],"event":"scroll","insets":[70,0,34,0],"offset":[0,590.66666666666663],"time":1790872671.256017,"uptime":1240047.326325367,"visibleRect":[0,590.66666666666663,402,812]}
SETUP_PROBE {"appearance":"light","dynamicTypeSize":"accessibility5","frame":[32,1482.3333333333335,217.33333333333331,63.333333333333485],"id":"load-film","preferredBodyPoints":53,"time":1790872671.2562399,"uptime":1240047.326546106}
SETUP_PROBE {"appearance":"light","dynamicTypeSize":"accessibility5","frame":[32,707.00000000000011,333.33333333333337,187.33333333333326],"id":"trial-label","preferredBodyPoints":53,"time":1790872671.2563291,"uptime":1240047.3266340981}
SETUP_PROBE {"appearance":"light","dynamicTypeSize":"accessibility5","frame":[32,445.33333333333337,199.66666666666666,63.333333333333258],"id":"film-title","preferredBodyPoints":53,"time":1790872671.2563939,"uptime":1240047.3266990772}
SETUP_PROBE {"appearance":"light","dynamicTypeSize":"accessibility5","frame":[60,76.333333333333371,308,63.333333333333371],"id":"silent-capture","preferredBodyPoints":53,"time":1790872671.256454,"uptime":1240047.3267594092}
SETUP_PROBE {"appearance":"light","dynamicTypeSize":"accessibility5","frame":[32,-141,302.66666666666663,187.33333333333337],"id":"camera-description","preferredBodyPoints":53,"time":1790872671.256515,"uptime":1240047.3268199482}
SETUP_PROBE {"appearance":"light","dynamicTypeSize":"accessibility5","frame":[32,169.66666666666674,249.66666666666663,125.33333333333337],"id":"orientation-label","preferredBodyPoints":53,"time":1790872671.2565742,"uptime":1240047.3268787412}
SETUP_VIEWPORT {"bounds":[0,592,402,708],"containerSize":[402,708],"contentSize":[402,2089.333333333333],"event":"scroll","insets":[70,0,34,0],"offset":[0,592],"time":1790872671.2729211,"uptime":1240047.3432295101,"visibleRect":[0,592,402,812]}
SETUP_PROBE {"appearance":"light","dynamicTypeSize":"accessibility5","frame":[32,1481,217.33333333333331,63.333333333333485],"id":"load-film","preferredBodyPoints":53,"time":1790872671.2731659,"uptime":1240047.3434715532}
SETUP_PROBE {"appearance":"light","dynamicTypeSize":"accessibility5","frame":[32,705.66666666666674,333.33333333333337,187.33333333333326],"id":"trial-label","preferredBodyPoints":53,"time":1790872671.273273,"uptime":1240047.343578764}
SETUP_PROBE {"appearance":"light","dynamicTypeSize":"accessibility5","frame":[32,444,199.66666666666666,63.333333333333258],"id":"film-title","preferredBodyPoints":53,"time":1790872671.2733669,"uptime":1240047.3436719491}
SETUP_PROBE {"appearance":"light","dynamicTypeSize":"accessibility5","frame":[60,75,308,63.333333333333371],"id":"silent-capture","preferredBodyPoints":53,"time":1790872671.2734551,"uptime":1240047.343759943}
SETUP_PROBE {"appearance":"light","dynamicTypeSize":"accessibility5","frame":[32,-142.33333333333337,302.66666666666663,187.33333333333337],"id":"camera-description","preferredBodyPoints":53,"time":1790872671.2735419,"uptime":1240047.3438473961}
SETUP_PROBE {"appearance":"light","dynamicTypeSize":"accessibility5","frame":[32,168.33333333333337,249.66666666666663,125.33333333333337],"id":"orientation-label","preferredBodyPoints":53,"time":1790872671.2736311,"uptime":1240047.3439366431}
SETUP_VIEWPORT {"bounds":[0,593.33333333333337,402,708],"containerSize":[402,708],"contentSize":[402,2089.333333333333],"event":"scroll","insets":[70,0,34,0],"offset":[0,593.33333333333337],"time":1790872671.2893538,"uptime":1240047.3596616141,"visibleRect":[0,593.33333333333337,402,812]}
SETUP_PROBE {"appearance":"light","dynamicTypeSize":"accessibility5","frame":[32,1479.6666666666665,217.33333333333331,63.333333333333485],"id":"load-film","preferredBodyPoints":53,"time":1790872671.2895389,"uptime":1240047.3598445922}
SETUP_PROBE {"appearance":"light","dynamicTypeSize":"accessibility5","frame":[32,704.33333333333337,333.33333333333337,187.33333333333326],"id":"trial-label","preferredBodyPoints":53,"time":1790872671.289624,"uptime":1240047.359928834}
SETUP_PROBE {"appearance":"light","dynamicTypeSize":"accessibility5","frame":[32,442.66666666666663,199.66666666666666,63.333333333333258],"id":"film-title","preferredBodyPoints":53,"time":1790872671.289696,"uptime":1240047.3600005831}
SETUP_PROBE {"appearance":"light","dynamicTypeSize":"accessibility5","frame":[60,73.666666666666629,308,63.333333333333371],"id":"silent-capture","preferredBodyPoints":53,"time":1790872671.289757,"uptime":1240047.360062056}
SETUP_PROBE {"appearance":"light","dynamicTypeSize":"accessibility5","frame":[32,-143.66666666666674,302.66666666666663,187.33333333333337],"id":"camera-description","preferredBodyPoints":53,"time":1790872671.2898159,"uptime":1240047.360120927}
SETUP_PROBE {"appearance":"light","dynamicTypeSize":"accessibility5","frame":[32,167,249.66666666666663,125.33333333333337],"id":"orientation-label","preferredBodyPoints":53,"time":1790872671.289875,"uptime":1240047.3601795952}
SETUP_VIEWPORT {"bounds":[0,594.66666666666663,402,708],"containerSize":[402,708],"contentSize":[402,2089.333333333333],"event":"scroll","insets":[70,0,34,0],"offset":[0,594.66666666666663],"time":1790872671.306052,"uptime":1240047.3763593961,"visibleRect":[0,594.66666666666663,402,812]}
SETUP_PROBE {"appearance":"light","dynamicTypeSize":"accessibility5","frame":[32,1478.3333333333335,217.33333333333331,63.333333333333485],"id":"load-film","preferredBodyPoints":53,"time":1790872671.306273,"uptime":1240047.3765785971}
SETUP_PROBE {"appearance":"light","dynamicTypeSize":"accessibility5","frame":[32,703.00000000000011,333.33333333333337,187.33333333333326],"id":"trial-label","preferredBodyPoints":53,"time":1790872671.3063722,"uptime":1240047.3766771271}
SETUP_PROBE {"appearance":"light","dynamicTypeSize":"accessibility5","frame":[32,441.33333333333337,199.66666666666666,63.333333333333258],"id":"film-title","preferredBodyPoints":53,"time":1790872671.306458,"uptime":1240047.376763219}
SETUP_PROBE {"appearance":"light","dynamicTypeSize":"accessibility5","frame":[60,72.333333333333371,308,63.333333333333371],"id":"silent-capture","preferredBodyPoints":53,"time":1790872671.3065429,"uptime":1240047.376847483}
SETUP_PROBE {"appearance":"light","dynamicTypeSize":"accessibility5","frame":[32,-145,302.66666666666663,187.33333333333337],"id":"camera-description","preferredBodyPoints":53,"time":1790872671.3114629,"uptime":1240047.3817688811}
SETUP_PROBE {"appearance":"light","dynamicTypeSize":"accessibility5","frame":[32,165.66666666666674,249.66666666666663,125.33333333333337],"id":"orientation-label","preferredBodyPoints":53,"time":1790872671.311594,"uptime":1240047.3818990281}
SETUP_VIEWPORT {"bounds":[0,596,402,708],"containerSize":[402,708],"contentSize":[402,2089.333333333333],"event":"scroll","insets":[70,0,34,0],"offset":[0,596],"time":1790872671.3226871,"uptime":1240047.3929938211,"visibleRect":[0,596,402,812]}
SETUP_PROBE {"appearance":"light","dynamicTypeSize":"accessibility5","frame":[32,1477,217.33333333333331,63.333333333333485],"id":"load-film","preferredBodyPoints":53,"time":1790872671.322896,"uptime":1240047.3932005002}
SETUP_PROBE {"appearance":"light","dynamicTypeSize":"accessibility5","frame":[32,701.66666666666674,333.33333333333337,187.33333333333326],"id":"trial-label","preferredBodyPoints":53,"time":1790872671.3229752,"uptime":1240047.393279192}
SETUP_PROBE {"appearance":"light","dynamicTypeSize":"accessibility5","frame":[32,440,199.66666666666666,63.333333333333258],"id":"film-title","preferredBodyPoints":53,"time":1790872671.3230391,"uptime":1240047.3933435772}
SETUP_PROBE {"appearance":"light","dynamicTypeSize":"accessibility5","frame":[60,71,308,63.333333333333371],"id":"silent-capture","preferredBodyPoints":53,"time":1790872671.3230979,"uptime":1240047.393402487}
SETUP_PROBE {"appearance":"light","dynamicTypeSize":"accessibility5","frame":[32,-146.33333333333337,302.66666666666663,187.33333333333337],"id":"camera-description","preferredBodyPoints":53,"time":1790872671.3231568,"uptime":1240047.3934618612}
SETUP_PROBE {"appearance":"light","dynamicTypeSize":"accessibility5","frame":[32,164.33333333333337,249.66666666666663,125.33333333333337],"id":"orientation-label","preferredBodyPoints":53,"time":1790872671.323215,"uptime":1240047.3935199801}
SETUP_VIEWPORT {"bounds":[0,597.33333333333337,402,708],"containerSize":[402,708],"contentSize":[402,2089.333333333333],"event":"scroll","insets":[70,0,34,0],"offset":[0,597.33333333333337],"time":1790872671.339421,"uptime":1240047.409727873,"visibleRect":[0,597.33333333333337,402,812]}
SETUP_PROBE {"appearance":"light","dynamicTypeSize":"accessibility5","frame":[32,1475.6666666666665,217.33333333333331,63.333333333333485],"id":"load-film","preferredBodyPoints":53,"time":1790872671.339648,"uptime":1240047.409953011}
SETUP_PROBE {"appearance":"light","dynamicTypeSize":"accessibility5","frame":[32,700.33333333333337,333.33333333333337,187.33333333333326],"id":"trial-label","preferredBodyPoints":53,"time":1790872671.3397501,"uptime":1240047.4100541421}
SETUP_PROBE {"appearance":"light","dynamicTypeSize":"accessibility5","frame":[32,438.66666666666663,199.66666666666666,63.333333333333258],"id":"film-title","preferredBodyPoints":53,"time":1790872671.3398318,"uptime":1240047.410135994}
SETUP_PROBE {"appearance":"light","dynamicTypeSize":"accessibility5","frame":[60,69.666666666666629,308,63.333333333333371],"id":"silent-capture","preferredBodyPoints":53,"time":1790872671.3398929,"uptime":1240047.4101972841}
SETUP_PROBE {"appearance":"light","dynamicTypeSize":"accessibility5","frame":[32,-147.66666666666674,302.66666666666663,187.33333333333337],"id":"camera-description","preferredBodyPoints":53,"time":1790872671.339952,"uptime":1240047.4102566061}
SETUP_PROBE {"appearance":"light","dynamicTypeSize":"accessibility5","frame":[32,163,249.66666666666663,125.33333333333337],"id":"orientation-label","preferredBodyPoints":53,"time":1790872671.3400111,"uptime":1240047.410315389}
SETUP_VIEWPORT {"bounds":[0,598.33333333333337,402,708],"containerSize":[402,708],"contentSize":[402,2089.333333333333],"event":"scroll","insets":[70,0,34,0],"offset":[0,598.33333333333337],"time":1790872671.3561659,"uptime":1240047.426472578,"visibleRect":[0,598.33333333333337,402,812]}
SETUP_PROBE {"appearance":"light","dynamicTypeSize":"accessibility5","frame":[32,1474.6666666666665,217.33333333333331,63.333333333333485],"id":"load-film","preferredBodyPoints":53,"time":1790872671.3564081,"uptime":1240047.426712991}
SETUP_PROBE {"appearance":"light","dynamicTypeSize":"accessibility5","frame":[32,699.33333333333337,333.33333333333337,187.33333333333326],"id":"trial-label","preferredBodyPoints":53,"time":1790872671.3565102,"uptime":1240047.4268143962}
SETUP_PROBE {"appearance":"light","dynamicTypeSize":"accessibility5","frame":[32,437.66666666666663,199.66666666666666,63.333333333333258],"id":"film-title","preferredBodyPoints":53,"time":1790872671.3566,"uptime":1240047.42690394}
SETUP_PROBE {"appearance":"light","dynamicTypeSize":"accessibility5","frame":[60,68.666666666666629,308,63.333333333333371],"id":"silent-capture","preferredBodyPoints":53,"time":1790872671.356684,"uptime":1240047.426988492}
SETUP_PROBE {"appearance":"light","dynamicTypeSize":"accessibility5","frame":[32,-148.66666666666674,302.66666666666663,187.33333333333337],"id":"camera-description","preferredBodyPoints":53,"time":1790872671.358289,"uptime":1240047.4285946421}
SETUP_PROBE {"appearance":"light","dynamicTypeSize":"accessibility5","frame":[32,162,249.66666666666663,125.33333333333337],"id":"orientation-label","preferredBodyPoints":53,"time":1790872671.358427,"uptime":1240047.4287313151}
SETUP_VIEWPORT {"bounds":[0,599.66666666666663,402,708],"containerSize":[402,708],"contentSize":[402,2089.333333333333],"event":"scroll","insets":[70,0,34,0],"offset":[0,599.66666666666663],"time":1790872671.3725419,"uptime":1240047.4428480461,"visibleRect":[0,599.66666666666663,402,812]}
SETUP_PROBE {"appearance":"light","dynamicTypeSize":"accessibility5","frame":[32,1473.3333333333335,217.33333333333331,63.333333333333485],"id":"load-film","preferredBodyPoints":53,"time":1790872671.372721,"uptime":1240047.4430253261}
SETUP_PROBE {"appearance":"light","dynamicTypeSize":"accessibility5","frame":[32,698.00000000000011,333.33333333333337,187.33333333333326],"id":"trial-label","preferredBodyPoints":53,"time":1790872671.372798,"uptime":1240047.4431023491}
SETUP_PROBE {"appearance":"light","dynamicTypeSize":"accessibility5","frame":[32,436.33333333333337,199.66666666666666,63.333333333333258],"id":"film-title","preferredBodyPoints":53,"time":1790872671.3728609,"uptime":1240047.4431653591}
SETUP_PROBE {"appearance":"light","dynamicTypeSize":"accessibility5","frame":[60,67.333333333333371,308,63.333333333333371],"id":"silent-capture","preferredBodyPoints":53,"time":1790872671.372921,"uptime":1240047.4432249081}
SETUP_PROBE {"appearance":"light","dynamicTypeSize":"accessibility5","frame":[32,-150,302.66666666666663,187.33333333333337],"id":"camera-description","preferredBodyPoints":53,"time":1790872671.3729801,"uptime":1240047.4432837211}
SETUP_PROBE {"appearance":"light","dynamicTypeSize":"accessibility5","frame":[32,160.66666666666674,249.66666666666663,125.33333333333337],"id":"orientation-label","preferredBodyPoints":53,"time":1790872671.3730369,"uptime":1240047.443340763}
SETUP_VIEWPORT {"bounds":[0,600.66666666666663,402,708],"containerSize":[402,708],"contentSize":[402,2089.333333333333],"event":"scroll","insets":[70,0,34,0],"offset":[0,600.66666666666663],"time":1790872671.3892431,"uptime":1240047.4595481232,"visibleRect":[0,600.66666666666663,402,812]}
SETUP_PROBE {"appearance":"light","dynamicTypeSize":"accessibility5","frame":[32,1472.3333333333335,217.33333333333331,63.333333333333485],"id":"load-film","preferredBodyPoints":53,"time":1790872671.389405,"uptime":1240047.4597097321}
SETUP_PROBE {"appearance":"light","dynamicTypeSize":"accessibility5","frame":[32,697.00000000000011,333.33333333333337,187.33333333333326],"id":"trial-label","preferredBodyPoints":53,"time":1790872671.3894811,"uptime":1240047.459784559}
SETUP_PROBE {"appearance":"light","dynamicTypeSize":"accessibility5","frame":[32,435.33333333333337,199.66666666666666,63.333333333333258],"id":"film-title","preferredBodyPoints":53,"time":1790872671.3895431,"uptime":1240047.459846735}
SETUP_PROBE {"appearance":"light","dynamicTypeSize":"accessibility5","frame":[60,66.333333333333371,308,63.333333333333371],"id":"silent-capture","preferredBodyPoints":53,"time":1790872671.3896031,"uptime":1240047.4599065122}
SETUP_PROBE {"appearance":"light","dynamicTypeSize":"accessibility5","frame":[32,-151,302.66666666666663,187.33333333333337],"id":"camera-description","preferredBodyPoints":53,"time":1790872671.3896608,"uptime":1240047.4599651131}
SETUP_PROBE {"appearance":"light","dynamicTypeSize":"accessibility5","frame":[32,159.66666666666674,249.66666666666663,125.33333333333337],"id":"orientation-label","preferredBodyPoints":53,"time":1790872671.3897181,"uptime":1240047.4600220472}
SETUP_VIEWPORT {"bounds":[0,602,402,708],"containerSize":[402,708],"contentSize":[402,2089.333333333333],"event":"scroll","insets":[70,0,34,0],"offset":[0,602],"time":1790872671.405843,"uptime":1240047.4761492871,"visibleRect":[0,602,402,812]}
SETUP_PROBE {"appearance":"light","dynamicTypeSize":"accessibility5","frame":[32,1471,217.33333333333331,63.333333333333485],"id":"load-film","preferredBodyPoints":53,"time":1790872671.406028,"uptime":1240047.47633165}
SETUP_PROBE {"appearance":"light","dynamicTypeSize":"accessibility5","frame":[32,695.66666666666674,333.33333333333337,187.33333333333326],"id":"trial-label","preferredBodyPoints":53,"time":1790872671.4061069,"uptime":1240047.4764108071}
SETUP_PROBE {"appearance":"light","dynamicTypeSize":"accessibility5","frame":[32,434,199.66666666666666,63.333333333333258],"id":"film-title","preferredBodyPoints":53,"time":1790872671.4061708,"uptime":1240047.4764751932}
SETUP_PROBE {"appearance":"light","dynamicTypeSize":"accessibility5","frame":[60,65,308,63.333333333333371],"id":"silent-capture","preferredBodyPoints":53,"time":1790872671.4062319,"uptime":1240047.4765353061}
SETUP_PROBE {"appearance":"light","dynamicTypeSize":"accessibility5","frame":[32,-152.33333333333337,302.66666666666663,187.33333333333337],"id":"camera-description","preferredBodyPoints":53,"time":1790872671.406291,"uptime":1240047.4765946281}
SETUP_PROBE {"appearance":"light","dynamicTypeSize":"accessibility5","frame":[32,158.33333333333337,249.66666666666663,125.33333333333337],"id":"orientation-label","preferredBodyPoints":53,"time":1790872671.406353,"uptime":1240047.476656473}
SETUP_VIEWPORT {"bounds":[0,603,402,708],"containerSize":[402,708],"contentSize":[402,2089.333333333333],"event":"scroll","insets":[70,0,34,0],"offset":[0,603],"time":1790872671.4225211,"uptime":1240047.4928271282,"visibleRect":[0,603,402,812]}
SETUP_PROBE {"appearance":"light","dynamicTypeSize":"accessibility5","frame":[32,1470,217.33333333333331,63.333333333333485],"id":"load-film","preferredBodyPoints":53,"time":1790872671.4227009,"uptime":1240047.493004726}
SETUP_PROBE {"appearance":"light","dynamicTypeSize":"accessibility5","frame":[32,694.66666666666674,333.33333333333337,187.33333333333326],"id":"trial-label","preferredBodyPoints":53,"time":1790872671.422775,"uptime":1240047.493078989}
SETUP_PROBE {"appearance":"light","dynamicTypeSize":"accessibility5","frame":[32,433,199.66666666666666,63.333333333333258],"id":"film-title","preferredBodyPoints":53,"time":1790872671.4228392,"uptime":1240047.493142172}
SETUP_PROBE {"appearance":"light","dynamicTypeSize":"accessibility5","frame":[60,64,308,63.333333333333371],"id":"silent-capture","preferredBodyPoints":53,"time":1790872671.4228969,"uptime":1240047.4932003161}
SETUP_PROBE {"appearance":"light","dynamicTypeSize":"accessibility5","frame":[32,-153.33333333333337,302.66666666666663,187.33333333333337],"id":"camera-description","preferredBodyPoints":53,"time":1790872671.422955,"uptime":1240047.493258124}
SETUP_PROBE {"appearance":"light","dynamicTypeSize":"accessibility5","frame":[32,157.33333333333337,249.66666666666663,125.33333333333337],"id":"orientation-label","preferredBodyPoints":53,"time":1790872671.423012,"uptime":1240047.493315981}
SETUP_VIEWPORT {"bounds":[0,604,402,708],"containerSize":[402,708],"contentSize":[402,2089.333333333333],"event":"scroll","insets":[70,0,34,0],"offset":[0,604],"time":1790872671.4392171,"uptime":1240047.509522917,"visibleRect":[0,604,402,812]}
SETUP_PROBE {"appearance":"light","dynamicTypeSize":"accessibility5","frame":[32,1469,217.33333333333331,63.333333333333485],"id":"load-film","preferredBodyPoints":53,"time":1790872671.439414,"uptime":1240047.5097171871}
SETUP_PROBE {"appearance":"light","dynamicTypeSize":"accessibility5","frame":[32,693.66666666666674,333.33333333333337,187.33333333333326],"id":"trial-label","preferredBodyPoints":53,"time":1790872671.4394879,"uptime":1240047.5097918601}
SETUP_PROBE {"appearance":"light","dynamicTypeSize":"accessibility5","frame":[32,432,199.66666666666666,63.333333333333258],"id":"film-title","preferredBodyPoints":53,"time":1790872671.4395509,"uptime":1240047.509854584}
SETUP_PROBE {"appearance":"light","dynamicTypeSize":"accessibility5","frame":[60,63,308,63.333333333333371],"id":"silent-capture","preferredBodyPoints":53,"time":1790872671.4396091,"uptime":1240047.5099123982}
SETUP_PROBE {"appearance":"light","dynamicTypeSize":"accessibility5","frame":[32,-154.33333333333337,302.66666666666663,187.33333333333337],"id":"camera-description","preferredBodyPoints":53,"time":1790872671.439666,"uptime":1240047.509969638}
SETUP_PROBE {"appearance":"light","dynamicTypeSize":"accessibility5","frame":[32,156.33333333333337,249.66666666666663,125.33333333333337],"id":"orientation-label","preferredBodyPoints":53,"time":1790872671.439724,"uptime":1240047.510027006}
SETUP_VIEWPORT {"bounds":[0,605,402,708],"containerSize":[402,708],"contentSize":[402,2089.333333333333],"event":"scroll","insets":[70,0,34,0],"offset":[0,605],"time":1790872671.4558721,"uptime":1240047.5261773032,"visibleRect":[0,605,402,812]}
SETUP_PROBE {"appearance":"light","dynamicTypeSize":"accessibility5","frame":[32,1468,217.33333333333331,63.333333333333485],"id":"load-film","preferredBodyPoints":53,"time":1790872671.456053,"uptime":1240047.5263563821}
SETUP_PROBE {"appearance":"light","dynamicTypeSize":"accessibility5","frame":[32,692.66666666666674,333.33333333333337,187.33333333333326],"id":"trial-label","preferredBodyPoints":53,"time":1790872671.4561329,"uptime":1240047.526435964}
SETUP_PROBE {"appearance":"light","dynamicTypeSize":"accessibility5","frame":[32,431,199.66666666666666,63.333333333333258],"id":"film-title","preferredBodyPoints":53,"time":1790872671.4561992,"uptime":1240047.5265020111}
SETUP_PROBE {"appearance":"light","dynamicTypeSize":"accessibility5","frame":[60,62,308,63.333333333333371],"id":"silent-capture","preferredBodyPoints":53,"time":1790872671.4562612,"uptime":1240047.526563881}
SETUP_PROBE {"appearance":"light","dynamicTypeSize":"accessibility5","frame":[32,-155.33333333333337,302.66666666666663,187.33333333333337],"id":"camera-description","preferredBodyPoints":53,"time":1790872671.45632,"uptime":1240047.5266230921}
SETUP_PROBE {"appearance":"light","dynamicTypeSize":"accessibility5","frame":[32,155.33333333333337,249.66666666666663,125.33333333333337],"id":"orientation-label","preferredBodyPoints":53,"time":1790872671.4563799,"uptime":1240047.526682979}
SETUP_VIEWPORT {"bounds":[0,606,402,708],"containerSize":[402,708],"contentSize":[402,2089.333333333333],"event":"scroll","insets":[70,0,34,0],"offset":[0,606],"time":1790872671.4724941,"uptime":1240047.5427988411,"visibleRect":[0,606,402,812]}
SETUP_PROBE {"appearance":"light","dynamicTypeSize":"accessibility5","frame":[32,1467,217.33333333333331,63.333333333333485],"id":"load-film","preferredBodyPoints":53,"time":1790872671.4726639,"uptime":1240047.54296777}
SETUP_PROBE {"appearance":"light","dynamicTypeSize":"accessibility5","frame":[32,691.66666666666674,333.33333333333337,187.33333333333326],"id":"trial-label","preferredBodyPoints":53,"time":1790872671.4727411,"uptime":1240047.543044169}
SETUP_PROBE {"appearance":"light","dynamicTypeSize":"accessibility5","frame":[32,430,199.66666666666666,63.333333333333258],"id":"film-title","preferredBodyPoints":53,"time":1790872671.472805,"uptime":1240047.5431077881}
SETUP_PROBE {"appearance":"light","dynamicTypeSize":"accessibility5","frame":[60,61,308,63.333333333333371],"id":"silent-capture","preferredBodyPoints":53,"time":1790872671.472863,"uptime":1240047.5431662591}
SETUP_PROBE {"appearance":"light","dynamicTypeSize":"accessibility5","frame":[32,-156.33333333333337,302.66666666666663,187.33333333333337],"id":"camera-description","preferredBodyPoints":53,"time":1790872671.4729209,"uptime":1240047.5432242791}
SETUP_PROBE {"appearance":"light","dynamicTypeSize":"accessibility5","frame":[32,154.33333333333337,249.66666666666663,125.33333333333337],"id":"orientation-label","preferredBodyPoints":53,"time":1790872671.47298,"uptime":1240047.5432831331}
SETUP_VIEWPORT {"bounds":[0,606.66666666666663,402,708],"containerSize":[402,708],"contentSize":[402,2089.333333333333],"event":"scroll","insets":[70,0,34,0],"offset":[0,606.66666666666663],"time":1790872671.489172,"uptime":1240047.559477139,"visibleRect":[0,606.66666666666663,402,812]}
SETUP_PROBE {"appearance":"light","dynamicTypeSize":"accessibility5","frame":[32,1466.3333333333335,217.33333333333331,63.333333333333485],"id":"load-film","preferredBodyPoints":53,"time":1790872671.4893432,"uptime":1240047.559645782}
SETUP_PROBE {"appearance":"light","dynamicTypeSize":"accessibility5","frame":[32,691.00000000000011,333.33333333333337,187.33333333333326],"id":"trial-label","preferredBodyPoints":53,"time":1790872671.489418,"uptime":1240047.5597205982}
SETUP_PROBE {"appearance":"light","dynamicTypeSize":"accessibility5","frame":[32,429.33333333333337,199.66666666666666,63.333333333333258],"id":"film-title","preferredBodyPoints":53,"time":1790872671.48948,"uptime":1240047.559782651}
SETUP_PROBE {"appearance":"light","dynamicTypeSize":"accessibility5","frame":[60,60.333333333333371,308,63.333333333333371],"id":"silent-capture","preferredBodyPoints":53,"time":1790872671.4895401,"uptime":1240047.5598426082}
SETUP_PROBE {"appearance":"light","dynamicTypeSize":"accessibility5","frame":[32,-157,302.66666666666663,187.33333333333337],"id":"camera-description","preferredBodyPoints":53,"time":1790872671.489598,"uptime":1240047.5599004531}
SETUP_PROBE {"appearance":"light","dynamicTypeSize":"accessibility5","frame":[32,153.66666666666674,249.66666666666663,125.33333333333337],"id":"orientation-label","preferredBodyPoints":53,"time":1790872671.489655,"uptime":1240047.559957823}
SETUP_VIEWPORT {"bounds":[0,607.66666666666663,402,708],"containerSize":[402,708],"contentSize":[402,2089.333333333333],"event":"scroll","insets":[70,0,34,0],"offset":[0,607.66666666666663],"time":1790872671.506078,"uptime":1240047.5763829511,"visibleRect":[0,607.66666666666663,402,812]}
SETUP_PROBE {"appearance":"light","dynamicTypeSize":"accessibility5","frame":[32,1465.3333333333335,217.33333333333331,63.333333333333485],"id":"load-film","preferredBodyPoints":53,"time":1790872671.506299,"uptime":1240047.5766021961}
SETUP_PROBE {"appearance":"light","dynamicTypeSize":"accessibility5","frame":[32,690.00000000000011,333.33333333333337,187.33333333333326],"id":"trial-label","preferredBodyPoints":53,"time":1790872671.506398,"uptime":1240047.576700696}
SETUP_PROBE {"appearance":"light","dynamicTypeSize":"accessibility5","frame":[32,428.33333333333337,199.66666666666666,63.333333333333258],"id":"film-title","preferredBodyPoints":53,"time":1790872671.506484,"uptime":1240047.5767869172}
SETUP_PROBE {"appearance":"light","dynamicTypeSize":"accessibility5","frame":[60,59.333333333333371,308,63.333333333333371],"id":"silent-capture","preferredBodyPoints":53,"time":1790872671.506566,"uptime":1240047.5768690121}
SETUP_PROBE {"appearance":"light","dynamicTypeSize":"accessibility5","frame":[32,-158,302.66666666666663,187.33333333333337],"id":"camera-description","preferredBodyPoints":53,"time":1790872671.5066571,"uptime":1240047.576959434}
SETUP_PROBE {"appearance":"light","dynamicTypeSize":"accessibility5","frame":[32,152.66666666666674,249.66666666666663,125.33333333333337],"id":"orientation-label","preferredBodyPoints":53,"time":1790872671.506736,"uptime":1240047.5770385831}
SETUP_VIEWPORT {"bounds":[0,608.66666666666663,402,708],"containerSize":[402,708],"contentSize":[402,2089.333333333333],"event":"scroll","insets":[70,0,34,0],"offset":[0,608.66666666666663],"time":1790872671.5226731,"uptime":1240047.592977898,"visibleRect":[0,608.66666666666663,402,812]}
SETUP_PROBE {"appearance":"light","dynamicTypeSize":"accessibility5","frame":[32,1464.3333333333335,217.33333333333331,63.333333333333485],"id":"load-film","preferredBodyPoints":53,"time":1790872671.5228639,"uptime":1240047.593167119}
SETUP_PROBE {"appearance":"light","dynamicTypeSize":"accessibility5","frame":[32,689.00000000000011,333.33333333333337,187.33333333333326],"id":"trial-label","preferredBodyPoints":53,"time":1790872671.5229559,"uptime":1240047.593258681}
SETUP_PROBE {"appearance":"light","dynamicTypeSize":"accessibility5","frame":[32,427.33333333333337,199.66666666666666,63.333333333333258],"id":"film-title","preferredBodyPoints":53,"time":1790872671.5230222,"uptime":1240047.5933249511}
SETUP_PROBE {"appearance":"light","dynamicTypeSize":"accessibility5","frame":[60,58.333333333333371,308,63.333333333333371],"id":"silent-capture","preferredBodyPoints":53,"time":1790872671.5230842,"uptime":1240047.5933868121}
SETUP_PROBE {"appearance":"light","dynamicTypeSize":"accessibility5","frame":[32,-159,302.66666666666663,187.33333333333337],"id":"camera-description","preferredBodyPoints":53,"time":1790872671.523149,"uptime":1240047.59345199}
SETUP_PROBE {"appearance":"light","dynamicTypeSize":"accessibility5","frame":[32,151.66666666666674,249.66666666666663,125.33333333333337],"id":"orientation-label","preferredBodyPoints":53,"time":1790872671.523211,"uptime":1240047.593513631}
SETUP_VIEWPORT {"bounds":[0,609.33333333333337,402,708],"containerSize":[402,708],"contentSize":[402,2089.333333333333],"event":"scroll","insets":[70,0,34,0],"offset":[0,609.33333333333337],"time":1790872671.539434,"uptime":1240047.6097387141,"visibleRect":[0,609.33333333333337,402,812]}
SETUP_PROBE {"appearance":"light","dynamicTypeSize":"accessibility5","frame":[32,1463.6666666666665,217.33333333333331,63.333333333333485],"id":"load-film","preferredBodyPoints":53,"time":1790872671.539655,"uptime":1240047.6099574121}
SETUP_PROBE {"appearance":"light","dynamicTypeSize":"accessibility5","frame":[32,688.33333333333337,333.33333333333337,187.33333333333326],"id":"trial-label","preferredBodyPoints":53,"time":1790872671.5397558,"uptime":1240047.6100582161}
SETUP_PROBE {"appearance":"light","dynamicTypeSize":"accessibility5","frame":[32,426.66666666666663,199.66666666666666,63.333333333333258],"id":"film-title","preferredBodyPoints":53,"time":1790872671.5398459,"uptime":1240047.610148753}
SETUP_PROBE {"appearance":"light","dynamicTypeSize":"accessibility5","frame":[60,57.666666666666629,308,63.333333333333371],"id":"silent-capture","preferredBodyPoints":53,"time":1790872671.5399342,"uptime":1240047.6102364152}
SETUP_PROBE {"appearance":"light","dynamicTypeSize":"accessibility5","frame":[32,-159.66666666666674,302.66666666666663,187.33333333333337],"id":"camera-description","preferredBodyPoints":53,"time":1790872671.5400181,"uptime":1240047.6103201341}
SETUP_PROBE {"appearance":"light","dynamicTypeSize":"accessibility5","frame":[32,151,249.66666666666663,125.33333333333337],"id":"orientation-label","preferredBodyPoints":53,"time":1790872671.5401011,"uptime":1240047.6104036281}
SETUP_VIEWPORT {"bounds":[0,610.33333333333337,402,708],"containerSize":[402,708],"contentSize":[402,2089.333333333333],"event":"scroll","insets":[70,0,34,0],"offset":[0,610.33333333333337],"time":1790872671.556128,"uptime":1240047.626432061,"visibleRect":[0,610.33333333333337,402,812]}
SETUP_PROBE {"appearance":"light","dynamicTypeSize":"accessibility5","frame":[32,1462.6666666666665,217.33333333333331,63.333333333333485],"id":"load-film","preferredBodyPoints":53,"time":1790872671.5563579,"uptime":1240047.6266605831}
SETUP_PROBE {"appearance":"light","dynamicTypeSize":"accessibility5","frame":[32,687.33333333333337,333.33333333333337,187.33333333333326],"id":"trial-label","preferredBodyPoints":53,"time":1790872671.556464,"uptime":1240047.6267663711}
SETUP_PROBE {"appearance":"light","dynamicTypeSize":"accessibility5","frame":[32,425.66666666666663,199.66666666666666,63.333333333333258],"id":"film-title","preferredBodyPoints":53,"time":1790872671.5565581,"uptime":1240047.6268606621}
SETUP_PROBE {"appearance":"light","dynamicTypeSize":"accessibility5","frame":[60,56.666666666666629,308,63.333333333333371],"id":"silent-capture","preferredBodyPoints":53,"time":1790872671.5566468,"uptime":1240047.6269494852}
SETUP_PROBE {"appearance":"light","dynamicTypeSize":"accessibility5","frame":[32,-160.66666666666674,302.66666666666663,187.33333333333337],"id":"camera-description","preferredBodyPoints":53,"time":1790872671.5567341,"uptime":1240047.6270360281}
SETUP_PROBE {"appearance":"light","dynamicTypeSize":"accessibility5","frame":[32,150,249.66666666666663,125.33333333333337],"id":"orientation-label","preferredBodyPoints":53,"time":1790872671.5568218,"uptime":1240047.6271238811}
SETUP_VIEWPORT {"bounds":[0,611,402,708],"containerSize":[402,708],"contentSize":[402,2089.333333333333],"event":"scroll","insets":[70,0,34,0],"offset":[0,611],"time":1790872671.5728102,"uptime":1240047.6431143992,"visibleRect":[0,611,402,812]}
SETUP_PROBE {"appearance":"light","dynamicTypeSize":"accessibility5","frame":[32,1462,217.33333333333331,63.333333333333485],"id":"load-film","preferredBodyPoints":53,"time":1790872671.5730329,"uptime":1240047.643334944}
SETUP_PROBE {"appearance":"light","dynamicTypeSize":"accessibility5","frame":[32,686.66666666666674,333.33333333333337,187.33333333333326],"id":"trial-label","preferredBodyPoints":53,"time":1790872671.5731311,"uptime":1240047.643432698}
SETUP_PROBE {"appearance":"light","dynamicTypeSize":"accessibility5","frame":[32,425,199.66666666666666,63.333333333333258],"id":"film-title","preferredBodyPoints":53,"time":1790872671.5732188,"uptime":1240047.643520552}
SETUP_PROBE {"appearance":"light","dynamicTypeSize":"accessibility5","frame":[60,56,308,63.333333333333371],"id":"silent-capture","preferredBodyPoints":53,"time":1790872671.5732999,"uptime":1240047.643602222}
SETUP_PROBE {"appearance":"light","dynamicTypeSize":"accessibility5","frame":[32,-161.33333333333337,302.66666666666663,187.33333333333337],"id":"camera-description","preferredBodyPoints":53,"time":1790872671.5733819,"uptime":1240047.6436835891}
SETUP_PROBE {"appearance":"light","dynamicTypeSize":"accessibility5","frame":[32,149.33333333333337,249.66666666666663,125.33333333333337],"id":"orientation-label","preferredBodyPoints":53,"time":1790872671.573463,"uptime":1240047.6437648812}
SETUP_VIEWPORT {"bounds":[0,611.66666666666663,402,708],"containerSize":[402,708],"contentSize":[402,2089.333333333333],"event":"scroll","insets":[70,0,34,0],"offset":[0,611.66666666666663],"time":1790872671.5895791,"uptime":1240047.6598845911,"visibleRect":[0,611.66666666666663,402,812]}
SETUP_PROBE {"appearance":"light","dynamicTypeSize":"accessibility5","frame":[32,1461.3333333333335,217.33333333333331,63.333333333333485],"id":"load-film","preferredBodyPoints":53,"time":1790872671.5898371,"uptime":1240047.6601403072}
SETUP_PROBE {"appearance":"light","dynamicTypeSize":"accessibility5","frame":[32,686.00000000000011,333.33333333333337,187.33333333333326],"id":"trial-label","preferredBodyPoints":53,"time":1790872671.5899491,"uptime":1240047.6602504691}
SETUP_PROBE {"appearance":"light","dynamicTypeSize":"accessibility5","frame":[32,424.33333333333337,199.66666666666666,63.333333333333258],"id":"film-title","preferredBodyPoints":53,"time":1790872671.5900369,"uptime":1240047.6603393632}
SETUP_PROBE {"appearance":"light","dynamicTypeSize":"accessibility5","frame":[60,55.333333333333371,308,63.333333333333371],"id":"silent-capture","preferredBodyPoints":53,"time":1790872671.590122,"uptime":1240047.660423741}
SETUP_PROBE {"appearance":"light","dynamicTypeSize":"accessibility5","frame":[32,-162,302.66666666666663,187.33333333333337],"id":"camera-description","preferredBodyPoints":53,"time":1790872671.590205,"uptime":1240047.6605072971}
SETUP_PROBE {"appearance":"light","dynamicTypeSize":"accessibility5","frame":[32,148.66666666666674,249.66666666666663,125.33333333333337],"id":"orientation-label","preferredBodyPoints":53,"time":1790872671.5902882,"uptime":1240047.6605896631}
SETUP_VIEWPORT {"bounds":[0,612.33333333333337,402,708],"containerSize":[402,708],"contentSize":[402,2089.333333333333],"event":"scroll","insets":[70,0,34,0],"offset":[0,612.33333333333337],"time":1790872671.6058211,"uptime":1240047.676124407,"visibleRect":[0,612.33333333333337,402,812]}
SETUP_PROBE {"appearance":"light","dynamicTypeSize":"accessibility5","frame":[32,1460.6666666666665,217.33333333333331,63.333333333333485],"id":"load-film","preferredBodyPoints":53,"time":1790872671.605994,"uptime":1240047.6762960881}
SETUP_PROBE {"appearance":"light","dynamicTypeSize":"accessibility5","frame":[32,685.33333333333337,333.33333333333337,187.33333333333326],"id":"trial-label","preferredBodyPoints":53,"time":1790872671.60607,"uptime":1240047.6763715472}
SETUP_PROBE {"appearance":"light","dynamicTypeSize":"accessibility5","frame":[32,423.66666666666663,199.66666666666666,63.333333333333258],"id":"film-title","preferredBodyPoints":53,"time":1790872671.606132,"uptime":1240047.6764339742}
SETUP_PROBE {"appearance":"light","dynamicTypeSize":"accessibility5","frame":[60,54.666666666666629,308,63.333333333333371],"id":"silent-capture","preferredBodyPoints":53,"time":1790872671.6061921,"uptime":1240047.6764940021}
SETUP_PROBE {"appearance":"light","dynamicTypeSize":"accessibility5","frame":[32,-162.66666666666674,302.66666666666663,187.33333333333337],"id":"camera-description","preferredBodyPoints":53,"time":1790872671.606251,"uptime":1240047.676552214}
SETUP_PROBE {"appearance":"light","dynamicTypeSize":"accessibility5","frame":[32,148,249.66666666666663,125.33333333333337],"id":"orientation-label","preferredBodyPoints":53,"time":1790872671.6063089,"uptime":1240047.6766103161}
SETUP_VIEWPORT {"bounds":[0,613,402,708],"containerSize":[402,708],"contentSize":[402,2089.333333333333],"event":"scroll","insets":[70,0,34,0],"offset":[0,613],"time":1790872671.622498,"uptime":1240047.6928011961,"visibleRect":[0,613,402,812]}
SETUP_PROBE {"appearance":"light","dynamicTypeSize":"accessibility5","frame":[32,1460,217.33333333333331,63.333333333333485],"id":"load-film","preferredBodyPoints":53,"time":1790872671.6226721,"uptime":1240047.692973983}
SETUP_PROBE {"appearance":"light","dynamicTypeSize":"accessibility5","frame":[32,684.66666666666674,333.33333333333337,187.33333333333326],"id":"trial-label","preferredBodyPoints":53,"time":1790872671.6227469,"uptime":1240047.693048998}
SETUP_PROBE {"appearance":"light","dynamicTypeSize":"accessibility5","frame":[32,423,199.66666666666666,63.333333333333258],"id":"film-title","preferredBodyPoints":53,"time":1790872671.622813,"uptime":1240047.6931143461}
SETUP_PROBE {"appearance":"light","dynamicTypeSize":"accessibility5","frame":[60,54,308,63.333333333333371],"id":"silent-capture","preferredBodyPoints":53,"time":1790872671.6228728,"uptime":1240047.6931739221}
SETUP_PROBE {"appearance":"light","dynamicTypeSize":"accessibility5","frame":[32,-163.33333333333337,302.66666666666663,187.33333333333337],"id":"camera-description","preferredBodyPoints":53,"time":1790872671.62293,"uptime":1240047.693231489}
SETUP_PROBE {"appearance":"light","dynamicTypeSize":"accessibility5","frame":[32,147.33333333333337,249.66666666666663,125.33333333333337],"id":"orientation-label","preferredBodyPoints":53,"time":1790872671.6229892,"uptime":1240047.693290449}
SETUP_VIEWPORT {"bounds":[0,614,402,708],"containerSize":[402,708],"contentSize":[402,2089.333333333333],"event":"scroll","insets":[70,0,34,0],"offset":[0,614],"time":1790872671.6394989,"uptime":1240047.709803229,"visibleRect":[0,614,402,812]}
SETUP_PROBE {"appearance":"light","dynamicTypeSize":"accessibility5","frame":[32,1459,217.33333333333331,63.333333333333485],"id":"load-film","preferredBodyPoints":53,"time":1790872671.639735,"uptime":1240047.7100366331}
SETUP_PROBE {"appearance":"light","dynamicTypeSize":"accessibility5","frame":[32,683.66666666666674,333.33333333333337,187.33333333333326],"id":"trial-label","preferredBodyPoints":53,"time":1790872671.639847,"uptime":1240047.7101483152}
SETUP_PROBE {"appearance":"light","dynamicTypeSize":"accessibility5","frame":[32,422,199.66666666666666,63.333333333333258],"id":"film-title","preferredBodyPoints":53,"time":1790872671.6399441,"uptime":1240047.7102451141}
SETUP_PROBE {"appearance":"light","dynamicTypeSize":"accessibility5","frame":[60,53,308,63.333333333333371],"id":"silent-capture","preferredBodyPoints":53,"time":1790872671.6400371,"uptime":1240047.710338813}
SETUP_PROBE {"appearance":"light","dynamicTypeSize":"accessibility5","frame":[32,-164.33333333333337,302.66666666666663,187.33333333333337],"id":"camera-description","preferredBodyPoints":53,"time":1790872671.6401291,"uptime":1240047.7104305062}
SETUP_PROBE {"appearance":"light","dynamicTypeSize":"accessibility5","frame":[32,146.33333333333337,249.66666666666663,125.33333333333337],"id":"orientation-label","preferredBodyPoints":53,"time":1790872671.640218,"uptime":1240047.7105195581}
SETUP_VIEWPORT {"bounds":[0,614.33333333333337,402,708],"containerSize":[402,708],"contentSize":[402,2089.333333333333],"event":"scroll","insets":[70,0,34,0],"offset":[0,614.33333333333337],"time":1790872671.6559501,"uptime":1240047.7262541552,"visibleRect":[0,614.33333333333337,402,812]}
SETUP_PROBE {"appearance":"light","dynamicTypeSize":"accessibility5","frame":[32,1458.6666666666665,217.33333333333331,63.333333333333485],"id":"load-film","preferredBodyPoints":53,"time":1790872671.656141,"uptime":1240047.7264434302}
SETUP_PROBE {"appearance":"light","dynamicTypeSize":"accessibility5","frame":[32,683.33333333333337,333.33333333333337,187.33333333333326],"id":"trial-label","preferredBodyPoints":53,"time":1790872671.6562171,"uptime":1240047.7265182522}
SETUP_PROBE {"appearance":"light","dynamicTypeSize":"accessibility5","frame":[32,421.66666666666663,199.66666666666666,63.333333333333258],"id":"film-title","preferredBodyPoints":53,"time":1790872671.6562791,"uptime":1240047.726580139}
SETUP_PROBE {"appearance":"light","dynamicTypeSize":"accessibility5","frame":[60,52.666666666666629,308,63.333333333333371],"id":"silent-capture","preferredBodyPoints":53,"time":1790872671.656338,"uptime":1240047.7266390661}
SETUP_PROBE {"appearance":"light","dynamicTypeSize":"accessibility5","frame":[32,-164.66666666666674,302.66666666666663,187.33333333333337],"id":"camera-description","preferredBodyPoints":53,"time":1790872671.6563959,"uptime":1240047.7266970091}
SETUP_PROBE {"appearance":"light","dynamicTypeSize":"accessibility5","frame":[32,146,249.66666666666663,125.33333333333337],"id":"orientation-label","preferredBodyPoints":53,"time":1790872671.6564531,"uptime":1240047.7267539361}
SETUP_VIEWPORT {"bounds":[0,615,402,708],"containerSize":[402,708],"contentSize":[402,2089.333333333333],"event":"scroll","insets":[70,0,34,0],"offset":[0,615],"time":1790872671.6727691,"uptime":1240047.7430723831,"visibleRect":[0,615,402,812]}
SETUP_PROBE {"appearance":"light","dynamicTypeSize":"accessibility5","frame":[32,1458,217.33333333333331,63.333333333333485],"id":"load-film","preferredBodyPoints":53,"time":1790872671.6729851,"uptime":1240047.7432867251}
SETUP_PROBE {"appearance":"light","dynamicTypeSize":"accessibility5","frame":[32,682.66666666666674,333.33333333333337,187.33333333333326],"id":"trial-label","preferredBodyPoints":53,"time":1790872671.673084,"uptime":1240047.7433854172}
SETUP_PROBE {"appearance":"light","dynamicTypeSize":"accessibility5","frame":[32,421,199.66666666666666,63.333333333333258],"id":"film-title","preferredBodyPoints":53,"time":1790872671.673172,"uptime":1240047.7434726371}
SETUP_PROBE {"appearance":"light","dynamicTypeSize":"accessibility5","frame":[60,52,308,63.333333333333371],"id":"silent-capture","preferredBodyPoints":53,"time":1790872671.6732531,"uptime":1240047.74355397}
SETUP_PROBE {"appearance":"light","dynamicTypeSize":"accessibility5","frame":[32,-165.33333333333337,302.66666666666663,187.33333333333337],"id":"camera-description","preferredBodyPoints":53,"time":1790872671.673501,"uptime":1240047.7438018471}
SETUP_PROBE {"appearance":"light","dynamicTypeSize":"accessibility5","frame":[32,145.33333333333337,249.66666666666663,125.33333333333337],"id":"orientation-label","preferredBodyPoints":53,"time":1790872671.6735868,"uptime":1240047.743888343}
SETUP_VIEWPORT {"bounds":[0,615.66666666666663,402,708],"containerSize":[402,708],"contentSize":[402,2089.333333333333],"event":"scroll","insets":[70,0,34,0],"offset":[0,615.66666666666663],"time":1790872671.6894631,"uptime":1240047.759766306,"visibleRect":[0,615.66666666666663,402,812]}
SETUP_PROBE {"appearance":"light","dynamicTypeSize":"accessibility5","frame":[32,1457.3333333333335,217.33333333333331,63.333333333333485],"id":"load-film","preferredBodyPoints":53,"time":1790872671.6896849,"uptime":1240047.7599858141}
SETUP_PROBE {"appearance":"light","dynamicTypeSize":"accessibility5","frame":[32,682.00000000000011,333.33333333333337,187.33333333333326],"id":"trial-label","preferredBodyPoints":53,"time":1790872671.6897831,"uptime":1240047.760083684}
SETUP_PROBE {"appearance":"light","dynamicTypeSize":"accessibility5","frame":[32,420.33333333333337,199.66666666666666,63.333333333333258],"id":"film-title","preferredBodyPoints":53,"time":1790872671.689872,"uptime":1240047.760172734}
SETUP_PROBE {"appearance":"light","dynamicTypeSize":"accessibility5","frame":[60,51.333333333333371,308,63.333333333333371],"id":"silent-capture","preferredBodyPoints":53,"time":1790872671.6899559,"uptime":1240047.760256828}
SETUP_PROBE {"appearance":"light","dynamicTypeSize":"accessibility5","frame":[32,-166,302.66666666666663,187.33333333333337],"id":"camera-description","preferredBodyPoints":53,"time":1790872671.691443,"uptime":1240047.7617440501}
SETUP_PROBE {"appearance":"light","dynamicTypeSize":"accessibility5","frame":[32,144.66666666666674,249.66666666666663,125.33333333333337],"id":"orientation-label","preferredBodyPoints":53,"time":1790872671.6915421,"uptime":1240047.7618433582}
SETUP_VIEWPORT {"bounds":[0,616.33333333333337,402,708],"containerSize":[402,708],"contentSize":[402,2089.333333333333],"event":"scroll","insets":[70,0,34,0],"offset":[0,616.33333333333337],"time":1790872671.7058811,"uptime":1240047.776183726,"visibleRect":[0,616.33333333333337,402,812]}
SETUP_PROBE {"appearance":"light","dynamicTypeSize":"accessibility5","frame":[32,1456.6666666666665,217.33333333333331,63.333333333333485],"id":"load-film","preferredBodyPoints":53,"time":1790872671.7061491,"uptime":1240047.7764500231}
SETUP_PROBE {"appearance":"light","dynamicTypeSize":"accessibility5","frame":[32,681.33333333333337,333.33333333333337,187.33333333333326],"id":"trial-label","preferredBodyPoints":53,"time":1790872671.706228,"uptime":1240047.7765288372}
SETUP_PROBE {"appearance":"light","dynamicTypeSize":"accessibility5","frame":[32,419.66666666666663,199.66666666666666,63.333333333333258],"id":"film-title","preferredBodyPoints":53,"time":1790872671.706291,"uptime":1240047.7765911201}
SETUP_PROBE {"appearance":"light","dynamicTypeSize":"accessibility5","frame":[60,50.666666666666629,308,63.333333333333371],"id":"silent-capture","preferredBodyPoints":53,"time":1790872671.7063489,"uptime":1240047.7766496751}
SETUP_PROBE {"appearance":"light","dynamicTypeSize":"accessibility5","frame":[32,-166.66666666666674,302.66666666666663,187.33333333333337],"id":"camera-description","preferredBodyPoints":53,"time":1790872671.7064071,"uptime":1240047.7767073922}
SETUP_PROBE {"appearance":"light","dynamicTypeSize":"accessibility5","frame":[32,144,249.66666666666663,125.33333333333337],"id":"orientation-label","preferredBodyPoints":53,"time":1790872671.706466,"uptime":1240047.7767666341}
SETUP_VIEWPORT {"bounds":[0,617,402,708],"containerSize":[402,708],"contentSize":[402,2089.333333333333],"event":"scroll","insets":[70,0,34,0],"offset":[0,617],"time":1790872671.7224469,"uptime":1240047.7927489642,"visibleRect":[0,617,402,812]}
SETUP_PROBE {"appearance":"light","dynamicTypeSize":"accessibility5","frame":[32,1456,217.33333333333331,63.333333333333485],"id":"load-film","preferredBodyPoints":53,"time":1790872671.7226119,"uptime":1240047.792912307}
SETUP_PROBE {"appearance":"light","dynamicTypeSize":"accessibility5","frame":[32,680.66666666666674,333.33333333333337,187.33333333333326],"id":"trial-label","preferredBodyPoints":53,"time":1790872671.7226839,"uptime":1240047.792984064}
SETUP_PROBE {"appearance":"light","dynamicTypeSize":"accessibility5","frame":[32,419,199.66666666666666,63.333333333333258],"id":"film-title","preferredBodyPoints":53,"time":1790872671.7227459,"uptime":1240047.7930459871}
SETUP_PROBE {"appearance":"light","dynamicTypeSize":"accessibility5","frame":[60,50,308,63.333333333333371],"id":"silent-capture","preferredBodyPoints":53,"time":1790872671.7228041,"uptime":1240047.793104792}
SETUP_PROBE {"appearance":"light","dynamicTypeSize":"accessibility5","frame":[32,-167.33333333333337,302.66666666666663,187.33333333333337],"id":"camera-description","preferredBodyPoints":53,"time":1790872671.7228611,"uptime":1240047.7931617391}
SETUP_PROBE {"appearance":"light","dynamicTypeSize":"accessibility5","frame":[32,143.33333333333337,249.66666666666663,125.33333333333337],"id":"orientation-label","preferredBodyPoints":53,"time":1790872671.722918,"uptime":1240047.793218377}
SETUP_VIEWPORT {"bounds":[0,617.33333333333337,402,708],"containerSize":[402,708],"contentSize":[402,2089.333333333333],"event":"scroll","insets":[70,0,34,0],"offset":[0,617.33333333333337],"time":1790872671.739146,"uptime":1240047.809448384,"visibleRect":[0,617.33333333333337,402,812]}
SETUP_PROBE {"appearance":"light","dynamicTypeSize":"accessibility5","frame":[32,1455.6666666666665,217.33333333333331,63.333333333333485],"id":"load-film","preferredBodyPoints":53,"time":1790872671.7393179,"uptime":1240047.809618135}
SETUP_PROBE {"appearance":"light","dynamicTypeSize":"accessibility5","frame":[32,680.33333333333337,333.33333333333337,187.33333333333326],"id":"trial-label","preferredBodyPoints":53,"time":1790872671.739392,"uptime":1240047.8096926021}
SETUP_PROBE {"appearance":"light","dynamicTypeSize":"accessibility5","frame":[32,418.66666666666663,199.66666666666666,63.333333333333258],"id":"film-title","preferredBodyPoints":53,"time":1790872671.7394562,"uptime":1240047.8097561221}
SETUP_PROBE {"appearance":"light","dynamicTypeSize":"accessibility5","frame":[60,49.666666666666629,308,63.333333333333371],"id":"silent-capture","preferredBodyPoints":53,"time":1790872671.7395148,"uptime":1240047.8098153372}
SETUP_PROBE {"appearance":"light","dynamicTypeSize":"accessibility5","frame":[32,-167.66666666666674,302.66666666666663,187.33333333333337],"id":"camera-description","preferredBodyPoints":53,"time":1790872671.739573,"uptime":1240047.809873271}
SETUP_PROBE {"appearance":"light","dynamicTypeSize":"accessibility5","frame":[32,143,249.66666666666663,125.33333333333337],"id":"orientation-label","preferredBodyPoints":53,"time":1790872671.7396312,"uptime":1240047.8099306121}
SETUP_VIEWPORT {"bounds":[0,618,402,708],"containerSize":[402,708],"contentSize":[402,2089.333333333333],"event":"scroll","insets":[70,0,34,0],"offset":[0,618],"time":1790872671.7557621,"uptime":1240047.826063842,"visibleRect":[0,618,402,812]}
SETUP_PROBE {"appearance":"light","dynamicTypeSize":"accessibility5","frame":[32,1455,217.33333333333331,63.333333333333485],"id":"load-film","preferredBodyPoints":53,"time":1790872671.755924,"uptime":1240047.8262240901}
SETUP_PROBE {"appearance":"light","dynamicTypeSize":"accessibility5","frame":[32,679.66666666666674,333.33333333333337,187.33333333333326],"id":"trial-label","preferredBodyPoints":53,"time":1790872671.755995,"uptime":1240047.826294763}
SETUP_PROBE {"appearance":"light","dynamicTypeSize":"accessibility5","frame":[32,418,199.66666666666666,63.333333333333258],"id":"film-title","preferredBodyPoints":53,"time":1790872671.756057,"uptime":1240047.8263567211}
SETUP_PROBE {"appearance":"light","dynamicTypeSize":"accessibility5","frame":[60,49,308,63.333333333333371],"id":"silent-capture","preferredBodyPoints":53,"time":1790872671.7561159,"uptime":1240047.826415698}
SETUP_PROBE {"appearance":"light","dynamicTypeSize":"accessibility5","frame":[32,-168.33333333333337,302.66666666666663,187.33333333333337],"id":"camera-description","preferredBodyPoints":53,"time":1790872671.7561731,"uptime":1240047.826473}
SETUP_PROBE {"appearance":"light","dynamicTypeSize":"accessibility5","frame":[32,142.33333333333337,249.66666666666663,125.33333333333337],"id":"orientation-label","preferredBodyPoints":53,"time":1790872671.756232,"uptime":1240047.826532389}
SETUP_VIEWPORT {"bounds":[0,618.66666666666663,402,708],"containerSize":[402,708],"contentSize":[402,2089.333333333333],"event":"scroll","insets":[70,0,34,0],"offset":[0,618.66666666666663],"time":1790872671.772737,"uptime":1240047.843039704,"visibleRect":[0,618.66666666666663,402,812]}
SETUP_PROBE {"appearance":"light","dynamicTypeSize":"accessibility5","frame":[32,1454.3333333333335,217.33333333333331,63.333333333333485],"id":"load-film","preferredBodyPoints":53,"time":1790872671.7729311,"uptime":1240047.8432311181}
SETUP_PROBE {"appearance":"light","dynamicTypeSize":"accessibility5","frame":[32,679.00000000000011,333.33333333333337,187.33333333333326],"id":"trial-label","preferredBodyPoints":53,"time":1790872671.773006,"uptime":1240047.843305446}
SETUP_PROBE {"appearance":"light","dynamicTypeSize":"accessibility5","frame":[32,417.33333333333337,199.66666666666666,63.333333333333258],"id":"film-title","preferredBodyPoints":53,"time":1790872671.7730711,"uptime":1240047.843370728}
SETUP_PROBE {"appearance":"light","dynamicTypeSize":"accessibility5","frame":[60,48.333333333333371,308,63.333333333333371],"id":"silent-capture","preferredBodyPoints":53,"time":1790872671.7731318,"uptime":1240047.843431764}
SETUP_PROBE {"appearance":"light","dynamicTypeSize":"accessibility5","frame":[32,-169,302.66666666666663,187.33333333333337],"id":"camera-description","preferredBodyPoints":53,"time":1790872671.773191,"uptime":1240047.8434910672}
SETUP_PROBE {"appearance":"light","dynamicTypeSize":"accessibility5","frame":[32,141.66666666666674,249.66666666666663,125.33333333333337],"id":"orientation-label","preferredBodyPoints":53,"time":1790872671.7732501,"uptime":1240047.8435500921}
SETUP_VIEWPORT {"bounds":[0,619,402,708],"containerSize":[402,708],"contentSize":[402,2089.333333333333],"event":"scroll","insets":[70,0,34,0],"offset":[0,619],"time":1790872671.7894721,"uptime":1240047.859774,"visibleRect":[0,619,402,812]}
SETUP_PROBE {"appearance":"light","dynamicTypeSize":"accessibility5","frame":[32,1454,217.33333333333331,63.333333333333485],"id":"load-film","preferredBodyPoints":53,"time":1790872671.7896981,"uptime":1240047.859997872}
SETUP_PROBE {"appearance":"light","dynamicTypeSize":"accessibility5","frame":[32,678.66666666666674,333.33333333333337,187.33333333333326],"id":"trial-label","preferredBodyPoints":53,"time":1790872671.789803,"uptime":1240047.86010302}
SETUP_PROBE {"appearance":"light","dynamicTypeSize":"accessibility5","frame":[32,417,199.66666666666666,63.333333333333258],"id":"film-title","preferredBodyPoints":53,"time":1790872671.7898941,"uptime":1240047.8601938381}
SETUP_PROBE {"appearance":"light","dynamicTypeSize":"accessibility5","frame":[60,48,308,63.333333333333371],"id":"silent-capture","preferredBodyPoints":53,"time":1790872671.7899849,"uptime":1240047.8602843641}
SETUP_PROBE {"appearance":"light","dynamicTypeSize":"accessibility5","frame":[32,-169.33333333333337,302.66666666666663,187.33333333333337],"id":"camera-description","preferredBodyPoints":53,"time":1790872671.7938681,"uptime":1240047.8641675911}
SETUP_PROBE {"appearance":"light","dynamicTypeSize":"accessibility5","frame":[32,141.33333333333337,249.66666666666663,125.33333333333337],"id":"orientation-label","preferredBodyPoints":53,"time":1790872671.793993,"uptime":1240047.864293165}
SETUP_VIEWPORT {"bounds":[0,619.66666666666663,402,708],"containerSize":[402,708],"contentSize":[402,2089.333333333333],"event":"scroll","insets":[70,0,34,0],"offset":[0,619.66666666666663],"time":1790872671.8060341,"uptime":1240047.8763358241,"visibleRect":[0,619.66666666666663,402,812]}
SETUP_PROBE {"appearance":"light","dynamicTypeSize":"accessibility5","frame":[32,1453.3333333333335,217.33333333333331,63.333333333333485],"id":"load-film","preferredBodyPoints":53,"time":1790872671.806226,"uptime":1240047.8765255231}
SETUP_PROBE {"appearance":"light","dynamicTypeSize":"accessibility5","frame":[32,678.00000000000011,333.33333333333337,187.33333333333326],"id":"trial-label","preferredBodyPoints":53,"time":1790872671.8063068,"uptime":1240047.876606504}
SETUP_PROBE {"appearance":"light","dynamicTypeSize":"accessibility5","frame":[32,416.33333333333337,199.66666666666666,63.333333333333258],"id":"film-title","preferredBodyPoints":53,"time":1790872671.806371,"uptime":1240047.8766701631}
SETUP_PROBE {"appearance":"light","dynamicTypeSize":"accessibility5","frame":[60,47.333333333333371,308,63.333333333333371],"id":"silent-capture","preferredBodyPoints":53,"time":1790872671.8064299,"uptime":1240047.8767293321}
SETUP_PROBE {"appearance":"light","dynamicTypeSize":"accessibility5","frame":[32,-170,302.66666666666663,187.33333333333337],"id":"camera-description","preferredBodyPoints":53,"time":1790872671.806488,"uptime":1240047.876787784}
SETUP_PROBE {"appearance":"light","dynamicTypeSize":"accessibility5","frame":[32,140.66666666666674,249.66666666666663,125.33333333333337],"id":"orientation-label","preferredBodyPoints":53,"time":1790872671.806546,"uptime":1240047.876845394}
SETUP_VIEWPORT {"bounds":[0,620,402,708],"containerSize":[402,708],"contentSize":[402,2089.333333333333],"event":"scroll","insets":[70,0,34,0],"offset":[0,620],"time":1790872671.822603,"uptime":1240047.892904008,"visibleRect":[0,620,402,812]}
SETUP_PROBE {"appearance":"light","dynamicTypeSize":"accessibility5","frame":[32,1453,217.33333333333331,63.333333333333485],"id":"load-film","preferredBodyPoints":53,"time":1790872671.8228102,"uptime":1240047.8931097961}
SETUP_PROBE {"appearance":"light","dynamicTypeSize":"accessibility5","frame":[32,677.66666666666674,333.33333333333337,187.33333333333326],"id":"trial-label","preferredBodyPoints":53,"time":1790872671.822907,"uptime":1240047.893206073}
SETUP_PROBE {"appearance":"light","dynamicTypeSize":"accessibility5","frame":[32,416,199.66666666666666,63.333333333333258],"id":"film-title","preferredBodyPoints":53,"time":1790872671.8229909,"uptime":1240047.8932906981}
SETUP_PROBE {"appearance":"light","dynamicTypeSize":"accessibility5","frame":[60,47,308,63.333333333333371],"id":"silent-capture","preferredBodyPoints":53,"time":1790872671.82307,"uptime":1240047.8933695192}
SETUP_PROBE {"appearance":"light","dynamicTypeSize":"accessibility5","frame":[32,-170.33333333333337,302.66666666666663,187.33333333333337],"id":"camera-description","preferredBodyPoints":53,"time":1790872671.823456,"uptime":1240047.8937554711}
SETUP_PROBE {"appearance":"light","dynamicTypeSize":"accessibility5","frame":[32,140.33333333333337,249.66666666666663,125.33333333333337],"id":"orientation-label","preferredBodyPoints":53,"time":1790872671.82354,"uptime":1240047.8938394422}
SETUP_VIEWPORT {"bounds":[0,620.33333333333337,402,708],"containerSize":[402,708],"contentSize":[402,2089.333333333333],"event":"scroll","insets":[70,0,34,0],"offset":[0,620.33333333333337],"time":1790872671.8394551,"uptime":1240047.9097568011,"visibleRect":[0,620.33333333333337,402,812]}
SETUP_PROBE {"appearance":"light","dynamicTypeSize":"accessibility5","frame":[32,1452.6666666666665,217.33333333333331,63.333333333333485],"id":"load-film","preferredBodyPoints":53,"time":1790872671.8396831,"uptime":1240047.9099824501}
SETUP_PROBE {"appearance":"light","dynamicTypeSize":"accessibility5","frame":[32,677.33333333333337,333.33333333333337,187.33333333333326],"id":"trial-label","preferredBodyPoints":53,"time":1790872671.839783,"uptime":1240047.910082001}
SETUP_PROBE {"appearance":"light","dynamicTypeSize":"accessibility5","frame":[32,415.66666666666663,199.66666666666666,63.333333333333258],"id":"film-title","preferredBodyPoints":53,"time":1790872671.8398709,"uptime":1240047.9101697712}
SETUP_PROBE {"appearance":"light","dynamicTypeSize":"accessibility5","frame":[60,46.666666666666629,308,63.333333333333371],"id":"silent-capture","preferredBodyPoints":53,"time":1790872671.8399539,"uptime":1240047.910253285}
SETUP_PROBE {"appearance":"light","dynamicTypeSize":"accessibility5","frame":[32,-170.66666666666674,302.66666666666663,187.33333333333337],"id":"camera-description","preferredBodyPoints":53,"time":1790872671.84411,"uptime":1240047.914411346}
SETUP_PROBE {"appearance":"light","dynamicTypeSize":"accessibility5","frame":[32,140,249.66666666666663,125.33333333333337],"id":"orientation-label","preferredBodyPoints":53,"time":1790872671.844249,"uptime":1240047.914548435}
SETUP_VIEWPORT {"bounds":[0,621,402,708],"containerSize":[402,708],"contentSize":[402,2089.333333333333],"event":"scroll","insets":[70,0,34,0],"offset":[0,621],"time":1790872671.8564348,"uptime":1240047.9267380012,"visibleRect":[0,621,402,812]}
SETUP_PROBE {"appearance":"light","dynamicTypeSize":"accessibility5","frame":[32,1452,217.33333333333331,63.333333333333485],"id":"load-film","preferredBodyPoints":53,"time":1790872671.8567309,"uptime":1240047.9270307121}
SETUP_PROBE {"appearance":"light","dynamicTypeSize":"accessibility5","frame":[32,676.66666666666674,333.33333333333337,187.33333333333326],"id":"trial-label","preferredBodyPoints":53,"time":1790872671.8568439,"uptime":1240047.92714278}
SETUP_PROBE {"appearance":"light","dynamicTypeSize":"accessibility5","frame":[32,415,199.66666666666666,63.333333333333258],"id":"film-title","preferredBodyPoints":53,"time":1790872671.8569369,"uptime":1240047.927236032}
SETUP_PROBE {"appearance":"light","dynamicTypeSize":"accessibility5","frame":[60,46,308,63.333333333333371],"id":"silent-capture","preferredBodyPoints":53,"time":1790872671.857023,"uptime":1240047.927322}
SETUP_PROBE {"appearance":"light","dynamicTypeSize":"accessibility5","frame":[32,-171.33333333333337,302.66666666666663,187.33333333333337],"id":"camera-description","preferredBodyPoints":53,"time":1790872671.8582768,"uptime":1240047.9285770322}
SETUP_PROBE {"appearance":"light","dynamicTypeSize":"accessibility5","frame":[32,139.33333333333337,249.66666666666663,125.33333333333337],"id":"orientation-label","preferredBodyPoints":53,"time":1790872671.8583841,"uptime":1240047.9286828721}
SETUP_VIEWPORT {"bounds":[0,621.33333333333337,402,708],"containerSize":[402,708],"contentSize":[402,2089.333333333333],"event":"scroll","insets":[70,0,34,0],"offset":[0,621.33333333333337],"time":1790872671.872524,"uptime":1240047.942825312,"visibleRect":[0,621.33333333333337,402,812]}
SETUP_PROBE {"appearance":"light","dynamicTypeSize":"accessibility5","frame":[32,1451.6666666666665,217.33333333333331,63.333333333333485],"id":"load-film","preferredBodyPoints":53,"time":1790872671.8727131,"uptime":1240047.9430119211}
SETUP_PROBE {"appearance":"light","dynamicTypeSize":"accessibility5","frame":[32,676.33333333333337,333.33333333333337,187.33333333333326],"id":"trial-label","preferredBodyPoints":53,"time":1790872671.872792,"uptime":1240047.9430912291}
SETUP_PROBE {"appearance":"light","dynamicTypeSize":"accessibility5","frame":[32,414.66666666666663,199.66666666666666,63.333333333333258],"id":"film-title","preferredBodyPoints":53,"time":1790872671.8728549,"uptime":1240047.9431538181}
SETUP_PROBE {"appearance":"light","dynamicTypeSize":"accessibility5","frame":[60,45.666666666666629,308,63.333333333333371],"id":"silent-capture","preferredBodyPoints":53,"time":1790872671.872915,"uptime":1240047.9432140051}
SETUP_PROBE {"appearance":"light","dynamicTypeSize":"accessibility5","frame":[32,-171.66666666666674,302.66666666666663,187.33333333333337],"id":"camera-description","preferredBodyPoints":53,"time":1790872671.8729739,"uptime":1240047.9432724901}
SETUP_PROBE {"appearance":"light","dynamicTypeSize":"accessibility5","frame":[32,139,249.66666666666663,125.33333333333337],"id":"orientation-label","preferredBodyPoints":53,"time":1790872671.8730311,"uptime":1240047.943329857}
SETUP_VIEWPORT {"bounds":[0,621.66666666666663,402,708],"containerSize":[402,708],"contentSize":[402,2089.333333333333],"event":"scroll","insets":[70,0,34,0],"offset":[0,621.66666666666663],"time":1790872671.889498,"uptime":1240047.959799557,"visibleRect":[0,621.66666666666663,402,812]}
SETUP_PROBE {"appearance":"light","dynamicTypeSize":"accessibility5","frame":[32,1451.3333333333335,217.33333333333331,63.333333333333485],"id":"load-film","preferredBodyPoints":53,"time":1790872671.889729,"uptime":1240047.960028209}
SETUP_PROBE {"appearance":"light","dynamicTypeSize":"accessibility5","frame":[32,676.00000000000011,333.33333333333337,187.33333333333326],"id":"trial-label","preferredBodyPoints":53,"time":1790872671.8898392,"uptime":1240047.960137422}
SETUP_PROBE {"appearance":"light","dynamicTypeSize":"accessibility5","frame":[32,414.33333333333337,199.66666666666666,63.333333333333258],"id":"film-title","preferredBodyPoints":53,"time":1790872671.8899322,"uptime":1240047.960230421}
SETUP_PROBE {"appearance":"light","dynamicTypeSize":"accessibility5","frame":[60,45.333333333333371,308,63.333333333333371],"id":"silent-capture","preferredBodyPoints":53,"time":1790872671.8900189,"uptime":1240047.960318065}
SETUP_PROBE {"appearance":"light","dynamicTypeSize":"accessibility5","frame":[32,-172,302.66666666666663,187.33333333333337],"id":"camera-description","preferredBodyPoints":53,"time":1790872671.8901072,"uptime":1240047.9604053041}
SETUP_PROBE {"appearance":"light","dynamicTypeSize":"accessibility5","frame":[32,138.66666666666674,249.66666666666663,125.33333333333337],"id":"orientation-label","preferredBodyPoints":53,"time":1790872671.890193,"uptime":1240047.9604913981}
SETUP_VIEWPORT {"bounds":[0,622.33333333333337,402,708],"containerSize":[402,708],"contentSize":[402,2089.333333333333],"event":"scroll","insets":[70,0,34,0],"offset":[0,622.33333333333337],"time":1790872671.9061232,"uptime":1240047.9764231851,"visibleRect":[0,622.33333333333337,402,812]}
SETUP_PROBE {"appearance":"light","dynamicTypeSize":"accessibility5","frame":[32,1450.6666666666665,217.33333333333331,63.333333333333485],"id":"load-film","preferredBodyPoints":53,"time":1790872671.906311,"uptime":1240047.976609488}
SETUP_PROBE {"appearance":"light","dynamicTypeSize":"accessibility5","frame":[32,675.33333333333337,333.33333333333337,187.33333333333326],"id":"trial-label","preferredBodyPoints":53,"time":1790872671.90639,"uptime":1240047.9766881261}
SETUP_PROBE {"appearance":"light","dynamicTypeSize":"accessibility5","frame":[32,413.66666666666663,199.66666666666666,63.333333333333258],"id":"film-title","preferredBodyPoints":53,"time":1790872671.9064531,"uptime":1240047.976751552}
SETUP_PROBE {"appearance":"light","dynamicTypeSize":"accessibility5","frame":[60,44.666666666666629,308,63.333333333333371],"id":"silent-capture","preferredBodyPoints":53,"time":1790872671.906513,"uptime":1240047.9768119471}
SETUP_PROBE {"appearance":"light","dynamicTypeSize":"accessibility5","frame":[32,-172.66666666666674,302.66666666666663,187.33333333333337],"id":"camera-description","preferredBodyPoints":53,"time":1790872671.906574,"uptime":1240047.976872443}
SETUP_PROBE {"appearance":"light","dynamicTypeSize":"accessibility5","frame":[32,138,249.66666666666663,125.33333333333337],"id":"orientation-label","preferredBodyPoints":53,"time":1790872671.9066381,"uptime":1240047.9769368521}
SETUP_VIEWPORT {"bounds":[0,622.66666666666663,402,708],"containerSize":[402,708],"contentSize":[402,2089.333333333333],"event":"scroll","insets":[70,0,34,0],"offset":[0,622.66666666666663],"time":1790872671.9225791,"uptime":1240047.9928791102,"visibleRect":[0,622.66666666666663,402,812]}
SETUP_PROBE {"appearance":"light","dynamicTypeSize":"accessibility5","frame":[32,1450.3333333333335,217.33333333333331,63.333333333333485],"id":"load-film","preferredBodyPoints":53,"time":1790872671.9227672,"uptime":1240047.993065285}
SETUP_PROBE {"appearance":"light","dynamicTypeSize":"accessibility5","frame":[32,675.00000000000011,333.33333333333337,187.33333333333326],"id":"trial-label","preferredBodyPoints":53,"time":1790872671.922842,"uptime":1240047.993140673}
SETUP_PROBE {"appearance":"light","dynamicTypeSize":"accessibility5","frame":[32,413.33333333333337,199.66666666666666,63.333333333333258],"id":"film-title","preferredBodyPoints":53,"time":1790872671.9229059,"uptime":1240047.9932040451}
SETUP_PROBE {"appearance":"light","dynamicTypeSize":"accessibility5","frame":[60,44.333333333333371,308,63.333333333333371],"id":"silent-capture","preferredBodyPoints":53,"time":1790872671.922967,"uptime":1240047.9932653531}
SETUP_PROBE {"appearance":"light","dynamicTypeSize":"accessibility5","frame":[32,-173,302.66666666666663,187.33333333333337],"id":"camera-description","preferredBodyPoints":53,"time":1790872671.9230261,"uptime":1240047.993324477}
SETUP_PROBE {"appearance":"light","dynamicTypeSize":"accessibility5","frame":[32,137.66666666666674,249.66666666666663,125.33333333333337],"id":"orientation-label","preferredBodyPoints":53,"time":1790872671.923084,"uptime":1240047.9933819592}
SETUP_VIEWPORT {"bounds":[0,623,402,708],"containerSize":[402,708],"contentSize":[402,2089.333333333333],"event":"scroll","insets":[70,0,34,0],"offset":[0,623],"time":1790872671.9394078,"uptime":1240048.0097085012,"visibleRect":[0,623,402,812]}
SETUP_PROBE {"appearance":"light","dynamicTypeSize":"accessibility5","frame":[32,1450,217.33333333333331,63.333333333333485],"id":"load-film","preferredBodyPoints":53,"time":1790872671.9396238,"uptime":1240048.0099221941}
SETUP_PROBE {"appearance":"light","dynamicTypeSize":"accessibility5","frame":[32,674.66666666666674,333.33333333333337,187.33333333333326],"id":"trial-label","preferredBodyPoints":53,"time":1790872671.9397202,"uptime":1240048.0100177061}
SETUP_PROBE {"appearance":"light","dynamicTypeSize":"accessibility5","frame":[32,413,199.66666666666666,63.333333333333258],"id":"film-title","preferredBodyPoints":53,"time":1790872671.9398031,"uptime":1240048.0101015}
SETUP_PROBE {"appearance":"light","dynamicTypeSize":"accessibility5","frame":[60,44,308,63.333333333333371],"id":"silent-capture","preferredBodyPoints":53,"time":1790872671.939883,"uptime":1240048.010181559}
SETUP_PROBE {"appearance":"light","dynamicTypeSize":"accessibility5","frame":[32,-173.33333333333337,302.66666666666663,187.33333333333337],"id":"camera-description","preferredBodyPoints":53,"time":1790872671.9399641,"uptime":1240048.010261832}
SETUP_PROBE {"appearance":"light","dynamicTypeSize":"accessibility5","frame":[32,137.33333333333337,249.66666666666663,125.33333333333337],"id":"orientation-label","preferredBodyPoints":53,"time":1790872671.940043,"uptime":1240048.0103408091}
SETUP_VIEWPORT {"bounds":[0,623.33333333333337,402,708],"containerSize":[402,708],"contentSize":[402,2089.333333333333],"event":"scroll","insets":[70,0,34,0],"offset":[0,623.33333333333337],"time":1790872671.955796,"uptime":1240048.026095452,"visibleRect":[0,623.33333333333337,402,812]}
SETUP_PROBE {"appearance":"light","dynamicTypeSize":"accessibility5","frame":[32,1449.6666666666665,217.33333333333331,63.333333333333485],"id":"load-film","preferredBodyPoints":53,"time":1790872671.9559631,"uptime":1240048.026261061}
SETUP_PROBE {"appearance":"light","dynamicTypeSize":"accessibility5","frame":[32,674.33333333333337,333.33333333333337,187.33333333333326],"id":"trial-label","preferredBodyPoints":53,"time":1790872671.9560361,"uptime":1240048.0263334361}
SETUP_PROBE {"appearance":"light","dynamicTypeSize":"accessibility5","frame":[32,412.66666666666663,199.66666666666666,63.333333333333258],"id":"film-title","preferredBodyPoints":53,"time":1790872671.956095,"uptime":1240048.0263933302}
SETUP_PROBE {"appearance":"light","dynamicTypeSize":"accessibility5","frame":[60,43.666666666666629,308,63.333333333333371],"id":"silent-capture","preferredBodyPoints":53,"time":1790872671.9561529,"uptime":1240048.026450702}
SETUP_PROBE {"appearance":"light","dynamicTypeSize":"accessibility5","frame":[32,-173.66666666666674,302.66666666666663,187.33333333333337],"id":"camera-description","preferredBodyPoints":53,"time":1790872671.9562089,"uptime":1240048.0265070181}
SETUP_PROBE {"appearance":"light","dynamicTypeSize":"accessibility5","frame":[32,137,249.66666666666663,125.33333333333337],"id":"orientation-label","preferredBodyPoints":53,"time":1790872671.956265,"uptime":1240048.026563253}
SETUP_VIEWPORT {"bounds":[0,623.66666666666663,402,708],"containerSize":[402,708],"contentSize":[402,2089.333333333333],"event":"scroll","insets":[70,0,34,0],"offset":[0,623.66666666666663],"time":1790872671.9724741,"uptime":1240048.0427739371,"visibleRect":[0,623.66666666666663,402,812]}
SETUP_PROBE {"appearance":"light","dynamicTypeSize":"accessibility5","frame":[32,1449.3333333333335,217.33333333333331,63.333333333333485],"id":"load-film","preferredBodyPoints":53,"time":1790872671.9726419,"uptime":1240048.0429397391}
SETUP_PROBE {"appearance":"light","dynamicTypeSize":"accessibility5","frame":[32,674.00000000000011,333.33333333333337,187.33333333333326],"id":"trial-label","preferredBodyPoints":53,"time":1790872671.9727159,"uptime":1240048.0430141571}
SETUP_PROBE {"appearance":"light","dynamicTypeSize":"accessibility5","frame":[32,412.33333333333337,199.66666666666666,63.333333333333258],"id":"film-title","preferredBodyPoints":53,"time":1790872671.972779,"uptime":1240048.043077104}
SETUP_PROBE {"appearance":"light","dynamicTypeSize":"accessibility5","frame":[60,43.333333333333371,308,63.333333333333371],"id":"silent-capture","preferredBodyPoints":53,"time":1790872671.9728389,"uptime":1240048.0431363932}
SETUP_PROBE {"appearance":"light","dynamicTypeSize":"accessibility5","frame":[32,-174,302.66666666666663,187.33333333333337],"id":"camera-description","preferredBodyPoints":53,"time":1790872671.972898,"uptime":1240048.0431955461}
SETUP_PROBE {"appearance":"light","dynamicTypeSize":"accessibility5","frame":[32,136.66666666666674,249.66666666666663,125.33333333333337],"id":"orientation-label","preferredBodyPoints":53,"time":1790872671.972954,"uptime":1240048.043252165}
SETUP_VIEWPORT {"bounds":[0,624,402,708],"containerSize":[402,708],"contentSize":[402,2089.333333333333],"event":"scroll","insets":[70,0,34,0],"offset":[0,624],"time":1790872671.9891181,"uptime":1240048.0594174401,"visibleRect":[0,624,402,812]}
SETUP_PROBE {"appearance":"light","dynamicTypeSize":"accessibility5","frame":[32,1449,217.33333333333331,63.333333333333485],"id":"load-film","preferredBodyPoints":53,"time":1790872671.989279,"uptime":1240048.059576618}
SETUP_PROBE {"appearance":"light","dynamicTypeSize":"accessibility5","frame":[32,673.66666666666674,333.33333333333337,187.33333333333326],"id":"trial-label","preferredBodyPoints":53,"time":1790872671.9893498,"uptime":1240048.059647921}
SETUP_PROBE {"appearance":"light","dynamicTypeSize":"accessibility5","frame":[32,412,199.66666666666666,63.333333333333258],"id":"film-title","preferredBodyPoints":53,"time":1790872671.989413,"uptime":1240048.059710447}
SETUP_PROBE {"appearance":"light","dynamicTypeSize":"accessibility5","frame":[60,43,308,63.333333333333371],"id":"silent-capture","preferredBodyPoints":53,"time":1790872671.989471,"uptime":1240048.0597688351}
SETUP_PROBE {"appearance":"light","dynamicTypeSize":"accessibility5","frame":[32,-174.33333333333337,302.66666666666663,187.33333333333337],"id":"camera-description","preferredBodyPoints":53,"time":1790872671.9895279,"uptime":1240048.059825615}
SETUP_PROBE {"appearance":"light","dynamicTypeSize":"accessibility5","frame":[32,136.33333333333337,249.66666666666663,125.33333333333337],"id":"orientation-label","preferredBodyPoints":53,"time":1790872671.989584,"uptime":1240048.05988172}
SETUP_VIEWPORT {"bounds":[0,624.33333333333337,402,708],"containerSize":[402,708],"contentSize":[402,2089.333333333333],"event":"scroll","insets":[70,0,34,0],"offset":[0,624.33333333333337],"time":1790872672.0057859,"uptime":1240048.0760854501,"visibleRect":[0,624.33333333333337,402,812]}
SETUP_PROBE {"appearance":"light","dynamicTypeSize":"accessibility5","frame":[32,1448.6666666666665,217.33333333333331,63.333333333333485],"id":"load-film","preferredBodyPoints":53,"time":1790872672.005949,"uptime":1240048.076247015}
SETUP_PROBE {"appearance":"light","dynamicTypeSize":"accessibility5","frame":[32,673.33333333333337,333.33333333333337,187.33333333333326],"id":"trial-label","preferredBodyPoints":53,"time":1790872672.006022,"uptime":1240048.0763196351}
SETUP_PROBE {"appearance":"light","dynamicTypeSize":"accessibility5","frame":[32,411.66666666666663,199.66666666666666,63.333333333333258],"id":"film-title","preferredBodyPoints":53,"time":1790872672.006083,"uptime":1240048.0763802361}
SETUP_PROBE {"appearance":"light","dynamicTypeSize":"accessibility5","frame":[60,42.666666666666629,308,63.333333333333371],"id":"silent-capture","preferredBodyPoints":53,"time":1790872672.00614,"uptime":1240048.0764373092}
SETUP_PROBE {"appearance":"light","dynamicTypeSize":"accessibility5","frame":[32,-174.66666666666674,302.66666666666663,187.33333333333337],"id":"camera-description","preferredBodyPoints":53,"time":1790872672.006196,"uptime":1240048.076493758}
SETUP_PROBE {"appearance":"light","dynamicTypeSize":"accessibility5","frame":[32,136,249.66666666666663,125.33333333333337],"id":"orientation-label","preferredBodyPoints":53,"time":1790872672.0062521,"uptime":1240048.0765495861}
SETUP_VIEWPORT {"bounds":[0,624.66666666666663,402,708],"containerSize":[402,708],"contentSize":[402,2089.333333333333],"event":"scroll","insets":[70,0,34,0],"offset":[0,624.66666666666663],"time":1790872672.022445,"uptime":1240048.0927445821,"visibleRect":[0,624.66666666666663,402,812]}
SETUP_PROBE {"appearance":"light","dynamicTypeSize":"accessibility5","frame":[32,1448.3333333333335,217.33333333333331,63.333333333333485],"id":"load-film","preferredBodyPoints":53,"time":1790872672.022615,"uptime":1240048.0929125401}
SETUP_PROBE {"appearance":"light","dynamicTypeSize":"accessibility5","frame":[32,673.00000000000011,333.33333333333337,187.33333333333326],"id":"trial-label","preferredBodyPoints":53,"time":1790872672.0226879,"uptime":1240048.092985702}
SETUP_PROBE {"appearance":"light","dynamicTypeSize":"accessibility5","frame":[32,411.33333333333337,199.66666666666666,63.333333333333258],"id":"film-title","preferredBodyPoints":53,"time":1790872672.0227489,"uptime":1240048.0930467281}
SETUP_PROBE {"appearance":"light","dynamicTypeSize":"accessibility5","frame":[60,42.333333333333371,308,63.333333333333371],"id":"silent-capture","preferredBodyPoints":53,"time":1790872672.0228081,"uptime":1240048.0931050361}
SETUP_PROBE {"appearance":"light","dynamicTypeSize":"accessibility5","frame":[32,-175,302.66666666666663,187.33333333333337],"id":"camera-description","preferredBodyPoints":53,"time":1790872672.0228639,"uptime":1240048.093161602}
SETUP_PROBE {"appearance":"light","dynamicTypeSize":"accessibility5","frame":[32,135.66666666666674,249.66666666666663,125.33333333333337],"id":"orientation-label","preferredBodyPoints":53,"time":1790872672.0229192,"uptime":1240048.0932166371}
SETUP_VIEWPORT {"bounds":[0,625,402,708],"containerSize":[402,708],"contentSize":[402,2089.333333333333],"event":"scroll","insets":[70,0,34,0],"offset":[0,625],"time":1790872672.0391321,"uptime":1240048.1094307362,"visibleRect":[0,625,402,812]}
SETUP_PROBE {"appearance":"light","dynamicTypeSize":"accessibility5","frame":[32,1448,217.33333333333331,63.333333333333485],"id":"load-film","preferredBodyPoints":53,"time":1790872672.03929,"uptime":1240048.1095874961}
SETUP_PROBE {"appearance":"light","dynamicTypeSize":"accessibility5","frame":[32,672.66666666666674,333.33333333333337,187.33333333333326],"id":"trial-label","preferredBodyPoints":53,"time":1790872672.039362,"uptime":1240048.109659347}
SETUP_PROBE {"appearance":"light","dynamicTypeSize":"accessibility5","frame":[32,411,199.66666666666666,63.333333333333258],"id":"film-title","preferredBodyPoints":53,"time":1790872672.0394239,"uptime":1240048.109721428}
SETUP_PROBE {"appearance":"light","dynamicTypeSize":"accessibility5","frame":[60,42,308,63.333333333333371],"id":"silent-capture","preferredBodyPoints":53,"time":1790872672.0394831,"uptime":1240048.1097796031}
SETUP_PROBE {"appearance":"light","dynamicTypeSize":"accessibility5","frame":[32,-175.33333333333337,302.66666666666663,187.33333333333337],"id":"camera-description","preferredBodyPoints":53,"time":1790872672.0395401,"uptime":1240048.109836583}
SETUP_PROBE {"appearance":"light","dynamicTypeSize":"accessibility5","frame":[32,135.33333333333337,249.66666666666663,125.33333333333337],"id":"orientation-label","preferredBodyPoints":53,"time":1790872672.039597,"uptime":1240048.109893996}
SETUP_VIEWPORT {"bounds":[0,625.33333333333337,402,708],"containerSize":[402,708],"contentSize":[402,2089.333333333333],"event":"scroll","insets":[70,0,34,0],"offset":[0,625.33333333333337],"time":1790872672.0559459,"uptime":1240048.1262446581,"visibleRect":[0,625.33333333333337,402,812]}
SETUP_PROBE {"appearance":"light","dynamicTypeSize":"accessibility5","frame":[32,1447.6666666666665,217.33333333333331,63.333333333333485],"id":"load-film","preferredBodyPoints":53,"time":1790872672.0561109,"uptime":1240048.126408482}
SETUP_PROBE {"appearance":"light","dynamicTypeSize":"accessibility5","frame":[32,672.33333333333337,333.33333333333337,187.33333333333326],"id":"trial-label","preferredBodyPoints":53,"time":1790872672.0561819,"uptime":1240048.126479195}
SETUP_PROBE {"appearance":"light","dynamicTypeSize":"accessibility5","frame":[32,410.66666666666663,199.66666666666666,63.333333333333258],"id":"film-title","preferredBodyPoints":53,"time":1790872672.056242,"uptime":1240048.126538414}
SETUP_PROBE {"appearance":"light","dynamicTypeSize":"accessibility5","frame":[60,41.666666666666629,308,63.333333333333371],"id":"silent-capture","preferredBodyPoints":53,"time":1790872672.056299,"uptime":1240048.1265955991}
SETUP_PROBE {"appearance":"light","dynamicTypeSize":"accessibility5","frame":[32,-175.66666666666674,302.66666666666663,187.33333333333337],"id":"camera-description","preferredBodyPoints":53,"time":1790872672.056354,"uptime":1240048.126650969}
SETUP_PROBE {"appearance":"light","dynamicTypeSize":"accessibility5","frame":[32,135,249.66666666666663,125.33333333333337],"id":"orientation-label","preferredBodyPoints":53,"time":1790872672.0564089,"uptime":1240048.126706257}
SETUP_VIEWPORT {"bounds":[0,625.66666666666663,402,708],"containerSize":[402,708],"contentSize":[402,2089.333333333333],"event":"scroll","insets":[70,0,34,0],"offset":[0,625.66666666666663],"time":1790872672.0727758,"uptime":1240048.1430746401,"visibleRect":[0,625.66666666666663,402,812]}
SETUP_PROBE {"appearance":"light","dynamicTypeSize":"accessibility5","frame":[32,1447.3333333333335,217.33333333333331,63.333333333333485],"id":"load-film","preferredBodyPoints":53,"time":1790872672.072974,"uptime":1240048.1432713571}
SETUP_PROBE {"appearance":"light","dynamicTypeSize":"accessibility5","frame":[32,672.00000000000011,333.33333333333337,187.33333333333326],"id":"trial-label","preferredBodyPoints":53,"time":1790872672.0730529,"uptime":1240048.143350004}
SETUP_PROBE {"appearance":"light","dynamicTypeSize":"accessibility5","frame":[32,410.33333333333337,199.66666666666666,63.333333333333258],"id":"film-title","preferredBodyPoints":53,"time":1790872672.073117,"uptime":1240048.1434136501}
SETUP_PROBE {"appearance":"light","dynamicTypeSize":"accessibility5","frame":[60,41.333333333333371,308,63.333333333333371],"id":"silent-capture","preferredBodyPoints":53,"time":1790872672.0731769,"uptime":1240048.143473736}
SETUP_PROBE {"appearance":"light","dynamicTypeSize":"accessibility5","frame":[32,-176,302.66666666666663,187.33333333333337],"id":"camera-description","preferredBodyPoints":53,"time":1790872672.073235,"uptime":1240048.143531919}
SETUP_PROBE {"appearance":"light","dynamicTypeSize":"accessibility5","frame":[32,134.66666666666674,249.66666666666663,125.33333333333337],"id":"orientation-label","preferredBodyPoints":53,"time":1790872672.0732951,"uptime":1240048.1435913541}
SETUP_VIEWPORT {"bounds":[0,626,402,708],"containerSize":[402,708],"contentSize":[402,2089.333333333333],"event":"scroll","insets":[70,0,34,0],"offset":[0,626],"time":1790872672.1057858,"uptime":1240048.176083819,"visibleRect":[0,626,402,812]}
SETUP_PROBE {"appearance":"light","dynamicTypeSize":"accessibility5","frame":[32,1447,217.33333333333331,63.333333333333485],"id":"load-film","preferredBodyPoints":53,"time":1790872672.1059508,"uptime":1240048.1762473551}
SETUP_PROBE {"appearance":"light","dynamicTypeSize":"accessibility5","frame":[32,671.66666666666674,333.33333333333337,187.33333333333326],"id":"trial-label","preferredBodyPoints":53,"time":1790872672.1060219,"uptime":1240048.176318205}
SETUP_PROBE {"appearance":"light","dynamicTypeSize":"accessibility5","frame":[32,410,199.66666666666666,63.333333333333258],"id":"film-title","preferredBodyPoints":53,"time":1790872672.106082,"uptime":1240048.176377994}
SETUP_PROBE {"appearance":"light","dynamicTypeSize":"accessibility5","frame":[60,41,308,63.333333333333371],"id":"silent-capture","preferredBodyPoints":53,"time":1790872672.106138,"uptime":1240048.1764344461}
SETUP_PROBE {"appearance":"light","dynamicTypeSize":"accessibility5","frame":[32,-176.33333333333337,302.66666666666663,187.33333333333337],"id":"camera-description","preferredBodyPoints":53,"time":1790872672.106194,"uptime":1240048.1764901942}
SETUP_PROBE {"appearance":"light","dynamicTypeSize":"accessibility5","frame":[32,134.33333333333337,249.66666666666663,125.33333333333337],"id":"orientation-label","preferredBodyPoints":53,"time":1790872672.10625,"uptime":1240048.1765465362}
SETUP_VIEWPORT {"bounds":[0,626.33333333333337,402,708],"containerSize":[402,708],"contentSize":[402,2089.333333333333],"event":"scroll","insets":[70,0,34,0],"offset":[0,626.33333333333337],"time":1790872672.122895,"uptime":1240048.193193611,"visibleRect":[0,626.33333333333337,402,812]}
SETUP_PROBE {"appearance":"light","dynamicTypeSize":"accessibility5","frame":[32,1446.6666666666665,217.33333333333331,63.333333333333485],"id":"load-film","preferredBodyPoints":53,"time":1790872672.1231351,"uptime":1240048.193431257}
SETUP_PROBE {"appearance":"light","dynamicTypeSize":"accessibility5","frame":[32,671.33333333333337,333.33333333333337,187.33333333333326],"id":"trial-label","preferredBodyPoints":53,"time":1790872672.123266,"uptime":1240048.1935623691}
SETUP_PROBE {"appearance":"light","dynamicTypeSize":"accessibility5","frame":[32,409.66666666666663,199.66666666666666,63.333333333333258],"id":"film-title","preferredBodyPoints":53,"time":1790872672.123353,"uptime":1240048.193649072}
SETUP_PROBE {"appearance":"light","dynamicTypeSize":"accessibility5","frame":[60,40.666666666666629,308,63.333333333333371],"id":"silent-capture","preferredBodyPoints":53,"time":1790872672.1234422,"uptime":1240048.193738159}
SETUP_PROBE {"appearance":"light","dynamicTypeSize":"accessibility5","frame":[32,-176.66666666666674,302.66666666666663,187.33333333333337],"id":"camera-description","preferredBodyPoints":53,"time":1790872672.1235271,"uptime":1240048.1938230761}
SETUP_PROBE {"appearance":"light","dynamicTypeSize":"accessibility5","frame":[32,134,249.66666666666663,125.33333333333337],"id":"orientation-label","preferredBodyPoints":53,"time":1790872672.1236091,"uptime":1240048.1939054942}
SETUP_VIEWPORT {"bounds":[0,626.66666666666663,402,708],"containerSize":[402,708],"contentSize":[402,2089.333333333333],"event":"scroll","insets":[70,0,34,0],"offset":[0,626.66666666666663],"time":1790872672.139519,"uptime":1240048.2098178861,"visibleRect":[0,626.66666666666663,402,812]}
SETUP_PROBE {"appearance":"light","dynamicTypeSize":"accessibility5","frame":[32,1446.3333333333335,217.33333333333331,63.333333333333485],"id":"load-film","preferredBodyPoints":53,"time":1790872672.139775,"uptime":1240048.2100717141}
SETUP_PROBE {"appearance":"light","dynamicTypeSize":"accessibility5","frame":[32,671.00000000000011,333.33333333333337,187.33333333333326],"id":"trial-label","preferredBodyPoints":53,"time":1790872672.1398859,"uptime":1240048.210181999}
SETUP_PROBE {"appearance":"light","dynamicTypeSize":"accessibility5","frame":[32,409.33333333333337,199.66666666666666,63.333333333333258],"id":"film-title","preferredBodyPoints":53,"time":1790872672.1399789,"uptime":1240048.2102750042}
SETUP_PROBE {"appearance":"light","dynamicTypeSize":"accessibility5","frame":[60,40.333333333333371,308,63.333333333333371],"id":"silent-capture","preferredBodyPoints":53,"time":1790872672.1400681,"uptime":1240048.2103642542}
SETUP_PROBE {"appearance":"light","dynamicTypeSize":"accessibility5","frame":[32,-177,302.66666666666663,187.33333333333337],"id":"camera-description","preferredBodyPoints":53,"time":1790872672.1401548,"uptime":1240048.2104511152}
SETUP_PROBE {"appearance":"light","dynamicTypeSize":"accessibility5","frame":[32,133.66666666666674,249.66666666666663,125.33333333333337],"id":"orientation-label","preferredBodyPoints":53,"time":1790872672.1402421,"uptime":1240048.2105381622}
SETUP_VIEWPORT {"bounds":[0,627,402,708],"containerSize":[402,708],"contentSize":[402,2089.333333333333],"event":"scroll","insets":[70,0,34,0],"offset":[0,627],"time":1790872672.172477,"uptime":1240048.2427748851,"visibleRect":[0,627,402,812]}
SETUP_PROBE {"appearance":"light","dynamicTypeSize":"accessibility5","frame":[32,1446,217.33333333333331,63.333333333333485],"id":"load-film","preferredBodyPoints":53,"time":1790872672.172647,"uptime":1240048.242942811}
SETUP_PROBE {"appearance":"light","dynamicTypeSize":"accessibility5","frame":[32,670.66666666666674,333.33333333333337,187.33333333333326],"id":"trial-label","preferredBodyPoints":53,"time":1790872672.1727219,"uptime":1240048.2430176581}
SETUP_PROBE {"appearance":"light","dynamicTypeSize":"accessibility5","frame":[32,409,199.66666666666666,63.333333333333258],"id":"film-title","preferredBodyPoints":53,"time":1790872672.172786,"uptime":1240048.2430818151}
SETUP_PROBE {"appearance":"light","dynamicTypeSize":"accessibility5","frame":[60,40,308,63.333333333333371],"id":"silent-capture","preferredBodyPoints":53,"time":1790872672.1728449,"uptime":1240048.243140602}
SETUP_PROBE {"appearance":"light","dynamicTypeSize":"accessibility5","frame":[32,-177.33333333333337,302.66666666666663,187.33333333333337],"id":"camera-description","preferredBodyPoints":53,"time":1790872672.1729031,"uptime":1240048.2431989282}
SETUP_PROBE {"appearance":"light","dynamicTypeSize":"accessibility5","frame":[32,133.33333333333337,249.66666666666663,125.33333333333337],"id":"orientation-label","preferredBodyPoints":53,"time":1790872672.172962,"uptime":1240048.2432578211}
SETUP_VIEWPORT {"bounds":[0,627.33333333333337,402,708],"containerSize":[402,708],"contentSize":[402,2089.333333333333],"event":"scroll","insets":[70,0,34,0],"offset":[0,627.33333333333337],"time":1790872672.1896,"uptime":1240048.2598981222,"visibleRect":[0,627.33333333333337,402,812]}
SETUP_PROBE {"appearance":"light","dynamicTypeSize":"accessibility5","frame":[32,1445.6666666666665,217.33333333333331,63.333333333333485],"id":"load-film","preferredBodyPoints":53,"time":1790872672.1898398,"uptime":1240048.2601363601}
SETUP_PROBE {"appearance":"light","dynamicTypeSize":"accessibility5","frame":[32,670.33333333333337,333.33333333333337,187.33333333333326],"id":"trial-label","preferredBodyPoints":53,"time":1790872672.189944,"uptime":1240048.2602399061}
SETUP_PROBE {"appearance":"light","dynamicTypeSize":"accessibility5","frame":[32,408.66666666666663,199.66666666666666,63.333333333333258],"id":"film-title","preferredBodyPoints":53,"time":1790872672.1900349,"uptime":1240048.2603302}
SETUP_PROBE {"appearance":"light","dynamicTypeSize":"accessibility5","frame":[60,39.666666666666629,308,63.333333333333371],"id":"silent-capture","preferredBodyPoints":53,"time":1790872672.190119,"uptime":1240048.2604149692}
SETUP_PROBE {"appearance":"light","dynamicTypeSize":"accessibility5","frame":[32,-177.66666666666674,302.66666666666663,187.33333333333337],"id":"camera-description","preferredBodyPoints":53,"time":1790872672.190202,"uptime":1240048.2604975051}
SETUP_PROBE {"appearance":"light","dynamicTypeSize":"accessibility5","frame":[32,133,249.66666666666663,125.33333333333337],"id":"orientation-label","preferredBodyPoints":53,"time":1790872672.1902862,"uptime":1240048.2605813041}
SETUP_VIEWPORT {"bounds":[0,627.66666666666663,402,708],"containerSize":[402,708],"contentSize":[402,2089.333333333333],"event":"scroll","insets":[70,0,34,0],"offset":[0,627.66666666666663],"time":1790872672.2224541,"uptime":1240048.2927513451,"visibleRect":[0,627.66666666666663,402,812]}
SETUP_PROBE {"appearance":"light","dynamicTypeSize":"accessibility5","frame":[32,1445.3333333333335,217.33333333333331,63.333333333333485],"id":"load-film","preferredBodyPoints":53,"time":1790872672.2226171,"uptime":1240048.2929121521}
SETUP_PROBE {"appearance":"light","dynamicTypeSize":"accessibility5","frame":[32,670.00000000000011,333.33333333333337,187.33333333333326],"id":"trial-label","preferredBodyPoints":53,"time":1790872672.2226892,"uptime":1240048.2929838561}
SETUP_PROBE {"appearance":"light","dynamicTypeSize":"accessibility5","frame":[32,408.33333333333337,199.66666666666666,63.333333333333258],"id":"film-title","preferredBodyPoints":53,"time":1790872672.2227511,"uptime":1240048.2930462311}
SETUP_PROBE {"appearance":"light","dynamicTypeSize":"accessibility5","frame":[60,39.333333333333371,308,63.333333333333371],"id":"silent-capture","preferredBodyPoints":53,"time":1790872672.222811,"uptime":1240048.2931058372}
SETUP_PROBE {"appearance":"light","dynamicTypeSize":"accessibility5","frame":[32,-178,302.66666666666663,187.33333333333337],"id":"camera-description","preferredBodyPoints":53,"time":1790872672.222868,"uptime":1240048.293163307}
SETUP_PROBE {"appearance":"light","dynamicTypeSize":"accessibility5","frame":[32,132.66666666666674,249.66666666666663,125.33333333333337],"id":"orientation-label","preferredBodyPoints":53,"time":1790872672.2229249,"uptime":1240048.2932200481}
SETUP_VIEWPORT {"bounds":[0,628,402,708],"containerSize":[402,708],"contentSize":[402,2089.333333333333],"event":"scroll","insets":[70,0,34,0],"offset":[0,628],"time":1790872672.2394052,"uptime":1240048.3097018991,"visibleRect":[0,628,402,812]}
SETUP_PROBE {"appearance":"light","dynamicTypeSize":"accessibility5","frame":[32,1445,217.33333333333331,63.333333333333485],"id":"load-film","preferredBodyPoints":53,"time":1790872672.2396231,"uptime":1240048.3099179182}
SETUP_PROBE {"appearance":"light","dynamicTypeSize":"accessibility5","frame":[32,669.66666666666674,333.33333333333337,187.33333333333326],"id":"trial-label","preferredBodyPoints":53,"time":1790872672.2397189,"uptime":1240048.3100146051}
SETUP_PROBE {"appearance":"light","dynamicTypeSize":"accessibility5","frame":[32,408,199.66666666666666,63.333333333333258],"id":"film-title","preferredBodyPoints":53,"time":1790872672.2398062,"uptime":1240048.3101009941}
SETUP_PROBE {"appearance":"light","dynamicTypeSize":"accessibility5","frame":[60,39,308,63.333333333333371],"id":"silent-capture","preferredBodyPoints":53,"time":1790872672.239886,"uptime":1240048.3101811211}
SETUP_PROBE {"appearance":"light","dynamicTypeSize":"accessibility5","frame":[32,-178.33333333333337,302.66666666666663,187.33333333333337],"id":"camera-description","preferredBodyPoints":53,"time":1790872672.2399678,"uptime":1240048.3102629101}
SETUP_PROBE {"appearance":"light","dynamicTypeSize":"accessibility5","frame":[32,132.33333333333337,249.66666666666663,125.33333333333337],"id":"orientation-label","preferredBodyPoints":53,"time":1790872672.2400498,"uptime":1240048.3103453401}
SETUP_VIEWPORT {"bounds":[0,628.33333333333337,402,708],"containerSize":[402,708],"contentSize":[402,2089.333333333333],"event":"scroll","insets":[70,0,34,0],"offset":[0,628.33333333333337],"time":1790872672.2724481,"uptime":1240048.342744159,"visibleRect":[0,628.33333333333337,402,812]}
SETUP_PROBE {"appearance":"light","dynamicTypeSize":"accessibility5","frame":[32,1444.6666666666665,217.33333333333331,63.333333333333485],"id":"load-film","preferredBodyPoints":53,"time":1790872672.2726099,"uptime":1240048.342904523}
SETUP_PROBE {"appearance":"light","dynamicTypeSize":"accessibility5","frame":[32,669.33333333333337,333.33333333333337,187.33333333333326],"id":"trial-label","preferredBodyPoints":53,"time":1790872672.2726841,"uptime":1240048.34297842}
SETUP_PROBE {"appearance":"light","dynamicTypeSize":"accessibility5","frame":[32,407.66666666666663,199.66666666666666,63.333333333333258],"id":"film-title","preferredBodyPoints":53,"time":1790872672.2727461,"uptime":1240048.343040728}
SETUP_PROBE {"appearance":"light","dynamicTypeSize":"accessibility5","frame":[60,38.666666666666629,308,63.333333333333371],"id":"silent-capture","preferredBodyPoints":53,"time":1790872672.272805,"uptime":1240048.343099264}
SETUP_PROBE {"appearance":"light","dynamicTypeSize":"accessibility5","frame":[32,-178.66666666666674,302.66666666666663,187.33333333333337],"id":"camera-description","preferredBodyPoints":53,"time":1790872672.2728629,"uptime":1240048.3431580351}
SETUP_PROBE {"appearance":"light","dynamicTypeSize":"accessibility5","frame":[32,132,249.66666666666663,125.33333333333337],"id":"orientation-label","preferredBodyPoints":53,"time":1790872672.2729201,"uptime":1240048.3432145081}
SETUP_VIEWPORT {"bounds":[0,628.66666666666663,402,708],"containerSize":[402,708],"contentSize":[402,2089.333333333333],"event":"scroll","insets":[70,0,34,0],"offset":[0,628.66666666666663],"time":1790872672.3059061,"uptime":1240048.3762017651,"visibleRect":[0,628.66666666666663,402,812]}
SETUP_PROBE {"appearance":"light","dynamicTypeSize":"accessibility5","frame":[32,1444.3333333333335,217.33333333333331,63.333333333333485],"id":"load-film","preferredBodyPoints":53,"time":1790872672.306073,"uptime":1240048.376367352}
SETUP_PROBE {"appearance":"light","dynamicTypeSize":"accessibility5","frame":[32,669.00000000000011,333.33333333333337,187.33333333333326],"id":"trial-label","preferredBodyPoints":53,"time":1790872672.3061461,"uptime":1240048.3764406641}
SETUP_PROBE {"appearance":"light","dynamicTypeSize":"accessibility5","frame":[32,407.33333333333337,199.66666666666666,63.333333333333258],"id":"film-title","preferredBodyPoints":53,"time":1790872672.3062081,"uptime":1240048.3765021381}
SETUP_PROBE {"appearance":"light","dynamicTypeSize":"accessibility5","frame":[60,38.333333333333371,308,63.333333333333371],"id":"silent-capture","preferredBodyPoints":53,"time":1790872672.3062658,"uptime":1240048.376560183}
SETUP_PROBE {"appearance":"light","dynamicTypeSize":"accessibility5","frame":[32,-179,302.66666666666663,187.33333333333337],"id":"camera-description","preferredBodyPoints":53,"time":1790872672.3063231,"uptime":1240048.3766172582}
SETUP_PROBE {"appearance":"light","dynamicTypeSize":"accessibility5","frame":[32,131.66666666666674,249.66666666666663,125.33333333333337],"id":"orientation-label","preferredBodyPoints":53,"time":1790872672.3063779,"uptime":1240048.3766727191}
SETUP_VIEWPORT {"bounds":[0,629,402,708],"containerSize":[402,708],"contentSize":[402,2089.333333333333],"event":"scroll","insets":[70,0,34,0],"offset":[0,629],"time":1790872672.3225169,"uptime":1240048.392813327,"visibleRect":[0,629,402,812]}
SETUP_PROBE {"appearance":"light","dynamicTypeSize":"accessibility5","frame":[32,1444,217.33333333333331,63.333333333333485],"id":"load-film","preferredBodyPoints":53,"time":1790872672.32268,"uptime":1240048.392974189}
SETUP_PROBE {"appearance":"light","dynamicTypeSize":"accessibility5","frame":[32,668.66666666666674,333.33333333333337,187.33333333333326],"id":"trial-label","preferredBodyPoints":53,"time":1790872672.3227539,"uptime":1240048.3930481181}
SETUP_PROBE {"appearance":"light","dynamicTypeSize":"accessibility5","frame":[32,407,199.66666666666666,63.333333333333258],"id":"film-title","preferredBodyPoints":53,"time":1790872672.322818,"uptime":1240048.3931119482}
SETUP_PROBE {"appearance":"light","dynamicTypeSize":"accessibility5","frame":[60,38,308,63.333333333333371],"id":"silent-capture","preferredBodyPoints":53,"time":1790872672.322881,"uptime":1240048.3931749871}
SETUP_PROBE {"appearance":"light","dynamicTypeSize":"accessibility5","frame":[32,-179.33333333333337,302.66666666666663,187.33333333333337],"id":"camera-description","preferredBodyPoints":53,"time":1790872672.3229408,"uptime":1240048.3932347931}
SETUP_PROBE {"appearance":"light","dynamicTypeSize":"accessibility5","frame":[32,131.33333333333337,249.66666666666663,125.33333333333337],"id":"orientation-label","preferredBodyPoints":53,"time":1790872672.322999,"uptime":1240048.393293347}
SETUP_VIEWPORT {"bounds":[0,646.66666666666663,402,708],"containerSize":[402,708],"contentSize":[402,2089.333333333333],"event":"scroll","insets":[70,0,34,0],"offset":[0,646.66666666666663],"time":1790872673.9569421,"uptime":1240050.027221547,"visibleRect":[0,646.66666666666663,402,812]}
SETUP_PROBE {"appearance":"light","dynamicTypeSize":"accessibility5","frame":[32,1426.3333333333335,217.33333333333331,63.333333333333485],"id":"load-film","preferredBodyPoints":53,"time":1790872673.9828491,"uptime":1240050.0531286472}
SETUP_PROBE {"appearance":"light","dynamicTypeSize":"accessibility5","frame":[32,651.00000000000011,333.33333333333337,187.33333333333326],"id":"trial-label","preferredBodyPoints":53,"time":1790872673.9830739,"uptime":1240050.0533509701}
SETUP_PROBE {"appearance":"light","dynamicTypeSize":"accessibility5","frame":[32,389.33333333333337,199.66666666666666,63.333333333333258],"id":"film-title","preferredBodyPoints":53,"time":1790872673.9831769,"uptime":1240050.0534537211}
SETUP_PROBE {"appearance":"light","dynamicTypeSize":"accessibility5","frame":[60,20.333333333333371,308,63.333333333333371],"id":"silent-capture","preferredBodyPoints":53,"time":1790872673.9832668,"uptime":1240050.053544031}
SETUP_PROBE {"appearance":"light","dynamicTypeSize":"accessibility5","frame":[32,-197,302.66666666666663,187.33333333333337],"id":"camera-description","preferredBodyPoints":53,"time":1790872673.9833531,"uptime":1240050.0536299632}
SETUP_PROBE {"appearance":"light","dynamicTypeSize":"accessibility5","frame":[32,113.66666666666674,249.66666666666663,125.33333333333337],"id":"orientation-label","preferredBodyPoints":53,"time":1790872673.9834371,"uptime":1240050.053713484}
SETUP_VIEWPORT {"bounds":[0,684,402,708],"containerSize":[402,708],"contentSize":[402,2089.333333333333],"event":"scroll","insets":[70,0,34,0],"offset":[0,684],"time":1790872673.9874921,"uptime":1240050.057770404,"visibleRect":[0,684,402,812]}
SETUP_PROBE {"appearance":"light","dynamicTypeSize":"accessibility5","frame":[32,1389,217.33333333333331,63.333333333333485],"id":"load-film","preferredBodyPoints":53,"time":1790872673.9877219,"uptime":1240050.057998623}
SETUP_PROBE {"appearance":"light","dynamicTypeSize":"accessibility5","frame":[32,613.66666666666674,333.33333333333337,187.33333333333326],"id":"trial-label","preferredBodyPoints":53,"time":1790872673.9878311,"uptime":1240050.0581076301}
SETUP_PROBE {"appearance":"light","dynamicTypeSize":"accessibility5","frame":[32,352,199.66666666666666,63.333333333333258],"id":"film-title","preferredBodyPoints":53,"time":1790872673.987927,"uptime":1240050.0582041531}
SETUP_PROBE {"appearance":"light","dynamicTypeSize":"accessibility5","frame":[60,-17,308,63.333333333333371],"id":"silent-capture","preferredBodyPoints":53,"time":1790872673.988014,"uptime":1240050.0582904462}
SETUP_PROBE {"appearance":"light","dynamicTypeSize":"accessibility5","frame":[32,-234.33333333333337,302.66666666666663,187.33333333333337],"id":"camera-description","preferredBodyPoints":53,"time":1790872673.991657,"uptime":1240050.0619354502}
SETUP_PROBE {"appearance":"light","dynamicTypeSize":"accessibility5","frame":[32,76.333333333333371,249.66666666666663,125.33333333333337],"id":"orientation-label","preferredBodyPoints":53,"time":1790872673.991786,"uptime":1240050.0620626102}
SETUP_VIEWPORT {"bounds":[0,722,402,708],"containerSize":[402,708],"contentSize":[402,2089.333333333333],"event":"scroll","insets":[70,0,34,0],"offset":[0,722],"time":1790872674.0243011,"uptime":1240050.0945857291,"visibleRect":[0,722,402,812]}
SETUP_PROBE {"appearance":"light","dynamicTypeSize":"accessibility5","frame":[32,1351,217.33333333333331,63.333333333333485],"id":"load-film","preferredBodyPoints":53,"time":1790872674.0245841,"uptime":1240050.0948619631}
SETUP_PROBE {"appearance":"light","dynamicTypeSize":"accessibility5","frame":[32,575.66666666666674,333.33333333333337,187.33333333333326],"id":"trial-label","preferredBodyPoints":53,"time":1790872674.0246849,"uptime":1240050.0949616581}
SETUP_PROBE {"appearance":"light","dynamicTypeSize":"accessibility5","frame":[32,314,199.66666666666666,63.333333333333258],"id":"film-title","preferredBodyPoints":53,"time":1790872674.0247569,"uptime":1240050.0950332601}
SETUP_PROBE {"appearance":"light","dynamicTypeSize":"accessibility5","frame":[60,-55,308,63.333333333333371],"id":"silent-capture","preferredBodyPoints":53,"time":1790872674.0248241,"uptime":1240050.0951001751}
SETUP_PROBE {"appearance":"light","dynamicTypeSize":"accessibility5","frame":[32,-272.33333333333337,302.66666666666663,187.33333333333337],"id":"camera-description","preferredBodyPoints":53,"time":1790872674.024893,"uptime":1240050.095168873}
SETUP_PROBE {"appearance":"light","dynamicTypeSize":"accessibility5","frame":[32,38.333333333333371,249.66666666666663,125.33333333333337],"id":"orientation-label","preferredBodyPoints":53,"time":1790872674.024967,"uptime":1240050.095243508}
SETUP_VIEWPORT {"bounds":[0,740.66666666666663,402,708],"containerSize":[402,708],"contentSize":[402,2089.333333333333],"event":"scroll","insets":[70,0,34,0],"offset":[0,740.66666666666663],"time":1790872674.0401731,"uptime":1240050.110451634,"visibleRect":[0,740.66666666666663,402,812]}
SETUP_PROBE {"appearance":"light","dynamicTypeSize":"accessibility5","frame":[32,1332.3333333333335,217.33333333333331,63.333333333333485],"id":"load-film","preferredBodyPoints":53,"time":1790872674.0404091,"uptime":1240050.110685565}
SETUP_PROBE {"appearance":"light","dynamicTypeSize":"accessibility5","frame":[32,557.00000000000011,333.33333333333337,187.33333333333326],"id":"trial-label","preferredBodyPoints":53,"time":1790872674.040525,"uptime":1240050.1108014141}
SETUP_PROBE {"appearance":"light","dynamicTypeSize":"accessibility5","frame":[32,295.33333333333337,199.66666666666666,63.333333333333258],"id":"film-title","preferredBodyPoints":53,"time":1790872674.0406299,"uptime":1240050.1109066731}
SETUP_PROBE {"appearance":"light","dynamicTypeSize":"accessibility5","frame":[60,-73.666666666666629,308,63.333333333333371],"id":"silent-capture","preferredBodyPoints":53,"time":1790872674.0407209,"uptime":1240050.1109973232}
SETUP_PROBE {"appearance":"light","dynamicTypeSize":"accessibility5","frame":[32,-291,302.66666666666663,187.33333333333337],"id":"camera-description","preferredBodyPoints":53,"time":1790872674.040808,"uptime":1240050.1110842531}
SETUP_PROBE {"appearance":"light","dynamicTypeSize":"accessibility5","frame":[32,19.666666666666742,249.66666666666663,125.33333333333337],"id":"orientation-label","preferredBodyPoints":53,"time":1790872674.04089,"uptime":1240050.111165934}
SETUP_VIEWPORT {"bounds":[0,758.33333333333337,402,708],"containerSize":[402,708],"contentSize":[402,2089.333333333333],"event":"scroll","insets":[70,0,34,0],"offset":[0,758.33333333333337],"time":1790872674.056505,"uptime":1240050.12678234,"visibleRect":[0,758.33333333333337,402,812]}
SETUP_PROBE {"appearance":"light","dynamicTypeSize":"accessibility5","frame":[32,1314.6666666666665,217.33333333333331,63.333333333333485],"id":"load-film","preferredBodyPoints":53,"time":1790872674.0567501,"uptime":1240050.1270261831}
SETUP_PROBE {"appearance":"light","dynamicTypeSize":"accessibility5","frame":[32,539.33333333333337,333.33333333333337,187.33333333333326],"id":"trial-label","preferredBodyPoints":53,"time":1790872674.056843,"uptime":1240050.1271191852}
SETUP_PROBE {"appearance":"light","dynamicTypeSize":"accessibility5","frame":[32,277.66666666666663,199.66666666666666,63.333333333333258],"id":"film-title","preferredBodyPoints":53,"time":1790872674.0569072,"uptime":1240050.127183364}
SETUP_PROBE {"appearance":"light","dynamicTypeSize":"accessibility5","frame":[60,-91.333333333333371,308,63.333333333333371],"id":"silent-capture","preferredBodyPoints":53,"time":1790872674.056977,"uptime":1240050.127253436}
SETUP_PROBE {"appearance":"light","dynamicTypeSize":"accessibility5","frame":[32,-308.66666666666674,302.66666666666663,187.33333333333337],"id":"camera-description","preferredBodyPoints":53,"time":1790872674.0570469,"uptime":1240050.1273225911}
SETUP_PROBE {"appearance":"light","dynamicTypeSize":"accessibility5","frame":[32,2,249.66666666666663,125.33333333333337],"id":"orientation-label","preferredBodyPoints":53,"time":1790872674.0571079,"uptime":1240050.127383434}
SETUP_VIEWPORT {"bounds":[0,774.66666666666663,402,708],"containerSize":[402,708],"contentSize":[402,2089.333333333333],"event":"scroll","insets":[70,0,34,0],"offset":[0,774.66666666666663],"time":1790872674.0735569,"uptime":1240050.143836126,"visibleRect":[0,774.66666666666663,402,812]}
SETUP_PROBE {"appearance":"light","dynamicTypeSize":"accessibility5","frame":[32,1298.3333333333335,217.33333333333331,63.333333333333485],"id":"load-film","preferredBodyPoints":53,"time":1790872674.073791,"uptime":1240050.1440677801}
SETUP_PROBE {"appearance":"light","dynamicTypeSize":"accessibility5","frame":[32,523.00000000000011,333.33333333333337,187.33333333333326],"id":"trial-label","preferredBodyPoints":53,"time":1790872674.0739069,"uptime":1240050.1441829621}
SETUP_PROBE {"appearance":"light","dynamicTypeSize":"accessibility5","frame":[32,261.33333333333337,199.66666666666666,63.333333333333258],"id":"film-title","preferredBodyPoints":53,"time":1790872674.0739951,"uptime":1240050.144271173}
SETUP_PROBE {"appearance":"light","dynamicTypeSize":"accessibility5","frame":[60,-107.66666666666663,308,63.333333333333371],"id":"silent-capture","preferredBodyPoints":53,"time":1790872674.074085,"uptime":1240050.144360533}
SETUP_PROBE {"appearance":"light","dynamicTypeSize":"accessibility5","frame":[32,-325,302.66666666666663,187.33333333333337],"id":"camera-description","preferredBodyPoints":53,"time":1790872674.074168,"uptime":1240050.144443793}
SETUP_PROBE {"appearance":"light","dynamicTypeSize":"accessibility5","frame":[32,-14.333333333333258,249.66666666666663,125.33333333333337],"id":"orientation-label","preferredBodyPoints":53,"time":1790872674.074249,"uptime":1240050.144524883}
SETUP_VIEWPORT {"bounds":[0,789,402,708],"containerSize":[402,708],"contentSize":[402,2089.333333333333],"event":"scroll","insets":[70,0,34,0],"offset":[0,789],"time":1790872674.0905771,"uptime":1240050.1608552211,"visibleRect":[0,789,402,812]}
SETUP_PROBE {"appearance":"light","dynamicTypeSize":"accessibility5","frame":[32,1284,217.33333333333331,63.333333333333485],"id":"load-film","preferredBodyPoints":53,"time":1790872674.0907679,"uptime":1240050.1610444591}
SETUP_PROBE {"appearance":"light","dynamicTypeSize":"accessibility5","frame":[32,508.66666666666674,333.33333333333337,187.33333333333326],"id":"trial-label","preferredBodyPoints":53,"time":1790872674.0908461,"uptime":1240050.161121421}
SETUP_PROBE {"appearance":"light","dynamicTypeSize":"accessibility5","frame":[32,247,199.66666666666666,63.333333333333258],"id":"film-title","preferredBodyPoints":53,"time":1790872674.09091,"uptime":1240050.1611855791}
SETUP_PROBE {"appearance":"light","dynamicTypeSize":"accessibility5","frame":[60,-122,308,63.333333333333371],"id":"silent-capture","preferredBodyPoints":53,"time":1790872674.0909691,"uptime":1240050.161244716}
SETUP_PROBE {"appearance":"light","dynamicTypeSize":"accessibility5","frame":[32,-339.33333333333337,302.66666666666663,187.33333333333337],"id":"camera-description","preferredBodyPoints":53,"time":1790872674.091028,"uptime":1240050.161303113}
SETUP_PROBE {"appearance":"light","dynamicTypeSize":"accessibility5","frame":[32,-28.666666666666629,249.66666666666663,125.33333333333337],"id":"orientation-label","preferredBodyPoints":53,"time":1790872674.0910859,"uptime":1240050.1613613712}
SETUP_VIEWPORT {"bounds":[0,805.66666666666663,402,708],"containerSize":[402,708],"contentSize":[402,2089.333333333333],"event":"scroll","insets":[70,0,34,0],"offset":[0,805.66666666666663],"time":1790872674.1089849,"uptime":1240050.1792632341,"visibleRect":[0,805.66666666666663,402,812]}
SETUP_PROBE {"appearance":"light","dynamicTypeSize":"accessibility5","frame":[32,1267.3333333333335,217.33333333333331,63.333333333333485],"id":"load-film","preferredBodyPoints":53,"time":1790872674.109226,"uptime":1240050.1795022071}
SETUP_PROBE {"appearance":"light","dynamicTypeSize":"accessibility5","frame":[32,492.00000000000011,333.33333333333337,187.33333333333326],"id":"trial-label","preferredBodyPoints":53,"time":1790872674.1093521,"uptime":1240050.1796279452}
SETUP_PROBE {"appearance":"light","dynamicTypeSize":"accessibility5","frame":[32,230.33333333333337,199.66666666666666,63.333333333333258],"id":"film-title","preferredBodyPoints":53,"time":1790872674.1094589,"uptime":1240050.179735509}
SETUP_PROBE {"appearance":"light","dynamicTypeSize":"accessibility5","frame":[60,-138.66666666666663,308,63.333333333333371],"id":"silent-capture","preferredBodyPoints":53,"time":1790872674.1095681,"uptime":1240050.1798438141}
SETUP_PROBE {"appearance":"light","dynamicTypeSize":"accessibility5","frame":[32,-356,302.66666666666663,187.33333333333337],"id":"camera-description","preferredBodyPoints":53,"time":1790872674.1096702,"uptime":1240050.179945936}
SETUP_PROBE {"appearance":"light","dynamicTypeSize":"accessibility5","frame":[32,-45.333333333333258,249.66666666666663,125.33333333333337],"id":"orientation-label","preferredBodyPoints":53,"time":1790872674.109756,"uptime":1240050.1800319131}
SETUP_VIEWPORT {"bounds":[0,819.33333333333337,402,708],"containerSize":[402,708],"contentSize":[402,2089.333333333333],"event":"scroll","insets":[70,0,34,0],"offset":[0,819.33333333333337],"time":1790872674.123405,"uptime":1240050.193683167,"visibleRect":[0,819.33333333333337,402,812]}
SETUP_PROBE {"appearance":"light","dynamicTypeSize":"accessibility5","frame":[32,1253.6666666666665,217.33333333333331,63.333333333333485],"id":"load-film","preferredBodyPoints":53,"time":1790872674.123646,"uptime":1240050.1939215001}
SETUP_PROBE {"appearance":"light","dynamicTypeSize":"accessibility5","frame":[32,478.33333333333337,333.33333333333337,187.33333333333326],"id":"trial-label","preferredBodyPoints":53,"time":1790872674.1237612,"uptime":1240050.1940361671}
SETUP_PROBE {"appearance":"light","dynamicTypeSize":"accessibility5","frame":[32,216.66666666666663,199.66666666666666,63.333333333333258],"id":"film-title","preferredBodyPoints":53,"time":1790872674.1238551,"uptime":1240050.194130135}
SETUP_PROBE {"appearance":"light","dynamicTypeSize":"accessibility5","frame":[60,-152.33333333333337,308,63.333333333333371],"id":"silent-capture","preferredBodyPoints":53,"time":1790872674.123951,"uptime":1240050.194226258}
SETUP_PROBE {"appearance":"light","dynamicTypeSize":"accessibility5","frame":[32,-369.66666666666674,302.66666666666663,187.33333333333337],"id":"camera-description","preferredBodyPoints":53,"time":1790872674.1272101,"uptime":1240050.1974866081}
SETUP_PROBE {"appearance":"light","dynamicTypeSize":"accessibility5","frame":[32,-59,249.66666666666663,125.33333333333337],"id":"orientation-label","preferredBodyPoints":53,"time":1790872674.127353,"uptime":1240050.197628686}
SETUP_VIEWPORT {"bounds":[0,835,402,708],"containerSize":[402,708],"contentSize":[402,2089.333333333333],"event":"scroll","insets":[70,0,34,0],"offset":[0,835],"time":1790872674.13991,"uptime":1240050.2101875541,"visibleRect":[0,835,402,812]}
SETUP_PROBE {"appearance":"light","dynamicTypeSize":"accessibility5","frame":[32,1238,217.33333333333331,63.333333333333485],"id":"load-film","preferredBodyPoints":53,"time":1790872674.1401448,"uptime":1240050.2104209531}
SETUP_PROBE {"appearance":"light","dynamicTypeSize":"accessibility5","frame":[32,462.66666666666674,333.33333333333337,187.33333333333326],"id":"trial-label","preferredBodyPoints":53,"time":1790872674.1402512,"uptime":1240050.2105260531}
SETUP_PROBE {"appearance":"light","dynamicTypeSize":"accessibility5","frame":[32,201,199.66666666666666,63.333333333333258],"id":"film-title","preferredBodyPoints":53,"time":1790872674.1403499,"uptime":1240050.2106249852}
SETUP_PROBE {"appearance":"light","dynamicTypeSize":"accessibility5","frame":[60,-168,308,63.333333333333371],"id":"silent-capture","preferredBodyPoints":53,"time":1790872674.1404362,"uptime":1240050.2107112671}
SETUP_PROBE {"appearance":"light","dynamicTypeSize":"accessibility5","frame":[32,-385.33333333333337,302.66666666666663,187.33333333333337],"id":"camera-description","preferredBodyPoints":53,"time":1790872674.1467719,"uptime":1240050.2170495142}
SETUP_PROBE {"appearance":"light","dynamicTypeSize":"accessibility5","frame":[32,-74.666666666666629,249.66666666666663,125.33333333333337],"id":"orientation-label","preferredBodyPoints":53,"time":1790872674.1469431,"uptime":1240050.2172177711}
SETUP_VIEWPORT {"bounds":[0,850.33333333333337,402,708],"containerSize":[402,708],"contentSize":[402,2089.333333333333],"event":"scroll","insets":[70,0,34,0],"offset":[0,850.33333333333337],"time":1790872674.156184,"uptime":1240050.2264611712,"visibleRect":[0,850.33333333333337,402,812]}
SETUP_PROBE {"appearance":"light","dynamicTypeSize":"accessibility5","frame":[32,1222.6666666666665,217.33333333333331,63.333333333333485],"id":"load-film","preferredBodyPoints":53,"time":1790872674.15643,"uptime":1240050.226704879}
SETUP_PROBE {"appearance":"light","dynamicTypeSize":"accessibility5","frame":[32,447.33333333333337,333.33333333333337,187.33333333333326],"id":"trial-label","preferredBodyPoints":53,"time":1790872674.1565309,"uptime":1240050.2268060262}
SETUP_PROBE {"appearance":"light","dynamicTypeSize":"accessibility5","frame":[32,185.66666666666663,199.66666666666666,63.333333333333258],"id":"film-title","preferredBodyPoints":53,"time":1790872674.1566191,"uptime":1240050.2268945291}
SETUP_PROBE {"appearance":"light","dynamicTypeSize":"accessibility5","frame":[60,-183.33333333333337,308,63.333333333333371],"id":"silent-capture","preferredBodyPoints":53,"time":1790872674.156703,"uptime":1240050.2269782862}
SETUP_PROBE {"appearance":"light","dynamicTypeSize":"accessibility5","frame":[32,-400.66666666666674,302.66666666666663,187.33333333333337],"id":"camera-description","preferredBodyPoints":53,"time":1790872674.157635,"uptime":1240050.227909816}
SETUP_PROBE {"appearance":"light","dynamicTypeSize":"accessibility5","frame":[32,-90,249.66666666666663,125.33333333333337],"id":"orientation-label","preferredBodyPoints":53,"time":1790872674.1577301,"uptime":1240050.228005453}
SETUP_VIEWPORT {"bounds":[0,865,402,708],"containerSize":[402,708],"contentSize":[402,2089.333333333333],"event":"scroll","insets":[70,0,34,0],"offset":[0,865],"time":1790872674.1728702,"uptime":1240050.2431478312,"visibleRect":[0,865,402,812]}
SETUP_PROBE {"appearance":"light","dynamicTypeSize":"accessibility5","frame":[32,1208,217.33333333333331,63.333333333333485],"id":"load-film","preferredBodyPoints":53,"time":1790872674.173105,"uptime":1240050.24338072}
SETUP_PROBE {"appearance":"light","dynamicTypeSize":"accessibility5","frame":[32,432.66666666666674,333.33333333333337,187.33333333333326],"id":"trial-label","preferredBodyPoints":53,"time":1790872674.1732202,"uptime":1240050.243495479}
SETUP_PROBE {"appearance":"light","dynamicTypeSize":"accessibility5","frame":[32,171,199.66666666666666,63.333333333333258],"id":"film-title","preferredBodyPoints":53,"time":1790872674.1733189,"uptime":1240050.2435944101}
SETUP_PROBE {"appearance":"light","dynamicTypeSize":"accessibility5","frame":[60,-198,308,63.333333333333371],"id":"silent-capture","preferredBodyPoints":53,"time":1790872674.1734171,"uptime":1240050.2436922141}
SETUP_PROBE {"appearance":"light","dynamicTypeSize":"accessibility5","frame":[32,-415.33333333333337,302.66666666666663,187.33333333333337],"id":"camera-description","preferredBodyPoints":53,"time":1790872674.173511,"uptime":1240050.243786036}
SETUP_PROBE {"appearance":"light","dynamicTypeSize":"accessibility5","frame":[32,-104.66666666666663,249.66666666666663,125.33333333333337],"id":"orientation-label","preferredBodyPoints":53,"time":1790872674.1736,"uptime":1240050.243875308}
SETUP_VIEWPORT {"bounds":[0,879,402,708],"containerSize":[402,708],"contentSize":[402,2089.333333333333],"event":"scroll","insets":[70,0,34,0],"offset":[0,879],"time":1790872674.1892681,"uptime":1240050.259545079,"visibleRect":[0,879,402,812]}
SETUP_PROBE {"appearance":"light","dynamicTypeSize":"accessibility5","frame":[32,1194,217.33333333333331,63.333333333333485],"id":"load-film","preferredBodyPoints":53,"time":1790872674.189554,"uptime":1240050.2598288921}
SETUP_PROBE {"appearance":"light","dynamicTypeSize":"accessibility5","frame":[32,418.66666666666674,333.33333333333337,187.33333333333326],"id":"trial-label","preferredBodyPoints":53,"time":1790872674.1896451,"uptime":1240050.2599201081}
SETUP_PROBE {"appearance":"light","dynamicTypeSize":"accessibility5","frame":[32,157,199.66666666666666,63.333333333333258],"id":"film-title","preferredBodyPoints":53,"time":1790872674.189712,"uptime":1240050.259986361}
SETUP_PROBE {"appearance":"light","dynamicTypeSize":"accessibility5","frame":[60,-212,308,63.333333333333371],"id":"silent-capture","preferredBodyPoints":53,"time":1790872674.1897721,"uptime":1240050.2600470751}
SETUP_PROBE {"appearance":"light","dynamicTypeSize":"accessibility5","frame":[32,-429.33333333333337,302.66666666666663,187.33333333333337],"id":"camera-description","preferredBodyPoints":53,"time":1790872674.189837,"uptime":1240050.2601114961}
SETUP_PROBE {"appearance":"light","dynamicTypeSize":"accessibility5","frame":[32,-118.66666666666663,249.66666666666663,125.33333333333337],"id":"orientation-label","preferredBodyPoints":53,"time":1790872674.1898971,"uptime":1240050.2601714151}
SETUP_VIEWPORT {"bounds":[0,893,402,708],"containerSize":[402,708],"contentSize":[402,2089.333333333333],"event":"scroll","insets":[70,0,34,0],"offset":[0,893],"time":1790872674.207355,"uptime":1240050.2776316712,"visibleRect":[0,893,402,812]}
SETUP_PROBE {"appearance":"light","dynamicTypeSize":"accessibility5","frame":[32,1180,217.33333333333331,63.333333333333485],"id":"load-film","preferredBodyPoints":53,"time":1790872674.207608,"uptime":1240050.277882983}
SETUP_PROBE {"appearance":"light","dynamicTypeSize":"accessibility5","frame":[32,404.66666666666674,333.33333333333337,187.33333333333326],"id":"trial-label","preferredBodyPoints":53,"time":1790872674.207721,"uptime":1240050.27799569}
SETUP_PROBE {"appearance":"light","dynamicTypeSize":"accessibility5","frame":[32,143,199.66666666666666,63.333333333333258],"id":"film-title","preferredBodyPoints":53,"time":1790872674.2078118,"uptime":1240050.278086649}
SETUP_PROBE {"appearance":"light","dynamicTypeSize":"accessibility5","frame":[60,-226,308,63.333333333333371],"id":"silent-capture","preferredBodyPoints":53,"time":1790872674.2079,"uptime":1240050.278174191}
SETUP_PROBE {"appearance":"light","dynamicTypeSize":"accessibility5","frame":[32,-443.33333333333337,302.66666666666663,187.33333333333337],"id":"camera-description","preferredBodyPoints":53,"time":1790872674.2099509,"uptime":1240050.2802264201}
SETUP_PROBE {"appearance":"light","dynamicTypeSize":"accessibility5","frame":[32,-132.66666666666663,249.66666666666663,125.33333333333337],"id":"orientation-label","preferredBodyPoints":53,"time":1790872674.210093,"uptime":1240050.2803677642}
SETUP_VIEWPORT {"bounds":[0,906.33333333333337,402,708],"containerSize":[402,708],"contentSize":[402,2089.333333333333],"event":"scroll","insets":[70,0,34,0],"offset":[0,906.33333333333337],"time":1790872674.222856,"uptime":1240050.293132738,"visibleRect":[0,906.33333333333337,402,812]}
SETUP_PROBE {"appearance":"light","dynamicTypeSize":"accessibility5","frame":[32,1166.6666666666665,217.33333333333331,63.333333333333485],"id":"load-film","preferredBodyPoints":53,"time":1790872674.2231131,"uptime":1240050.29338721}
SETUP_PROBE {"appearance":"light","dynamicTypeSize":"accessibility5","frame":[32,391.33333333333337,333.33333333333337,187.33333333333326],"id":"trial-label","preferredBodyPoints":53,"time":1790872674.2232051,"uptime":1240050.2934792012}
SETUP_PROBE {"appearance":"light","dynamicTypeSize":"accessibility5","frame":[32,129.66666666666663,199.66666666666666,63.333333333333258],"id":"film-title","preferredBodyPoints":53,"time":1790872674.2232881,"uptime":1240050.293562704}
SETUP_PROBE {"appearance":"light","dynamicTypeSize":"accessibility5","frame":[60,-239.33333333333337,308,63.333333333333371],"id":"silent-capture","preferredBodyPoints":53,"time":1790872674.223417,"uptime":1240050.2936919462}
SETUP_PROBE {"appearance":"light","dynamicTypeSize":"accessibility5","frame":[32,-456.66666666666674,302.66666666666663,187.33333333333337],"id":"camera-description","preferredBodyPoints":53,"time":1790872674.2235041,"uptime":1240050.2937779152}
SETUP_PROBE {"appearance":"light","dynamicTypeSize":"accessibility5","frame":[32,-146,249.66666666666663,125.33333333333337],"id":"orientation-label","preferredBodyPoints":53,"time":1790872674.231627,"uptime":1240050.3019067452}
SETUP_VIEWPORT {"bounds":[0,919,402,708],"containerSize":[402,708],"contentSize":[402,2089.333333333333],"event":"scroll","insets":[70,0,34,0],"offset":[0,919],"time":1790872674.2395592,"uptime":1240050.309836125,"visibleRect":[0,919,402,812]}
SETUP_PROBE {"appearance":"light","dynamicTypeSize":"accessibility5","frame":[32,1154,217.33333333333331,63.333333333333485],"id":"load-film","preferredBodyPoints":53,"time":1790872674.2398009,"uptime":1240050.310075606}
SETUP_PROBE {"appearance":"light","dynamicTypeSize":"accessibility5","frame":[32,378.66666666666674,333.33333333333337,187.33333333333326],"id":"trial-label","preferredBodyPoints":53,"time":1790872674.2399039,"uptime":1240050.3101785521}
SETUP_PROBE {"appearance":"light","dynamicTypeSize":"accessibility5","frame":[32,117,199.66666666666666,63.333333333333258],"id":"film-title","preferredBodyPoints":53,"time":1790872674.24001,"uptime":1240050.3102840791}
SETUP_PROBE {"appearance":"light","dynamicTypeSize":"accessibility5","frame":[60,-252,308,63.333333333333371],"id":"silent-capture","preferredBodyPoints":53,"time":1790872674.240097,"uptime":1240050.310371157}
SETUP_PROBE {"appearance":"light","dynamicTypeSize":"accessibility5","frame":[32,-469.33333333333337,302.66666666666663,187.33333333333337],"id":"camera-description","preferredBodyPoints":53,"time":1790872674.2401838,"uptime":1240050.3104583751}
SETUP_PROBE {"appearance":"light","dynamicTypeSize":"accessibility5","frame":[32,-158.66666666666663,249.66666666666663,125.33333333333337],"id":"orientation-label","preferredBodyPoints":53,"time":1790872674.2402711,"uptime":1240050.3105451032}
SETUP_VIEWPORT {"bounds":[0,931.66666666666663,402,708],"containerSize":[402,708],"contentSize":[402,2089.333333333333],"event":"scroll","insets":[70,0,34,0],"offset":[0,931.66666666666663],"time":1790872674.2561879,"uptime":1240050.326464226,"visibleRect":[0,931.66666666666663,402,812]}
SETUP_PROBE {"appearance":"light","dynamicTypeSize":"accessibility5","frame":[32,1141.3333333333335,217.33333333333331,63.333333333333485],"id":"load-film","preferredBodyPoints":53,"time":1790872674.2564201,"uptime":1240050.3266947151}
SETUP_PROBE {"appearance":"light","dynamicTypeSize":"accessibility5","frame":[32,366.00000000000011,333.33333333333337,187.33333333333326],"id":"trial-label","preferredBodyPoints":53,"time":1790872674.256525,"uptime":1240050.326799449}
SETUP_PROBE {"appearance":"light","dynamicTypeSize":"accessibility5","frame":[32,104.33333333333337,199.66666666666666,63.333333333333258],"id":"film-title","preferredBodyPoints":53,"time":1790872674.256614,"uptime":1240050.3268881622}
SETUP_PROBE {"appearance":"light","dynamicTypeSize":"accessibility5","frame":[60,-264.66666666666663,308,63.333333333333371],"id":"silent-capture","preferredBodyPoints":53,"time":1790872674.2566991,"uptime":1240050.326973103}
SETUP_PROBE {"appearance":"light","dynamicTypeSize":"accessibility5","frame":[32,-482,302.66666666666663,187.33333333333337],"id":"camera-description","preferredBodyPoints":53,"time":1790872674.256783,"uptime":1240050.3270567681}
SETUP_PROBE {"appearance":"light","dynamicTypeSize":"accessibility5","frame":[32,-171.33333333333326,249.66666666666663,125.33333333333337],"id":"orientation-label","preferredBodyPoints":53,"time":1790872674.256865,"uptime":1240050.3271394051}
SETUP_VIEWPORT {"bounds":[0,943.66666666666663,402,708],"containerSize":[402,708],"contentSize":[402,2089.333333333333],"event":"scroll","insets":[70,0,34,0],"offset":[0,943.66666666666663],"time":1790872674.2728009,"uptime":1240050.3430776841,"visibleRect":[0,943.66666666666663,402,812]}
SETUP_PROBE {"appearance":"light","dynamicTypeSize":"accessibility5","frame":[32,1129.3333333333335,217.33333333333331,63.333333333333485],"id":"load-film","preferredBodyPoints":53,"time":1790872674.273026,"uptime":1240050.34330072}
SETUP_PROBE {"appearance":"light","dynamicTypeSize":"accessibility5","frame":[32,354.00000000000011,333.33333333333337,187.33333333333326],"id":"trial-label","preferredBodyPoints":53,"time":1790872674.2731419,"uptime":1240050.3434162061}
SETUP_PROBE {"appearance":"light","dynamicTypeSize":"accessibility5","frame":[32,92.333333333333371,199.66666666666666,63.333333333333258],"id":"film-title","preferredBodyPoints":53,"time":1790872674.273253,"uptime":1240050.3435272952}
SETUP_PROBE {"appearance":"light","dynamicTypeSize":"accessibility5","frame":[60,-276.66666666666663,308,63.333333333333371],"id":"silent-capture","preferredBodyPoints":53,"time":1790872674.2733588,"uptime":1240050.343632845}
SETUP_PROBE {"appearance":"light","dynamicTypeSize":"accessibility5","frame":[32,-494,302.66666666666663,187.33333333333337],"id":"camera-description","preferredBodyPoints":53,"time":1790872674.273463,"uptime":1240050.3437373452}
SETUP_PROBE {"appearance":"light","dynamicTypeSize":"accessibility5","frame":[32,-183.33333333333326,249.66666666666663,125.33333333333337],"id":"orientation-label","preferredBodyPoints":53,"time":1790872674.2735639,"uptime":1240050.343838112}
SETUP_VIEWPORT {"bounds":[0,955.33333333333348,402,708],"containerSize":[402,708],"contentSize":[402,2089.333333333333],"event":"scroll","insets":[70,0,34,0],"offset":[0,955.33333333333348],"time":1790872674.2897449,"uptime":1240050.3600215341,"visibleRect":[0,955.33333333333348,402,812]}
SETUP_PROBE {"appearance":"light","dynamicTypeSize":"accessibility5","frame":[32,1117.6666666666665,217.33333333333331,63.333333333333485],"id":"load-film","preferredBodyPoints":53,"time":1790872674.2899699,"uptime":1240050.360243795}
SETUP_PROBE {"appearance":"light","dynamicTypeSize":"accessibility5","frame":[32,342.33333333333326,333.33333333333337,187.33333333333326],"id":"trial-label","preferredBodyPoints":53,"time":1790872674.290071,"uptime":1240050.3603449462}
SETUP_PROBE {"appearance":"light","dynamicTypeSize":"accessibility5","frame":[32,80.666666666666515,199.66666666666666,63.333333333333258],"id":"film-title","preferredBodyPoints":53,"time":1790872674.2901611,"uptime":1240050.3604341592}
SETUP_PROBE {"appearance":"light","dynamicTypeSize":"accessibility5","frame":[60,-288.33333333333348,308,63.333333333333371],"id":"silent-capture","preferredBodyPoints":53,"time":1790872674.2902451,"uptime":1240050.360519059}
SETUP_PROBE {"appearance":"light","dynamicTypeSize":"accessibility5","frame":[32,-505.66666666666686,302.66666666666663,187.33333333333337],"id":"camera-description","preferredBodyPoints":53,"time":1790872674.290329,"uptime":1240050.3606030052}
SETUP_PROBE {"appearance":"light","dynamicTypeSize":"accessibility5","frame":[32,-195.00000000000011,249.66666666666663,125.33333333333337],"id":"orientation-label","preferredBodyPoints":53,"time":1790872674.2904129,"uptime":1240050.3606869332}
SETUP_VIEWPORT {"bounds":[0,977.33333333333348,402,708],"containerSize":[402,708],"contentSize":[402,2089.333333333333],"event":"scroll","insets":[70,0,34,0],"offset":[0,977.33333333333348],"time":1790872674.3227701,"uptime":1240050.393045184,"visibleRect":[0,977.33333333333348,402,812]}
SETUP_PROBE {"appearance":"light","dynamicTypeSize":"accessibility5","frame":[32,1095.6666666666665,217.33333333333331,63.333333333333485],"id":"load-film","preferredBodyPoints":53,"time":1790872674.3229589,"uptime":1240050.3932320611}
SETUP_PROBE {"appearance":"light","dynamicTypeSize":"accessibility5","frame":[32,320.33333333333326,333.33333333333337,187.33333333333326],"id":"trial-label","preferredBodyPoints":53,"time":1790872674.323041,"uptime":1240050.3933145441}
SETUP_PROBE {"appearance":"light","dynamicTypeSize":"accessibility5","frame":[32,58.666666666666515,199.66666666666666,63.333333333333258],"id":"film-title","preferredBodyPoints":53,"time":1790872674.323113,"uptime":1240050.3933864071}
SETUP_PROBE {"appearance":"light","dynamicTypeSize":"accessibility5","frame":[60,-310.33333333333348,308,63.333333333333371],"id":"silent-capture","preferredBodyPoints":53,"time":1790872674.3231769,"uptime":1240050.3934506632}
SETUP_PROBE {"appearance":"light","dynamicTypeSize":"accessibility5","frame":[32,-527.66666666666686,302.66666666666663,187.33333333333337],"id":"camera-description","preferredBodyPoints":53,"time":1790872674.323245,"uptime":1240050.393517809}
SETUP_PROBE {"appearance":"light","dynamicTypeSize":"accessibility5","frame":[32,-217.00000000000011,249.66666666666663,125.33333333333337],"id":"orientation-label","preferredBodyPoints":53,"time":1790872674.3233061,"uptime":1240050.393579473}
SETUP_VIEWPORT {"bounds":[0,988,402,708],"containerSize":[402,708],"contentSize":[402,2089.333333333333],"event":"scroll","insets":[70,0,34,0],"offset":[0,988],"time":1790872674.3392839,"uptime":1240050.4095590231,"visibleRect":[0,988,402,812]}
SETUP_PROBE {"appearance":"light","dynamicTypeSize":"accessibility5","frame":[32,1085,217.33333333333331,63.333333333333485],"id":"load-film","preferredBodyPoints":53,"time":1790872674.3394551,"uptime":1240050.409728098}
SETUP_PROBE {"appearance":"light","dynamicTypeSize":"accessibility5","frame":[32,309.66666666666674,333.33333333333337,187.33333333333326],"id":"trial-label","preferredBodyPoints":53,"time":1790872674.3395329,"uptime":1240050.4098063321}
SETUP_PROBE {"appearance":"light","dynamicTypeSize":"accessibility5","frame":[32,48,199.66666666666666,63.333333333333258],"id":"film-title","preferredBodyPoints":53,"time":1790872674.3396001,"uptime":1240050.4098728821}
SETUP_PROBE {"appearance":"light","dynamicTypeSize":"accessibility5","frame":[60,-321,308,63.333333333333371],"id":"silent-capture","preferredBodyPoints":53,"time":1790872674.339678,"uptime":1240050.409951027}
SETUP_PROBE {"appearance":"light","dynamicTypeSize":"accessibility5","frame":[32,-538.33333333333337,302.66666666666663,187.33333333333337],"id":"camera-description","preferredBodyPoints":53,"time":1790872674.3397419,"uptime":1240050.4100147341}
SETUP_PROBE {"appearance":"light","dynamicTypeSize":"accessibility5","frame":[32,-227.66666666666663,249.66666666666663,125.33333333333337],"id":"orientation-label","preferredBodyPoints":53,"time":1790872674.339803,"uptime":1240050.4100757721}
SETUP_VIEWPORT {"bounds":[0,998.33333333333348,402,708],"containerSize":[402,708],"contentSize":[402,2089.333333333333],"event":"scroll","insets":[70,0,34,0],"offset":[0,998.33333333333348],"time":1790872674.355937,"uptime":1240050.4262122121,"visibleRect":[0,998.33333333333348,402,812]}
SETUP_PROBE {"appearance":"light","dynamicTypeSize":"accessibility5","frame":[32,1074.6666666666665,217.33333333333331,63.333333333333485],"id":"load-film","preferredBodyPoints":53,"time":1790872674.3561039,"uptime":1240050.426377187}
SETUP_PROBE {"appearance":"light","dynamicTypeSize":"accessibility5","frame":[32,299.33333333333326,333.33333333333337,187.33333333333326],"id":"trial-label","preferredBodyPoints":53,"time":1790872674.3561821,"uptime":1240050.4264551541}
SETUP_PROBE {"appearance":"light","dynamicTypeSize":"accessibility5","frame":[32,37.666666666666515,199.66666666666666,63.333333333333258],"id":"film-title","preferredBodyPoints":53,"time":1790872674.3562489,"uptime":1240050.4265221541}
SETUP_PROBE {"appearance":"light","dynamicTypeSize":"accessibility5","frame":[60,-331.33333333333348,308,63.333333333333371],"id":"silent-capture","preferredBodyPoints":53,"time":1790872674.356312,"uptime":1240050.4265850661}
SETUP_PROBE {"appearance":"light","dynamicTypeSize":"accessibility5","frame":[32,-548.66666666666686,302.66666666666663,187.33333333333337],"id":"camera-description","preferredBodyPoints":53,"time":1790872674.3563728,"uptime":1240050.4266462361}
SETUP_PROBE {"appearance":"light","dynamicTypeSize":"accessibility5","frame":[32,-238.00000000000011,249.66666666666663,125.33333333333337],"id":"orientation-label","preferredBodyPoints":53,"time":1790872674.3564339,"uptime":1240050.4267067641}
SETUP_VIEWPORT {"bounds":[0,1008,402,708],"containerSize":[402,708],"contentSize":[402,2089.333333333333],"event":"scroll","insets":[70,0,34,0],"offset":[0,1008],"time":1790872674.3725729,"uptime":1240050.442847081,"visibleRect":[0,1008,402,812]}
SETUP_PROBE {"appearance":"light","dynamicTypeSize":"accessibility5","frame":[32,1065,217.33333333333331,63.333333333333485],"id":"load-film","preferredBodyPoints":53,"time":1790872674.3727431,"uptime":1240050.4430162301}
SETUP_PROBE {"appearance":"light","dynamicTypeSize":"accessibility5","frame":[32,289.66666666666674,333.33333333333337,187.33333333333326],"id":"trial-label","preferredBodyPoints":53,"time":1790872674.3728209,"uptime":1240050.4430939751}
SETUP_PROBE {"appearance":"light","dynamicTypeSize":"accessibility5","frame":[32,28,199.66666666666666,63.333333333333258],"id":"film-title","preferredBodyPoints":53,"time":1790872674.3728871,"uptime":1240050.4431600291}
SETUP_PROBE {"appearance":"light","dynamicTypeSize":"accessibility5","frame":[60,-341,308,63.333333333333371],"id":"silent-capture","preferredBodyPoints":53,"time":1790872674.3729491,"uptime":1240050.4432216191}
SETUP_PROBE {"appearance":"light","dynamicTypeSize":"accessibility5","frame":[32,-558.33333333333337,302.66666666666663,187.33333333333337],"id":"camera-description","preferredBodyPoints":53,"time":1790872674.373009,"uptime":1240050.4432820941}
SETUP_PROBE {"appearance":"light","dynamicTypeSize":"accessibility5","frame":[32,-247.66666666666663,249.66666666666663,125.33333333333337],"id":"orientation-label","preferredBodyPoints":53,"time":1790872674.373071,"uptime":1240050.443343759}
SETUP_VIEWPORT {"bounds":[0,1017.6666666666665,402,708],"containerSize":[402,708],"contentSize":[402,2089.333333333333],"event":"scroll","insets":[70,0,34,0],"offset":[0,1017.6666666666665],"time":1790872674.389544,"uptime":1240050.4598190521,"visibleRect":[0,1017.6666666666665,402,812]}
SETUP_PROBE {"appearance":"light","dynamicTypeSize":"accessibility5","frame":[32,1055.3333333333335,217.33333333333331,63.333333333333485],"id":"load-film","preferredBodyPoints":53,"time":1790872674.3897729,"uptime":1240050.4600456501}
SETUP_PROBE {"appearance":"light","dynamicTypeSize":"accessibility5","frame":[32,280.00000000000023,333.33333333333337,187.33333333333326],"id":"trial-label","preferredBodyPoints":53,"time":1790872674.389878,"uptime":1240050.4601503541}
SETUP_PROBE {"appearance":"light","dynamicTypeSize":"accessibility5","frame":[32,18.333333333333485,199.66666666666666,63.333333333333258],"id":"film-title","preferredBodyPoints":53,"time":1790872674.3899689,"uptime":1240050.4602420852}
SETUP_PROBE {"appearance":"light","dynamicTypeSize":"accessibility5","frame":[60,-350.66666666666652,308,63.333333333333371],"id":"silent-capture","preferredBodyPoints":53,"time":1790872674.390054,"uptime":1240050.4603270672}
SETUP_PROBE {"appearance":"light","dynamicTypeSize":"accessibility5","frame":[32,-567.99999999999989,302.66666666666663,187.33333333333337],"id":"camera-description","preferredBodyPoints":53,"time":1790872674.390141,"uptime":1240050.4604140201}
SETUP_PROBE {"appearance":"light","dynamicTypeSize":"accessibility5","frame":[32,-257.33333333333314,249.66666666666663,125.33333333333337],"id":"orientation-label","preferredBodyPoints":53,"time":1790872674.3902299,"uptime":1240050.4605024171}
SETUP_VIEWPORT {"bounds":[0,1027,402,708],"containerSize":[402,708],"contentSize":[402,2089.333333333333],"event":"scroll","insets":[70,0,34,0],"offset":[0,1027],"time":1790872674.4058928,"uptime":1240050.476166877,"visibleRect":[0,1027,402,812]}
SETUP_PROBE {"appearance":"light","dynamicTypeSize":"accessibility5","frame":[32,1046,217.33333333333331,63.333333333333485],"id":"load-film","preferredBodyPoints":53,"time":1790872674.40608,"uptime":1240050.4763522821}
SETUP_PROBE {"appearance":"light","dynamicTypeSize":"accessibility5","frame":[32,270.66666666666674,333.33333333333337,187.33333333333326],"id":"trial-label","preferredBodyPoints":53,"time":1790872674.406157,"uptime":1240050.4764297882}
SETUP_PROBE {"appearance":"light","dynamicTypeSize":"accessibility5","frame":[32,9,199.66666666666666,63.333333333333258],"id":"film-title","preferredBodyPoints":53,"time":1790872674.4062231,"uptime":1240050.4764955351}
SETUP_PROBE {"appearance":"light","dynamicTypeSize":"accessibility5","frame":[60,-360,308,63.333333333333371],"id":"silent-capture","preferredBodyPoints":53,"time":1790872674.4062829,"uptime":1240050.4765550101}
SETUP_PROBE {"appearance":"light","dynamicTypeSize":"accessibility5","frame":[32,-577.33333333333337,302.66666666666663,187.33333333333337],"id":"camera-description","preferredBodyPoints":53,"time":1790872674.406342,"uptime":1240050.4766141111}
SETUP_PROBE {"appearance":"light","dynamicTypeSize":"accessibility5","frame":[32,-266.66666666666663,249.66666666666663,125.33333333333337],"id":"orientation-label","preferredBodyPoints":53,"time":1790872674.4064012,"uptime":1240050.47667377}
SETUP_VIEWPORT {"bounds":[0,1035.6666666666667,402,708],"containerSize":[402,708],"contentSize":[402,2089.333333333333],"event":"scroll","insets":[70,0,34,0],"offset":[0,1035.6666666666667],"time":1790872674.4227951,"uptime":1240050.4930698511,"visibleRect":[0,1035.6666666666667,402,812]}
SETUP_PROBE {"appearance":"light","dynamicTypeSize":"accessibility5","frame":[32,1037.3333333333333,217.33333333333331,63.333333333333485],"id":"load-film","preferredBodyPoints":53,"time":1790872674.422982,"uptime":1240050.4932544162}
SETUP_PROBE {"appearance":"light","dynamicTypeSize":"accessibility5","frame":[32,262,333.33333333333337,187.33333333333326],"id":"trial-label","preferredBodyPoints":53,"time":1790872674.4230599,"uptime":1240050.493332434}
SETUP_PROBE {"appearance":"light","dynamicTypeSize":"accessibility5","frame":[32,0.33333333333325754,199.66666666666666,63.333333333333258],"id":"film-title","preferredBodyPoints":53,"time":1790872674.423126,"uptime":1240050.493398081}
SETUP_PROBE {"appearance":"light","dynamicTypeSize":"accessibility5","frame":[60,-368.66666666666674,308,63.333333333333371],"id":"silent-capture","preferredBodyPoints":53,"time":1790872674.4231892,"uptime":1240050.4934607721}
SETUP_PROBE {"appearance":"light","dynamicTypeSize":"accessibility5","frame":[32,-586.00000000000011,302.66666666666663,187.33333333333337],"id":"camera-description","preferredBodyPoints":53,"time":1790872674.42325,"uptime":1240050.4935220731}
SETUP_PROBE {"appearance":"light","dynamicTypeSize":"accessibility5","frame":[32,-275.33333333333337,249.66666666666663,125.33333333333337],"id":"orientation-label","preferredBodyPoints":53,"time":1790872674.42331,"uptime":1240050.4935821572}
SETUP_VIEWPORT {"bounds":[0,1044.3333333333333,402,708],"containerSize":[402,708],"contentSize":[402,2089.333333333333],"event":"scroll","insets":[70,0,34,0],"offset":[0,1044.3333333333333],"time":1790872674.439219,"uptime":1240050.509493286,"visibleRect":[0,1044.3333333333333,402,812]}
SETUP_PROBE {"appearance":"light","dynamicTypeSize":"accessibility5","frame":[32,1028.6666666666667,217.33333333333331,63.333333333333485],"id":"load-film","preferredBodyPoints":53,"time":1790872674.4393911,"uptime":1240050.509663617}
SETUP_PROBE {"appearance":"light","dynamicTypeSize":"accessibility5","frame":[32,253.33333333333348,333.33333333333337,187.33333333333326],"id":"trial-label","preferredBodyPoints":53,"time":1790872674.439466,"uptime":1240050.5097380651}
SETUP_PROBE {"appearance":"light","dynamicTypeSize":"accessibility5","frame":[32,-8.3333333333332575,199.66666666666666,63.333333333333258],"id":"film-title","preferredBodyPoints":53,"time":1790872674.4395289,"uptime":1240050.509801242}
SETUP_PROBE {"appearance":"light","dynamicTypeSize":"accessibility5","frame":[60,-377.33333333333326,308,63.333333333333371],"id":"silent-capture","preferredBodyPoints":53,"time":1790872674.439589,"uptime":1240050.5098608611}
SETUP_PROBE {"appearance":"light","dynamicTypeSize":"accessibility5","frame":[32,-594.66666666666663,302.66666666666663,187.33333333333337],"id":"camera-description","preferredBodyPoints":53,"time":1790872674.439647,"uptime":1240050.50991876}
SETUP_PROBE {"appearance":"light","dynamicTypeSize":"accessibility5","frame":[32,-283.99999999999989,249.66666666666663,125.33333333333337],"id":"orientation-label","preferredBodyPoints":53,"time":1790872674.4397049,"uptime":1240050.5099765521}
SETUP_VIEWPORT {"bounds":[0,1052.6666666666667,402,708],"containerSize":[402,708],"contentSize":[402,2089.333333333333],"event":"scroll","insets":[70,0,34,0],"offset":[0,1052.6666666666667],"time":1790872674.456151,"uptime":1240050.5264253612,"visibleRect":[0,1052.6666666666667,402,812]}
SETUP_PROBE {"appearance":"light","dynamicTypeSize":"accessibility5","frame":[32,1020.3333333333333,217.33333333333331,63.333333333333485],"id":"load-film","preferredBodyPoints":53,"time":1790872674.4563808,"uptime":1240050.5266527361}
SETUP_PROBE {"appearance":"light","dynamicTypeSize":"accessibility5","frame":[32,245,333.33333333333337,187.33333333333326],"id":"trial-label","preferredBodyPoints":53,"time":1790872674.456481,"uptime":1240050.5267527201}
SETUP_PROBE {"appearance":"light","dynamicTypeSize":"accessibility5","frame":[32,-16.666666666666742,199.66666666666666,63.333333333333258],"id":"film-title","preferredBodyPoints":53,"time":1790872674.4565701,"uptime":1240050.526842484}
SETUP_PROBE {"appearance":"light","dynamicTypeSize":"accessibility5","frame":[60,-385.66666666666674,308,63.333333333333371],"id":"silent-capture","preferredBodyPoints":53,"time":1790872674.4566579,"uptime":1240050.5269299541}
SETUP_PROBE {"appearance":"light","dynamicTypeSize":"accessibility5","frame":[32,-603.00000000000011,302.66666666666663,187.33333333333337],"id":"camera-description","preferredBodyPoints":53,"time":1790872674.4602609,"uptime":1240050.5305339622}
SETUP_PROBE {"appearance":"light","dynamicTypeSize":"accessibility5","frame":[32,-292.33333333333337,249.66666666666663,125.33333333333337],"id":"orientation-label","preferredBodyPoints":53,"time":1790872674.4604249,"uptime":1240050.5306970922}
SETUP_VIEWPORT {"bounds":[0,1061,402,708],"containerSize":[402,708],"contentSize":[402,2089.333333333333],"event":"scroll","insets":[70,0,34,0],"offset":[0,1061],"time":1790872674.472877,"uptime":1240050.5431530802,"visibleRect":[0,1061,402,812]}
SETUP_PROBE {"appearance":"light","dynamicTypeSize":"accessibility5","frame":[32,1012,217.33333333333331,63.333333333333485],"id":"load-film","preferredBodyPoints":53,"time":1790872674.473182,"uptime":1240050.5434550862}
SETUP_PROBE {"appearance":"light","dynamicTypeSize":"accessibility5","frame":[32,236.66666666666674,333.33333333333337,187.33333333333326],"id":"trial-label","preferredBodyPoints":53,"time":1790872674.4733238,"uptime":1240050.5435962651}
SETUP_PROBE {"appearance":"light","dynamicTypeSize":"accessibility5","frame":[32,-25,199.66666666666666,63.333333333333258],"id":"film-title","preferredBodyPoints":53,"time":1790872674.4734302,"uptime":1240050.5437013812}
SETUP_PROBE {"appearance":"light","dynamicTypeSize":"accessibility5","frame":[60,-394,308,63.333333333333371],"id":"silent-capture","preferredBodyPoints":53,"time":1790872674.4735279,"uptime":1240050.54379989}
SETUP_PROBE {"appearance":"light","dynamicTypeSize":"accessibility5","frame":[32,-611.33333333333337,302.66666666666663,187.33333333333337],"id":"camera-description","preferredBodyPoints":53,"time":1790872674.4736249,"uptime":1240050.5438965252}
SETUP_PROBE {"appearance":"light","dynamicTypeSize":"accessibility5","frame":[32,-300.66666666666663,249.66666666666663,125.33333333333337],"id":"orientation-label","preferredBodyPoints":53,"time":1790872674.4737239,"uptime":1240050.5439953601}
SETUP_VIEWPORT {"bounds":[0,1068.6666666666667,402,708],"containerSize":[402,708],"contentSize":[402,2089.333333333333],"event":"scroll","insets":[70,0,34,0],"offset":[0,1068.6666666666667],"time":1790872674.489609,"uptime":1240050.5598829922,"visibleRect":[0,1068.6666666666667,402,812]}
SETUP_PROBE {"appearance":"light","dynamicTypeSize":"accessibility5","frame":[32,1004.3333333333333,217.33333333333331,63.333333333333485],"id":"load-film","preferredBodyPoints":53,"time":1790872674.489846,"uptime":1240050.560117464}
SETUP_PROBE {"appearance":"light","dynamicTypeSize":"accessibility5","frame":[32,229,333.33333333333337,187.33333333333326],"id":"trial-label","preferredBodyPoints":53,"time":1790872674.4899459,"uptime":1240050.560217537}
SETUP_PROBE {"appearance":"light","dynamicTypeSize":"accessibility5","frame":[32,-32.666666666666742,199.66666666666666,63.333333333333258],"id":"film-title","preferredBodyPoints":53,"time":1790872674.490032,"uptime":1240050.560304055}
SETUP_PROBE {"appearance":"light","dynamicTypeSize":"accessibility5","frame":[60,-401.66666666666674,308,63.333333333333371],"id":"silent-capture","preferredBodyPoints":53,"time":1790872674.4901161,"uptime":1240050.560387295}
SETUP_PROBE {"appearance":"light","dynamicTypeSize":"accessibility5","frame":[32,-619.00000000000011,302.66666666666663,187.33333333333337],"id":"camera-description","preferredBodyPoints":53,"time":1790872674.4917321,"uptime":1240050.562004101}
SETUP_PROBE {"appearance":"light","dynamicTypeSize":"accessibility5","frame":[32,-308.33333333333337,249.66666666666663,125.33333333333337],"id":"orientation-label","preferredBodyPoints":53,"time":1790872674.4918342,"uptime":1240050.5621057341}
SETUP_VIEWPORT {"bounds":[0,1076.3333333333333,402,708],"containerSize":[402,708],"contentSize":[402,2089.333333333333],"event":"scroll","insets":[70,0,34,0],"offset":[0,1076.3333333333333],"time":1790872674.5070701,"uptime":1240050.5773449452,"visibleRect":[0,1076.3333333333333,402,812]}
SETUP_PROBE {"appearance":"light","dynamicTypeSize":"accessibility5","frame":[32,996.66666666666674,217.33333333333331,63.333333333333485],"id":"load-film","preferredBodyPoints":53,"time":1790872674.5073318,"uptime":1240050.5776035241}
SETUP_PROBE {"appearance":"light","dynamicTypeSize":"accessibility5","frame":[32,221.33333333333348,333.33333333333337,187.33333333333326],"id":"trial-label","preferredBodyPoints":53,"time":1790872674.5074379,"uptime":1240050.577709655}
SETUP_PROBE {"appearance":"light","dynamicTypeSize":"accessibility5","frame":[32,-40.333333333333258,199.66666666666666,63.333333333333258],"id":"film-title","preferredBodyPoints":53,"time":1790872674.50754,"uptime":1240050.57781183}
SETUP_PROBE {"appearance":"light","dynamicTypeSize":"accessibility5","frame":[60,-409.33333333333326,308,63.333333333333371],"id":"silent-capture","preferredBodyPoints":53,"time":1790872674.507628,"uptime":1240050.5778996141}
SETUP_PROBE {"appearance":"light","dynamicTypeSize":"accessibility5","frame":[32,-626.66666666666663,302.66666666666663,187.33333333333337],"id":"camera-description","preferredBodyPoints":53,"time":1790872674.5077128,"uptime":1240050.577984798}
SETUP_PROBE {"appearance":"light","dynamicTypeSize":"accessibility5","frame":[32,-315.99999999999989,249.66666666666663,125.33333333333337],"id":"orientation-label","preferredBodyPoints":53,"time":1790872674.507798,"uptime":1240050.5780691311}
SETUP_VIEWPORT {"bounds":[0,1083.6666666666667,402,708],"containerSize":[402,708],"contentSize":[402,2089.333333333333],"event":"scroll","insets":[70,0,34,0],"offset":[0,1083.6666666666667],"time":1790872674.522862,"uptime":1240050.593135355,"visibleRect":[0,1083.6666666666667,402,812]}
SETUP_PROBE {"appearance":"light","dynamicTypeSize":"accessibility5","frame":[32,989.33333333333326,217.33333333333331,63.333333333333485],"id":"load-film","preferredBodyPoints":53,"time":1790872674.5231829,"uptime":1240050.593454377}
SETUP_PROBE {"appearance":"light","dynamicTypeSize":"accessibility5","frame":[32,214,333.33333333333337,187.33333333333326],"id":"trial-label","preferredBodyPoints":53,"time":1790872674.523289,"uptime":1240050.5935605841}
SETUP_PROBE {"appearance":"light","dynamicTypeSize":"accessibility5","frame":[32,-47.666666666666742,199.66666666666666,63.333333333333258],"id":"film-title","preferredBodyPoints":53,"time":1790872674.523381,"uptime":1240050.593652647}
SETUP_PROBE {"appearance":"light","dynamicTypeSize":"accessibility5","frame":[60,-416.66666666666674,308,63.333333333333371],"id":"silent-capture","preferredBodyPoints":53,"time":1790872674.5234718,"uptime":1240050.5937428111}
SETUP_PROBE {"appearance":"light","dynamicTypeSize":"accessibility5","frame":[32,-634.00000000000011,302.66666666666663,187.33333333333337],"id":"camera-description","preferredBodyPoints":53,"time":1790872674.5255539,"uptime":1240050.5958267471}
SETUP_PROBE {"appearance":"light","dynamicTypeSize":"accessibility5","frame":[32,-323.33333333333337,249.66666666666663,125.33333333333337],"id":"orientation-label","preferredBodyPoints":53,"time":1790872674.5256939,"uptime":1240050.5959653861}
SETUP_VIEWPORT {"bounds":[0,1090.6666666666667,402,708],"containerSize":[402,708],"contentSize":[402,2089.333333333333],"event":"scroll","insets":[70,0,34,0],"offset":[0,1090.6666666666667],"time":1790872674.5401859,"uptime":1240050.610459781,"visibleRect":[0,1090.6666666666667,402,812]}
SETUP_PROBE {"appearance":"light","dynamicTypeSize":"accessibility5","frame":[32,982.33333333333326,217.33333333333331,63.333333333333485],"id":"load-film","preferredBodyPoints":53,"time":1790872674.540458,"uptime":1240050.6107293291}
SETUP_PROBE {"appearance":"light","dynamicTypeSize":"accessibility5","frame":[32,207,333.33333333333337,187.33333333333326],"id":"trial-label","preferredBodyPoints":53,"time":1790872674.5405688,"uptime":1240050.6108402011}
SETUP_PROBE {"appearance":"light","dynamicTypeSize":"accessibility5","frame":[32,-54.666666666666742,199.66666666666666,63.333333333333258],"id":"film-title","preferredBodyPoints":53,"time":1790872674.5406621,"uptime":1240050.610932739}
SETUP_PROBE {"appearance":"light","dynamicTypeSize":"accessibility5","frame":[60,-423.66666666666674,308,63.333333333333371],"id":"silent-capture","preferredBodyPoints":53,"time":1790872674.5407519,"uptime":1240050.6110227201}
SETUP_PROBE {"appearance":"light","dynamicTypeSize":"accessibility5","frame":[32,-641.00000000000011,302.66666666666663,187.33333333333337],"id":"camera-description","preferredBodyPoints":53,"time":1790872674.540844,"uptime":1240050.611114773}
SETUP_PROBE {"appearance":"light","dynamicTypeSize":"accessibility5","frame":[32,-330.33333333333337,249.66666666666663,125.33333333333337],"id":"orientation-label","preferredBodyPoints":53,"time":1790872674.5409331,"uptime":1240050.611203928}
SETUP_VIEWPORT {"bounds":[0,1097.3333333333333,402,708],"containerSize":[402,708],"contentSize":[402,2089.333333333333],"event":"scroll","insets":[70,0,34,0],"offset":[0,1097.3333333333333],"time":1790872674.556191,"uptime":1240050.6264646221,"visibleRect":[0,1097.3333333333333,402,812]}
SETUP_PROBE {"appearance":"light","dynamicTypeSize":"accessibility5","frame":[32,975.66666666666674,217.33333333333331,63.333333333333485],"id":"load-film","preferredBodyPoints":53,"time":1790872674.5564971,"uptime":1240050.6267686172}
SETUP_PROBE {"appearance":"light","dynamicTypeSize":"accessibility5","frame":[32,200.33333333333348,333.33333333333337,187.33333333333326],"id":"trial-label","preferredBodyPoints":53,"time":1790872674.556602,"uptime":1240050.6268729041}
SETUP_PROBE {"appearance":"light","dynamicTypeSize":"accessibility5","frame":[32,-61.333333333333258,199.66666666666666,63.333333333333258],"id":"film-title","preferredBodyPoints":53,"time":1790872674.5566921,"uptime":1240050.626963306}
SETUP_PROBE {"appearance":"light","dynamicTypeSize":"accessibility5","frame":[60,-430.33333333333326,308,63.333333333333371],"id":"silent-capture","preferredBodyPoints":53,"time":1790872674.5567799,"uptime":1240050.627050421}
SETUP_PROBE {"appearance":"light","dynamicTypeSize":"accessibility5","frame":[32,-647.66666666666663,302.66666666666663,187.33333333333337],"id":"camera-description","preferredBodyPoints":53,"time":1790872674.563719,"uptime":1240050.6339922841}
SETUP_PROBE {"appearance":"light","dynamicTypeSize":"accessibility5","frame":[32,-336.99999999999989,249.66666666666663,125.33333333333337],"id":"orientation-label","preferredBodyPoints":53,"time":1790872674.5638959,"uptime":1240050.6341666461}
SETUP_VIEWPORT {"bounds":[0,1104,402,708],"containerSize":[402,708],"contentSize":[402,2089.333333333333],"event":"scroll","insets":[70,0,34,0],"offset":[0,1104],"time":1790872674.5733809,"uptime":1240050.643658231,"visibleRect":[0,1104,402,812]}
SETUP_PROBE {"appearance":"light","dynamicTypeSize":"accessibility5","frame":[32,969,217.33333333333331,63.333333333333485],"id":"load-film","preferredBodyPoints":53,"time":1790872674.5739441,"uptime":1240050.644215744}
SETUP_PROBE {"appearance":"light","dynamicTypeSize":"accessibility5","frame":[32,193.66666666666674,333.33333333333337,187.33333333333326],"id":"trial-label","preferredBodyPoints":53,"time":1790872674.5741129,"uptime":1240050.644383711}
SETUP_PROBE {"appearance":"light","dynamicTypeSize":"accessibility5","frame":[32,-68,199.66666666666666,63.333333333333258],"id":"film-title","preferredBodyPoints":53,"time":1790872674.574214,"uptime":1240050.644485147}
SETUP_PROBE {"appearance":"light","dynamicTypeSize":"accessibility5","frame":[60,-437,308,63.333333333333371],"id":"silent-capture","preferredBodyPoints":53,"time":1790872674.5743041,"uptime":1240050.6445747491}
SETUP_PROBE {"appearance":"light","dynamicTypeSize":"accessibility5","frame":[32,-654.33333333333337,302.66666666666663,187.33333333333337],"id":"camera-description","preferredBodyPoints":53,"time":1790872674.578934,"uptime":1240050.649206266}
SETUP_PROBE {"appearance":"light","dynamicTypeSize":"accessibility5","frame":[32,-343.66666666666663,249.66666666666663,125.33333333333337],"id":"orientation-label","preferredBodyPoints":53,"time":1790872674.5791059,"uptime":1240050.6493767041}
SETUP_VIEWPORT {"bounds":[0,1110.3333333333333,402,708],"containerSize":[402,708],"contentSize":[402,2089.333333333333],"event":"scroll","insets":[70,0,34,0],"offset":[0,1110.3333333333333],"time":1790872674.5901241,"uptime":1240050.6604033371,"visibleRect":[0,1110.3333333333333,402,812]}
SETUP_PROBE {"appearance":"light","dynamicTypeSize":"accessibility5","frame":[32,962.66666666666674,217.33333333333331,63.333333333333485],"id":"load-film","preferredBodyPoints":53,"time":1790872674.5906649,"uptime":1240050.6609380401}
SETUP_PROBE {"appearance":"light","dynamicTypeSize":"accessibility5","frame":[32,187.33333333333348,333.33333333333337,187.33333333333326],"id":"trial-label","preferredBodyPoints":53,"time":1790872674.5908551,"uptime":1240050.661126239}
SETUP_PROBE {"appearance":"light","dynamicTypeSize":"accessibility5","frame":[32,-74.333333333333258,199.66666666666666,63.333333333333258],"id":"film-title","preferredBodyPoints":53,"time":1790872674.5909672,"uptime":1240050.6612372352}
SETUP_PROBE {"appearance":"light","dynamicTypeSize":"accessibility5","frame":[60,-443.33333333333326,308,63.333333333333371],"id":"silent-capture","preferredBodyPoints":53,"time":1790872674.5910602,"uptime":1240050.6613302091}
SETUP_PROBE {"appearance":"light","dynamicTypeSize":"accessibility5","frame":[32,-660.66666666666663,302.66666666666663,187.33333333333337],"id":"camera-description","preferredBodyPoints":53,"time":1790872674.5911651,"uptime":1240050.6614369221}
SETUP_PROBE {"appearance":"light","dynamicTypeSize":"accessibility5","frame":[32,-349.99999999999989,249.66666666666663,125.33333333333337],"id":"orientation-label","preferredBodyPoints":53,"time":1790872674.5912809,"uptime":1240050.6615512141}
SETUP_VIEWPORT {"bounds":[0,1116.6666666666667,402,708],"containerSize":[402,708],"contentSize":[402,2089.333333333333],"event":"scroll","insets":[70,0,34,0],"offset":[0,1116.6666666666667],"time":1790872674.606236,"uptime":1240050.6765085661,"visibleRect":[0,1116.6666666666667,402,812]}
SETUP_PROBE {"appearance":"light","dynamicTypeSize":"accessibility5","frame":[32,956.33333333333326,217.33333333333331,63.333333333333485],"id":"load-film","preferredBodyPoints":53,"time":1790872674.6064758,"uptime":1240050.676746411}
SETUP_PROBE {"appearance":"light","dynamicTypeSize":"accessibility5","frame":[32,181,333.33333333333337,187.33333333333326],"id":"trial-label","preferredBodyPoints":53,"time":1790872674.6065888,"uptime":1240050.676859895}
SETUP_PROBE {"appearance":"light","dynamicTypeSize":"accessibility5","frame":[32,-80.666666666666742,199.66666666666666,63.333333333333258],"id":"film-title","preferredBodyPoints":53,"time":1790872674.606684,"uptime":1240050.676955095}
SETUP_PROBE {"appearance":"light","dynamicTypeSize":"accessibility5","frame":[60,-449.66666666666674,308,63.333333333333371],"id":"silent-capture","preferredBodyPoints":53,"time":1790872674.606787,"uptime":1240050.6770578551}
SETUP_PROBE {"appearance":"light","dynamicTypeSize":"accessibility5","frame":[32,-667.00000000000011,302.66666666666663,187.33333333333337],"id":"camera-description","preferredBodyPoints":53,"time":1790872674.609719,"uptime":1240050.6799909691}
SETUP_PROBE {"appearance":"light","dynamicTypeSize":"accessibility5","frame":[32,-356.33333333333337,249.66666666666663,125.33333333333337],"id":"orientation-label","preferredBodyPoints":53,"time":1790872674.6098518,"uptime":1240050.680122497}
SETUP_VIEWPORT {"bounds":[0,1122.6666666666667,402,708],"containerSize":[402,708],"contentSize":[402,2089.333333333333],"event":"scroll","insets":[70,0,34,0],"offset":[0,1122.6666666666667],"time":1790872674.6233559,"uptime":1240050.6936311012,"visibleRect":[0,1122.6666666666667,402,812]}
SETUP_PROBE {"appearance":"light","dynamicTypeSize":"accessibility5","frame":[32,950.33333333333326,217.33333333333331,63.333333333333485],"id":"load-film","preferredBodyPoints":53,"time":1790872674.623611,"uptime":1240050.6938828591}
SETUP_PROBE {"appearance":"light","dynamicTypeSize":"accessibility5","frame":[32,175,333.33333333333337,187.33333333333326],"id":"trial-label","preferredBodyPoints":53,"time":1790872674.6237059,"uptime":1240050.6939758172}
SETUP_PROBE {"appearance":"light","dynamicTypeSize":"accessibility5","frame":[32,-86.666666666666742,199.66666666666666,63.333333333333258],"id":"film-title","preferredBodyPoints":53,"time":1790872674.6237741,"uptime":1240050.6940443502}
SETUP_PROBE {"appearance":"light","dynamicTypeSize":"accessibility5","frame":[60,-455.66666666666674,308,63.333333333333371],"id":"silent-capture","preferredBodyPoints":53,"time":1790872674.6238389,"uptime":1240050.6941089511}
SETUP_PROBE {"appearance":"light","dynamicTypeSize":"accessibility5","frame":[32,-673.00000000000011,302.66666666666663,187.33333333333337],"id":"camera-description","preferredBodyPoints":53,"time":1790872674.6239018,"uptime":1240050.694172028}
SETUP_PROBE {"appearance":"light","dynamicTypeSize":"accessibility5","frame":[32,-362.33333333333337,249.66666666666663,125.33333333333337],"id":"orientation-label","preferredBodyPoints":53,"time":1790872674.6239672,"uptime":1240050.69423715}
SETUP_VIEWPORT {"bounds":[0,1128.3333333333333,402,708],"containerSize":[402,708],"contentSize":[402,2089.333333333333],"event":"scroll","insets":[70,0,34,0],"offset":[0,1128.3333333333333],"time":1790872674.6394911,"uptime":1240050.7097630322,"visibleRect":[0,1128.3333333333333,402,812]}
SETUP_PROBE {"appearance":"light","dynamicTypeSize":"accessibility5","frame":[32,944.66666666666674,217.33333333333331,63.333333333333485],"id":"load-film","preferredBodyPoints":53,"time":1790872674.6397181,"uptime":1240050.7099881521}
SETUP_PROBE {"appearance":"light","dynamicTypeSize":"accessibility5","frame":[32,169.33333333333348,333.33333333333337,187.33333333333326],"id":"trial-label","preferredBodyPoints":53,"time":1790872674.6398201,"uptime":1240050.7100900861}
SETUP_PROBE {"appearance":"light","dynamicTypeSize":"accessibility5","frame":[32,-92.333333333333258,199.66666666666666,63.333333333333258],"id":"film-title","preferredBodyPoints":53,"time":1790872674.6399078,"uptime":1240050.7101778421}
SETUP_PROBE {"appearance":"light","dynamicTypeSize":"accessibility5","frame":[60,-461.33333333333326,308,63.333333333333371],"id":"silent-capture","preferredBodyPoints":53,"time":1790872674.639991,"uptime":1240050.7102605111}
SETUP_PROBE {"appearance":"light","dynamicTypeSize":"accessibility5","frame":[32,-678.66666666666663,302.66666666666663,187.33333333333337],"id":"camera-description","preferredBodyPoints":53,"time":1790872674.6400809,"uptime":1240050.710350418}
SETUP_PROBE {"appearance":"light","dynamicTypeSize":"accessibility5","frame":[32,-367.99999999999989,249.66666666666663,125.33333333333337],"id":"orientation-label","preferredBodyPoints":53,"time":1790872674.640167,"uptime":1240050.7104372391}
SETUP_VIEWPORT {"bounds":[0,1134,402,708],"containerSize":[402,708],"contentSize":[402,2089.333333333333],"event":"scroll","insets":[70,0,34,0],"offset":[0,1134],"time":1790872674.6559582,"uptime":1240050.7262298081,"visibleRect":[0,1134,402,812]}
SETUP_PROBE {"appearance":"light","dynamicTypeSize":"accessibility5","frame":[32,939,217.33333333333331,63.333333333333485],"id":"load-film","preferredBodyPoints":53,"time":1790872674.656131,"uptime":1240050.7264009172}
SETUP_PROBE {"appearance":"light","dynamicTypeSize":"accessibility5","frame":[32,163.66666666666674,333.33333333333337,187.33333333333326],"id":"trial-label","preferredBodyPoints":53,"time":1790872674.6562061,"uptime":1240050.726475572}
SETUP_PROBE {"appearance":"light","dynamicTypeSize":"accessibility5","frame":[32,-98,199.66666666666666,63.333333333333258],"id":"film-title","preferredBodyPoints":53,"time":1790872674.6562691,"uptime":1240050.7265386952}
SETUP_PROBE {"appearance":"light","dynamicTypeSize":"accessibility5","frame":[60,-467,308,63.333333333333371],"id":"silent-capture","preferredBodyPoints":53,"time":1790872674.656328,"uptime":1240050.7265973832}
SETUP_PROBE {"appearance":"light","dynamicTypeSize":"accessibility5","frame":[32,-684.33333333333337,302.66666666666663,187.33333333333337],"id":"camera-description","preferredBodyPoints":53,"time":1790872674.6563849,"uptime":1240050.7266546541}
SETUP_PROBE {"appearance":"light","dynamicTypeSize":"accessibility5","frame":[32,-373.66666666666663,249.66666666666663,125.33333333333337],"id":"orientation-label","preferredBodyPoints":53,"time":1790872674.6564431,"uptime":1240050.7267130071}
SETUP_VIEWPORT {"bounds":[0,1139.3333333333333,402,708],"containerSize":[402,708],"contentSize":[402,2089.333333333333],"event":"scroll","insets":[70,0,34,0],"offset":[0,1139.3333333333333],"time":1790872674.6727772,"uptime":1240050.7430485531,"visibleRect":[0,1139.3333333333333,402,812]}
SETUP_PROBE {"appearance":"light","dynamicTypeSize":"accessibility5","frame":[32,933.66666666666674,217.33333333333331,63.333333333333485],"id":"load-film","preferredBodyPoints":53,"time":1790872674.672962,"uptime":1240050.743231788}
SETUP_PROBE {"appearance":"light","dynamicTypeSize":"accessibility5","frame":[32,158.33333333333348,333.33333333333337,187.33333333333326],"id":"trial-label","preferredBodyPoints":53,"time":1790872674.673038,"uptime":1240050.743307278}
SETUP_PROBE {"appearance":"light","dynamicTypeSize":"accessibility5","frame":[32,-103.33333333333326,199.66666666666666,63.333333333333258],"id":"film-title","preferredBodyPoints":53,"time":1790872674.6731009,"uptime":1240050.7433704862}
SETUP_PROBE {"appearance":"light","dynamicTypeSize":"accessibility5","frame":[60,-472.33333333333326,308,63.333333333333371],"id":"silent-capture","preferredBodyPoints":53,"time":1790872674.673162,"uptime":1240050.7434311202}
SETUP_PROBE {"appearance":"light","dynamicTypeSize":"accessibility5","frame":[32,-689.66666666666663,302.66666666666663,187.33333333333337],"id":"camera-description","preferredBodyPoints":53,"time":1790872674.6732221,"uptime":1240050.7434910941}
SETUP_PROBE {"appearance":"light","dynamicTypeSize":"accessibility5","frame":[32,-378.99999999999989,249.66666666666663,125.33333333333337],"id":"orientation-label","preferredBodyPoints":53,"time":1790872674.6732821,"uptime":1240050.743551281}
SETUP_VIEWPORT {"bounds":[0,1144.6666666666667,402,708],"containerSize":[402,708],"contentSize":[402,2089.333333333333],"event":"scroll","insets":[70,0,34,0],"offset":[0,1144.6666666666667],"time":1790872674.68962,"uptime":1240050.7598921901,"visibleRect":[0,1144.6666666666667,402,812]}
SETUP_PROBE {"appearance":"light","dynamicTypeSize":"accessibility5","frame":[32,928.33333333333326,217.33333333333331,63.333333333333485],"id":"load-film","preferredBodyPoints":53,"time":1790872674.6898808,"uptime":1240050.7601507672}
SETUP_PROBE {"appearance":"light","dynamicTypeSize":"accessibility5","frame":[32,153,333.33333333333337,187.33333333333326],"id":"trial-label","preferredBodyPoints":53,"time":1790872674.689996,"uptime":1240050.7602654491}
SETUP_PROBE {"appearance":"light","dynamicTypeSize":"accessibility5","frame":[32,-108.66666666666674,199.66666666666666,63.333333333333258],"id":"film-title","preferredBodyPoints":53,"time":1790872674.6901,"uptime":1240050.7603697011}
SETUP_PROBE {"appearance":"light","dynamicTypeSize":"accessibility5","frame":[60,-477.66666666666674,308,63.333333333333371],"id":"silent-capture","preferredBodyPoints":53,"time":1790872674.6902051,"uptime":1240050.7604748991}
SETUP_PROBE {"appearance":"light","dynamicTypeSize":"accessibility5","frame":[32,-695.00000000000011,302.66666666666663,187.33333333333337],"id":"camera-description","preferredBodyPoints":53,"time":1790872674.690309,"uptime":1240050.7605789341}
SETUP_PROBE {"appearance":"light","dynamicTypeSize":"accessibility5","frame":[32,-384.33333333333337,249.66666666666663,125.33333333333337],"id":"orientation-label","preferredBodyPoints":53,"time":1790872674.6904111,"uptime":1240050.760680784}
SETUP_VIEWPORT {"bounds":[0,1149.6666666666667,402,708],"containerSize":[402,708],"contentSize":[402,2089.333333333333],"event":"scroll","insets":[70,0,34,0],"offset":[0,1149.6666666666667],"time":1790872674.705945,"uptime":1240050.7762168462,"visibleRect":[0,1149.6666666666667,402,812]}
SETUP_PROBE {"appearance":"light","dynamicTypeSize":"accessibility5","frame":[32,923.33333333333326,217.33333333333331,63.333333333333485],"id":"load-film","preferredBodyPoints":53,"time":1790872674.7061319,"uptime":1240050.7764013701}
SETUP_PROBE {"appearance":"light","dynamicTypeSize":"accessibility5","frame":[32,148,333.33333333333337,187.33333333333326],"id":"trial-label","preferredBodyPoints":53,"time":1790872674.706212,"uptime":1240050.7764811891}
SETUP_PROBE {"appearance":"light","dynamicTypeSize":"accessibility5","frame":[32,-113.66666666666674,199.66666666666666,63.333333333333258],"id":"film-title","preferredBodyPoints":53,"time":1790872674.7062769,"uptime":1240050.7765462392}
SETUP_PROBE {"appearance":"light","dynamicTypeSize":"accessibility5","frame":[60,-482.66666666666674,308,63.333333333333371],"id":"silent-capture","preferredBodyPoints":53,"time":1790872674.7063398,"uptime":1240050.776609519}
SETUP_PROBE {"appearance":"light","dynamicTypeSize":"accessibility5","frame":[32,-700.00000000000011,302.66666666666663,187.33333333333337],"id":"camera-description","preferredBodyPoints":53,"time":1790872674.7064009,"uptime":1240050.7766702161}
SETUP_PROBE {"appearance":"light","dynamicTypeSize":"accessibility5","frame":[32,-389.33333333333337,249.66666666666663,125.33333333333337],"id":"orientation-label","preferredBodyPoints":53,"time":1790872674.706461,"uptime":1240050.7767306541}
SETUP_VIEWPORT {"bounds":[0,1154.6666666666667,402,708],"containerSize":[402,708],"contentSize":[402,2089.333333333333],"event":"scroll","insets":[70,0,34,0],"offset":[0,1154.6666666666667],"time":1790872674.722667,"uptime":1240050.792937591,"visibleRect":[0,1154.6666666666667,402,812]}
SETUP_PROBE {"appearance":"light","dynamicTypeSize":"accessibility5","frame":[32,918.33333333333326,217.33333333333331,63.333333333333485],"id":"load-film","preferredBodyPoints":53,"time":1790872674.7228432,"uptime":1240050.7931120321}
SETUP_PROBE {"appearance":"light","dynamicTypeSize":"accessibility5","frame":[32,143,333.33333333333337,187.33333333333326],"id":"trial-label","preferredBodyPoints":53,"time":1790872674.722923,"uptime":1240050.7931917291}
SETUP_PROBE {"appearance":"light","dynamicTypeSize":"accessibility5","frame":[32,-118.66666666666674,199.66666666666666,63.333333333333258],"id":"film-title","preferredBodyPoints":53,"time":1790872674.7229872,"uptime":1240050.7932559391}
SETUP_PROBE {"appearance":"light","dynamicTypeSize":"accessibility5","frame":[60,-487.66666666666674,308,63.333333333333371],"id":"silent-capture","preferredBodyPoints":53,"time":1790872674.7230501,"uptime":1240050.7933189052}
SETUP_PROBE {"appearance":"light","dynamicTypeSize":"accessibility5","frame":[32,-705.00000000000011,302.66666666666663,187.33333333333337],"id":"camera-description","preferredBodyPoints":53,"time":1790872674.723109,"uptime":1240050.793377632}
SETUP_PROBE {"appearance":"light","dynamicTypeSize":"accessibility5","frame":[32,-394.33333333333337,249.66666666666663,125.33333333333337],"id":"orientation-label","preferredBodyPoints":53,"time":1790872674.72317,"uptime":1240050.7934392071}
SETUP_VIEWPORT {"bounds":[0,1159.3333333333333,402,708],"containerSize":[402,708],"contentSize":[402,2089.333333333333],"event":"scroll","insets":[70,0,34,0],"offset":[0,1159.3333333333333],"time":1790872674.7392249,"uptime":1240050.8094957632,"visibleRect":[0,1159.3333333333333,402,812]}
SETUP_PROBE {"appearance":"light","dynamicTypeSize":"accessibility5","frame":[32,913.66666666666674,217.33333333333331,63.333333333333485],"id":"load-film","preferredBodyPoints":53,"time":1790872674.739403,"uptime":1240050.8096724472}
SETUP_PROBE {"appearance":"light","dynamicTypeSize":"accessibility5","frame":[32,138.33333333333348,333.33333333333337,187.33333333333326],"id":"trial-label","preferredBodyPoints":53,"time":1790872674.7394838,"uptime":1240050.8097525851}
SETUP_PROBE {"appearance":"light","dynamicTypeSize":"accessibility5","frame":[32,-123.33333333333326,199.66666666666666,63.333333333333258],"id":"film-title","preferredBodyPoints":53,"time":1790872674.7396779,"uptime":1240050.809947676}
SETUP_PROBE {"appearance":"light","dynamicTypeSize":"accessibility5","frame":[60,-492.33333333333326,308,63.333333333333371],"id":"silent-capture","preferredBodyPoints":53,"time":1790872674.739794,"uptime":1240050.810063076}
SETUP_PROBE {"appearance":"light","dynamicTypeSize":"accessibility5","frame":[32,-709.66666666666663,302.66666666666663,187.33333333333337],"id":"camera-description","preferredBodyPoints":53,"time":1790872674.739867,"uptime":1240050.8101354751}
SETUP_PROBE {"appearance":"light","dynamicTypeSize":"accessibility5","frame":[32,-398.99999999999989,249.66666666666663,125.33333333333337],"id":"orientation-label","preferredBodyPoints":53,"time":1790872674.739929,"uptime":1240050.8101977161}
SETUP_VIEWPORT {"bounds":[0,1164,402,708],"containerSize":[402,708],"contentSize":[402,2089.333333333333],"event":"scroll","insets":[70,0,34,0],"offset":[0,1164],"time":1790872674.756145,"uptime":1240050.826416854,"visibleRect":[0,1164,402,812]}
SETUP_PROBE {"appearance":"light","dynamicTypeSize":"accessibility5","frame":[32,909,217.33333333333331,63.333333333333485],"id":"load-film","preferredBodyPoints":53,"time":1790872674.7563291,"uptime":1240050.8265979001}
SETUP_PROBE {"appearance":"light","dynamicTypeSize":"accessibility5","frame":[32,133.66666666666674,333.33333333333337,187.33333333333326],"id":"trial-label","preferredBodyPoints":53,"time":1790872674.756403,"uptime":1240050.8266721361}
SETUP_PROBE {"appearance":"light","dynamicTypeSize":"accessibility5","frame":[32,-128,199.66666666666666,63.333333333333258],"id":"film-title","preferredBodyPoints":53,"time":1790872674.7564681,"uptime":1240050.8267371471}
SETUP_PROBE {"appearance":"light","dynamicTypeSize":"accessibility5","frame":[60,-497,308,63.333333333333371],"id":"silent-capture","preferredBodyPoints":53,"time":1790872674.7565269,"uptime":1240050.8267958781}
SETUP_PROBE {"appearance":"light","dynamicTypeSize":"accessibility5","frame":[32,-714.33333333333337,302.66666666666663,187.33333333333337],"id":"camera-description","preferredBodyPoints":53,"time":1790872674.7565861,"uptime":1240050.8268547652}
SETUP_PROBE {"appearance":"light","dynamicTypeSize":"accessibility5","frame":[32,-403.66666666666663,249.66666666666663,125.33333333333337],"id":"orientation-label","preferredBodyPoints":53,"time":1790872674.756644,"uptime":1240050.8269130511}
SETUP_VIEWPORT {"bounds":[0,1168.3333333333333,402,708],"containerSize":[402,708],"contentSize":[402,2089.333333333333],"event":"scroll","insets":[70,0,34,0],"offset":[0,1168.3333333333333],"time":1790872674.772933,"uptime":1240050.8432032261,"visibleRect":[0,1168.3333333333333,402,812]}
SETUP_PROBE {"appearance":"light","dynamicTypeSize":"accessibility5","frame":[32,904.66666666666674,217.33333333333331,63.333333333333485],"id":"load-film","preferredBodyPoints":53,"time":1790872674.7731829,"uptime":1240050.843452242}
SETUP_PROBE {"appearance":"light","dynamicTypeSize":"accessibility5","frame":[32,129.33333333333348,333.33333333333337,187.33333333333326],"id":"trial-label","preferredBodyPoints":53,"time":1790872674.7732859,"uptime":1240050.8435545692}
SETUP_PROBE {"appearance":"light","dynamicTypeSize":"accessibility5","frame":[32,-132.33333333333326,199.66666666666666,63.333333333333258],"id":"film-title","preferredBodyPoints":53,"time":1790872674.773375,"uptime":1240050.843643395}
SETUP_PROBE {"appearance":"light","dynamicTypeSize":"accessibility5","frame":[60,-501.33333333333326,308,63.333333333333371],"id":"silent-capture","preferredBodyPoints":53,"time":1790872674.7734599,"uptime":1240050.8437284431}
SETUP_PROBE {"appearance":"light","dynamicTypeSize":"accessibility5","frame":[32,-718.66666666666663,302.66666666666663,187.33333333333337],"id":"camera-description","preferredBodyPoints":53,"time":1790872674.7791529,"uptime":1240050.8494231601}
SETUP_PROBE {"appearance":"light","dynamicTypeSize":"accessibility5","frame":[32,-407.99999999999989,249.66666666666663,125.33333333333337],"id":"orientation-label","preferredBodyPoints":53,"time":1790872674.779305,"uptime":1240050.849573595}
SETUP_VIEWPORT {"bounds":[0,1172.6666666666667,402,708],"containerSize":[402,708],"contentSize":[402,2089.333333333333],"event":"scroll","insets":[70,0,34,0],"offset":[0,1172.6666666666667],"time":1790872674.78971,"uptime":1240050.8599850892,"visibleRect":[0,1172.6666666666667,402,812]}
SETUP_PROBE {"appearance":"light","dynamicTypeSize":"accessibility5","frame":[32,900.33333333333326,217.33333333333331,63.333333333333485],"id":"load-film","preferredBodyPoints":53,"time":1790872674.79017,"uptime":1240050.860438402}
SETUP_PROBE {"appearance":"light","dynamicTypeSize":"accessibility5","frame":[32,125,333.33333333333337,187.33333333333326],"id":"trial-label","preferredBodyPoints":53,"time":1790872674.7902811,"uptime":1240050.8605489121}
SETUP_PROBE {"appearance":"light","dynamicTypeSize":"accessibility5","frame":[32,-136.66666666666674,199.66666666666666,63.333333333333258],"id":"film-title","preferredBodyPoints":53,"time":1790872674.790369,"uptime":1240050.860637594}
SETUP_PROBE {"appearance":"light","dynamicTypeSize":"accessibility5","frame":[60,-505.66666666666674,308,63.333333333333371],"id":"silent-capture","preferredBodyPoints":53,"time":1790872674.7904549,"uptime":1240050.8607233791}
SETUP_PROBE {"appearance":"light","dynamicTypeSize":"accessibility5","frame":[32,-723.00000000000011,302.66666666666663,187.33333333333337],"id":"camera-description","preferredBodyPoints":53,"time":1790872674.79054,"uptime":1240050.8608083331}
SETUP_PROBE {"appearance":"light","dynamicTypeSize":"accessibility5","frame":[32,-412.33333333333337,249.66666666666663,125.33333333333337],"id":"orientation-label","preferredBodyPoints":53,"time":1790872674.790627,"uptime":1240050.8608950272}
SETUP_VIEWPORT {"bounds":[0,1176.6666666666667,402,708],"containerSize":[402,708],"contentSize":[402,2089.333333333333],"event":"scroll","insets":[70,0,34,0],"offset":[0,1176.6666666666667],"time":1790872674.8062382,"uptime":1240050.8765088161,"visibleRect":[0,1176.6666666666667,402,812]}
SETUP_PROBE {"appearance":"light","dynamicTypeSize":"accessibility5","frame":[32,896.33333333333326,217.33333333333331,63.333333333333485],"id":"load-film","preferredBodyPoints":53,"time":1790872674.806478,"uptime":1240050.8767470962}
SETUP_PROBE {"appearance":"light","dynamicTypeSize":"accessibility5","frame":[32,121,333.33333333333337,187.33333333333326],"id":"trial-label","preferredBodyPoints":53,"time":1790872674.806591,"uptime":1240050.8768598652}
SETUP_PROBE {"appearance":"light","dynamicTypeSize":"accessibility5","frame":[32,-140.66666666666674,199.66666666666666,63.333333333333258],"id":"film-title","preferredBodyPoints":53,"time":1790872674.806689,"uptime":1240050.8769576082}
SETUP_PROBE {"appearance":"light","dynamicTypeSize":"accessibility5","frame":[60,-509.66666666666674,308,63.333333333333371],"id":"silent-capture","preferredBodyPoints":53,"time":1790872674.8067799,"uptime":1240050.8770481811}
SETUP_PROBE {"appearance":"light","dynamicTypeSize":"accessibility5","frame":[32,-727.00000000000011,302.66666666666663,187.33333333333337],"id":"camera-description","preferredBodyPoints":53,"time":1790872674.809258,"uptime":1240050.879527807}
SETUP_PROBE {"appearance":"light","dynamicTypeSize":"accessibility5","frame":[32,-416.33333333333337,249.66666666666663,125.33333333333337],"id":"orientation-label","preferredBodyPoints":53,"time":1790872674.809397,"uptime":1240050.8796655131}
SETUP_VIEWPORT {"bounds":[0,1180.6666666666667,402,708],"containerSize":[402,708],"contentSize":[402,2089.333333333333],"event":"scroll","insets":[70,0,34,0],"offset":[0,1180.6666666666667],"time":1790872674.823509,"uptime":1240050.893779675,"visibleRect":[0,1180.6666666666667,402,812]}
SETUP_PROBE {"appearance":"light","dynamicTypeSize":"accessibility5","frame":[32,892.33333333333326,217.33333333333331,63.333333333333485],"id":"load-film","preferredBodyPoints":53,"time":1790872674.8237839,"uptime":1240050.8940528601}
SETUP_PROBE {"appearance":"light","dynamicTypeSize":"accessibility5","frame":[32,117,333.33333333333337,187.33333333333326],"id":"trial-label","preferredBodyPoints":53,"time":1790872674.823915,"uptime":1240050.8941836192}
SETUP_PROBE {"appearance":"light","dynamicTypeSize":"accessibility5","frame":[32,-144.66666666666674,199.66666666666666,63.333333333333258],"id":"film-title","preferredBodyPoints":53,"time":1790872674.8240139,"uptime":1240050.8942824141}
SETUP_PROBE {"appearance":"light","dynamicTypeSize":"accessibility5","frame":[60,-513.66666666666674,308,63.333333333333371],"id":"silent-capture","preferredBodyPoints":53,"time":1790872674.8241129,"uptime":1240050.894381579}
SETUP_PROBE {"appearance":"light","dynamicTypeSize":"accessibility5","frame":[32,-731.00000000000011,302.66666666666663,187.33333333333337],"id":"camera-description","preferredBodyPoints":53,"time":1790872674.836967,"uptime":1240050.9072384671}
SETUP_PROBE {"appearance":"light","dynamicTypeSize":"accessibility5","frame":[32,-420.33333333333337,249.66666666666663,125.33333333333337],"id":"orientation-label","preferredBodyPoints":53,"time":1790872674.8371692,"uptime":1240050.9074367702}
SETUP_VIEWPORT {"bounds":[0,1184.6666666666667,402,708],"containerSize":[402,708],"contentSize":[402,2089.333333333333],"event":"scroll","insets":[70,0,34,0],"offset":[0,1184.6666666666667],"time":1790872674.839205,"uptime":1240050.909473812,"visibleRect":[0,1184.6666666666667,402,812]}
SETUP_PROBE {"appearance":"light","dynamicTypeSize":"accessibility5","frame":[32,888.33333333333326,217.33333333333331,63.333333333333485],"id":"load-film","preferredBodyPoints":53,"time":1790872674.8393459,"uptime":1240050.909614396}
SETUP_PROBE {"appearance":"light","dynamicTypeSize":"accessibility5","frame":[32,113,333.33333333333337,187.33333333333326],"id":"trial-label","preferredBodyPoints":53,"time":1790872674.851824,"uptime":1240050.9220961542}
SETUP_PROBE {"appearance":"light","dynamicTypeSize":"accessibility5","frame":[32,-148.66666666666674,199.66666666666666,63.333333333333258],"id":"film-title","preferredBodyPoints":53,"time":1790872674.8520551,"uptime":1240050.922322501}
SETUP_PROBE {"appearance":"light","dynamicTypeSize":"accessibility5","frame":[60,-517.66666666666674,308,63.333333333333371],"id":"silent-capture","preferredBodyPoints":53,"time":1790872674.8521562,"uptime":1240050.9224240622}
SETUP_PROBE {"appearance":"light","dynamicTypeSize":"accessibility5","frame":[32,-735.00000000000011,302.66666666666663,187.33333333333337],"id":"camera-description","preferredBodyPoints":53,"time":1790872674.8522539,"uptime":1240050.9225222971}
SETUP_PROBE {"appearance":"light","dynamicTypeSize":"accessibility5","frame":[32,-424.33333333333337,249.66666666666663,125.33333333333337],"id":"orientation-label","preferredBodyPoints":53,"time":1790872674.852349,"uptime":1240050.922616896}
SETUP_VIEWPORT {"bounds":[0,1188.3333333333333,402,708],"containerSize":[402,708],"contentSize":[402,2089.333333333333],"event":"scroll","insets":[70,0,34,0],"offset":[0,1188.3333333333333],"time":1790872674.857172,"uptime":1240050.9274426901,"visibleRect":[0,1188.3333333333333,402,812]}
SETUP_PROBE {"appearance":"light","dynamicTypeSize":"accessibility5","frame":[32,884.66666666666674,217.33333333333331,63.333333333333485],"id":"load-film","preferredBodyPoints":53,"time":1790872674.857445,"uptime":1240050.927714267}
SETUP_PROBE {"appearance":"light","dynamicTypeSize":"accessibility5","frame":[32,109.33333333333348,333.33333333333337,187.33333333333326],"id":"trial-label","preferredBodyPoints":53,"time":1790872674.8575799,"uptime":1240050.92784812}
SETUP_PROBE {"appearance":"light","dynamicTypeSize":"accessibility5","frame":[32,-152.33333333333326,199.66666666666666,63.333333333333258],"id":"film-title","preferredBodyPoints":53,"time":1790872674.857687,"uptime":1240050.9279551802}
SETUP_PROBE {"appearance":"light","dynamicTypeSize":"accessibility5","frame":[60,-521.33333333333326,308,63.333333333333371],"id":"silent-capture","preferredBodyPoints":53,"time":1790872674.8577919,"uptime":1240050.9280604171}
SETUP_PROBE {"appearance":"light","dynamicTypeSize":"accessibility5","frame":[32,-738.66666666666663,302.66666666666663,187.33333333333337],"id":"camera-description","preferredBodyPoints":53,"time":1790872674.864152,"uptime":1240050.934422201}
SETUP_PROBE {"appearance":"light","dynamicTypeSize":"accessibility5","frame":[32,-427.99999999999989,249.66666666666663,125.33333333333337],"id":"orientation-label","preferredBodyPoints":53,"time":1790872674.864362,"uptime":1240050.934629983}
SETUP_VIEWPORT {"bounds":[0,1192,402,708],"containerSize":[402,708],"contentSize":[402,2089.333333333333],"event":"scroll","insets":[70,0,34,0],"offset":[0,1192],"time":1790872674.8745809,"uptime":1240050.9448525871,"visibleRect":[0,1192,402,812]}
SETUP_PROBE {"appearance":"light","dynamicTypeSize":"accessibility5","frame":[32,881,217.33333333333331,63.333333333333485],"id":"load-film","preferredBodyPoints":53,"time":1790872674.8750591,"uptime":1240050.9453270212}
SETUP_PROBE {"appearance":"light","dynamicTypeSize":"accessibility5","frame":[32,105.66666666666674,333.33333333333337,187.33333333333326],"id":"trial-label","preferredBodyPoints":53,"time":1790872674.8751721,"uptime":1240050.9454391422}
SETUP_PROBE {"appearance":"light","dynamicTypeSize":"accessibility5","frame":[32,-156,199.66666666666666,63.333333333333258],"id":"film-title","preferredBodyPoints":53,"time":1790872674.8752608,"uptime":1240050.9455290402}
SETUP_PROBE {"appearance":"light","dynamicTypeSize":"accessibility5","frame":[60,-525,308,63.333333333333371],"id":"silent-capture","preferredBodyPoints":53,"time":1790872674.875356,"uptime":1240050.9456240211}
SETUP_PROBE {"appearance":"light","dynamicTypeSize":"accessibility5","frame":[32,-742.33333333333337,302.66666666666663,187.33333333333337],"id":"camera-description","preferredBodyPoints":53,"time":1790872674.875452,"uptime":1240050.9457199341}
SETUP_PROBE {"appearance":"light","dynamicTypeSize":"accessibility5","frame":[32,-431.66666666666663,249.66666666666663,125.33333333333337],"id":"orientation-label","preferredBodyPoints":53,"time":1790872674.87555,"uptime":1240050.9458172082}
SETUP_VIEWPORT {"bounds":[0,1195.6666666666667,402,708],"containerSize":[402,708],"contentSize":[402,2089.333333333333],"event":"scroll","insets":[70,0,34,0],"offset":[0,1195.6666666666667],"time":1790872674.8898039,"uptime":1240050.9600744271,"visibleRect":[0,1195.6666666666667,402,812]}
SETUP_PROBE {"appearance":"light","dynamicTypeSize":"accessibility5","frame":[32,877.33333333333326,217.33333333333331,63.333333333333485],"id":"load-film","preferredBodyPoints":53,"time":1790872674.8900599,"uptime":1240050.9603276791}
SETUP_PROBE {"appearance":"light","dynamicTypeSize":"accessibility5","frame":[32,102,333.33333333333337,187.33333333333326],"id":"trial-label","preferredBodyPoints":53,"time":1790872674.890173,"uptime":1240050.9604402771}
SETUP_PROBE {"appearance":"light","dynamicTypeSize":"accessibility5","frame":[32,-159.66666666666674,199.66666666666666,63.333333333333258],"id":"film-title","preferredBodyPoints":53,"time":1790872674.890265,"uptime":1240050.960532957}
SETUP_PROBE {"appearance":"light","dynamicTypeSize":"accessibility5","frame":[60,-528.66666666666674,308,63.333333333333371],"id":"silent-capture","preferredBodyPoints":53,"time":1790872674.8903608,"uptime":1240050.9606282951}
SETUP_PROBE {"appearance":"light","dynamicTypeSize":"accessibility5","frame":[32,-746.00000000000011,302.66666666666663,187.33333333333337],"id":"camera-description","preferredBodyPoints":53,"time":1790872674.890455,"uptime":1240050.960722002}
SETUP_PROBE {"appearance":"light","dynamicTypeSize":"accessibility5","frame":[32,-435.33333333333337,249.66666666666663,125.33333333333337],"id":"orientation-label","preferredBodyPoints":53,"time":1790872674.890554,"uptime":1240050.9608215562}
SETUP_VIEWPORT {"bounds":[0,1199,402,708],"containerSize":[402,708],"contentSize":[402,2089.333333333333],"event":"scroll","insets":[70,0,34,0],"offset":[0,1199],"time":1790872674.90678,"uptime":1240050.9770501361,"visibleRect":[0,1199,402,812]}
SETUP_PROBE {"appearance":"light","dynamicTypeSize":"accessibility5","frame":[32,874,217.33333333333331,63.333333333333485],"id":"load-film","preferredBodyPoints":53,"time":1790872674.9070501,"uptime":1240050.977317902}
SETUP_PROBE {"appearance":"light","dynamicTypeSize":"accessibility5","frame":[32,98.666666666666742,333.33333333333337,187.33333333333326],"id":"trial-label","preferredBodyPoints":53,"time":1790872674.90716,"uptime":1240050.9774267371}
SETUP_PROBE {"appearance":"light","dynamicTypeSize":"accessibility5","frame":[32,-163,199.66666666666666,63.333333333333258],"id":"film-title","preferredBodyPoints":53,"time":1790872674.9072518,"uptime":1240050.9775193571}
SETUP_PROBE {"appearance":"light","dynamicTypeSize":"accessibility5","frame":[60,-532,308,63.333333333333371],"id":"silent-capture","preferredBodyPoints":53,"time":1790872674.907342,"uptime":1240050.9776092102}
SETUP_PROBE {"appearance":"light","dynamicTypeSize":"accessibility5","frame":[32,-749.33333333333337,302.66666666666663,187.33333333333337],"id":"camera-description","preferredBodyPoints":53,"time":1790872674.907428,"uptime":1240050.9776955161}
SETUP_PROBE {"appearance":"light","dynamicTypeSize":"accessibility5","frame":[32,-438.66666666666663,249.66666666666663,125.33333333333337],"id":"orientation-label","preferredBodyPoints":53,"time":1790872674.9075131,"uptime":1240050.9777806231}
SETUP_VIEWPORT {"bounds":[0,1205.3333333333333,402,708],"containerSize":[402,708],"contentSize":[402,2089.333333333333],"event":"scroll","insets":[70,0,34,0],"offset":[0,1205.3333333333333],"time":1790872674.9396029,"uptime":1240051.0098728852,"visibleRect":[0,1205.3333333333333,402,812]}
SETUP_PROBE {"appearance":"light","dynamicTypeSize":"accessibility5","frame":[32,867.66666666666674,217.33333333333331,63.333333333333485],"id":"load-film","preferredBodyPoints":53,"time":1790872674.9398551,"uptime":1240051.0101218352}
SETUP_PROBE {"appearance":"light","dynamicTypeSize":"accessibility5","frame":[32,92.333333333333485,333.33333333333337,187.33333333333326],"id":"trial-label","preferredBodyPoints":53,"time":1790872674.9399681,"uptime":1240051.0102349801}
SETUP_PROBE {"appearance":"light","dynamicTypeSize":"accessibility5","frame":[32,-169.33333333333326,199.66666666666666,63.333333333333258],"id":"film-title","preferredBodyPoints":53,"time":1790872674.9400711,"uptime":1240051.0103382161}
SETUP_PROBE {"appearance":"light","dynamicTypeSize":"accessibility5","frame":[60,-538.33333333333326,308,63.333333333333371],"id":"silent-capture","preferredBodyPoints":53,"time":1790872674.9401751,"uptime":1240051.010442365}
SETUP_PROBE {"appearance":"light","dynamicTypeSize":"accessibility5","frame":[32,-755.66666666666663,302.66666666666663,187.33333333333337],"id":"camera-description","preferredBodyPoints":53,"time":1790872674.940279,"uptime":1240051.010546545}
SETUP_PROBE {"appearance":"light","dynamicTypeSize":"accessibility5","frame":[32,-444.99999999999989,249.66666666666663,125.33333333333337],"id":"orientation-label","preferredBodyPoints":53,"time":1790872674.9404001,"uptime":1240051.010667132}
SETUP_VIEWPORT {"bounds":[0,1208.3333333333333,402,708],"containerSize":[402,708],"contentSize":[402,2089.333333333333],"event":"scroll","insets":[70,0,34,0],"offset":[0,1208.3333333333333],"time":1790872674.9562402,"uptime":1240051.0265088591,"visibleRect":[0,1208.3333333333333,402,812]}
SETUP_PROBE {"appearance":"light","dynamicTypeSize":"accessibility5","frame":[32,864.66666666666674,217.33333333333331,63.333333333333485],"id":"load-film","preferredBodyPoints":53,"time":1790872674.95648,"uptime":1240051.0267467431}
SETUP_PROBE {"appearance":"light","dynamicTypeSize":"accessibility5","frame":[32,89.333333333333485,333.33333333333337,187.33333333333326],"id":"trial-label","preferredBodyPoints":53,"time":1790872674.9565859,"uptime":1240051.0268523982}
SETUP_PROBE {"appearance":"light","dynamicTypeSize":"accessibility5","frame":[32,-172.33333333333326,199.66666666666666,63.333333333333258],"id":"film-title","preferredBodyPoints":53,"time":1790872674.9566851,"uptime":1240051.0269516851}
SETUP_PROBE {"appearance":"light","dynamicTypeSize":"accessibility5","frame":[60,-541.33333333333326,308,63.333333333333371],"id":"silent-capture","preferredBodyPoints":53,"time":1790872674.956773,"uptime":1240051.0270395961}
SETUP_PROBE {"appearance":"light","dynamicTypeSize":"accessibility5","frame":[32,-758.66666666666663,302.66666666666663,187.33333333333337],"id":"camera-description","preferredBodyPoints":53,"time":1790872674.956857,"uptime":1240051.0271239891}
SETUP_PROBE {"appearance":"light","dynamicTypeSize":"accessibility5","frame":[32,-447.99999999999989,249.66666666666663,125.33333333333337],"id":"orientation-label","preferredBodyPoints":53,"time":1790872674.9569402,"uptime":1240051.027206474}
SETUP_VIEWPORT {"bounds":[0,1211.3333333333333,402,708],"containerSize":[402,708],"contentSize":[402,2089.333333333333],"event":"scroll","insets":[70,0,34,0],"offset":[0,1211.3333333333333],"time":1790872674.9727049,"uptime":1240051.04297351,"visibleRect":[0,1211.3333333333333,402,812]}
SETUP_PROBE {"appearance":"light","dynamicTypeSize":"accessibility5","frame":[32,861.66666666666674,217.33333333333331,63.333333333333485],"id":"load-film","preferredBodyPoints":53,"time":1790872674.972873,"uptime":1240051.043139796}
SETUP_PROBE {"appearance":"light","dynamicTypeSize":"accessibility5","frame":[32,86.333333333333485,333.33333333333337,187.33333333333326],"id":"trial-label","preferredBodyPoints":53,"time":1790872674.9729462,"uptime":1240051.0432126122}
SETUP_PROBE {"appearance":"light","dynamicTypeSize":"accessibility5","frame":[32,-175.33333333333326,199.66666666666666,63.333333333333258],"id":"film-title","preferredBodyPoints":53,"time":1790872674.9730082,"uptime":1240051.0432746271}
SETUP_PROBE {"appearance":"light","dynamicTypeSize":"accessibility5","frame":[60,-544.33333333333326,308,63.333333333333371],"id":"silent-capture","preferredBodyPoints":53,"time":1790872674.9730649,"uptime":1240051.0433314471}
SETUP_PROBE {"appearance":"light","dynamicTypeSize":"accessibility5","frame":[32,-761.66666666666663,302.66666666666663,187.33333333333337],"id":"camera-description","preferredBodyPoints":53,"time":1790872674.9731221,"uptime":1240051.043388539}
SETUP_PROBE {"appearance":"light","dynamicTypeSize":"accessibility5","frame":[32,-450.99999999999989,249.66666666666663,125.33333333333337],"id":"orientation-label","preferredBodyPoints":53,"time":1790872674.9731779,"uptime":1240051.0434441101}
SETUP_VIEWPORT {"bounds":[0,1214.3333333333333,402,708],"containerSize":[402,708],"contentSize":[402,2089.333333333333],"event":"scroll","insets":[70,0,34,0],"offset":[0,1214.3333333333333],"time":1790872674.9891319,"uptime":1240051.0593994642,"visibleRect":[0,1214.3333333333333,402,812]}
SETUP_PROBE {"appearance":"light","dynamicTypeSize":"accessibility5","frame":[32,858.66666666666674,217.33333333333331,63.333333333333485],"id":"load-film","preferredBodyPoints":53,"time":1790872674.98929,"uptime":1240051.0595563091}
SETUP_PROBE {"appearance":"light","dynamicTypeSize":"accessibility5","frame":[32,83.333333333333485,333.33333333333337,187.33333333333326],"id":"trial-label","preferredBodyPoints":53,"time":1790872674.989362,"uptime":1240051.0596277681}
SETUP_PROBE {"appearance":"light","dynamicTypeSize":"accessibility5","frame":[32,-178.33333333333326,199.66666666666666,63.333333333333258],"id":"film-title","preferredBodyPoints":53,"time":1790872674.989423,"uptime":1240051.059689689}
SETUP_PROBE {"appearance":"light","dynamicTypeSize":"accessibility5","frame":[60,-547.33333333333326,308,63.333333333333371],"id":"silent-capture","preferredBodyPoints":53,"time":1790872674.98948,"uptime":1240051.059746539}
SETUP_PROBE {"appearance":"light","dynamicTypeSize":"accessibility5","frame":[32,-764.66666666666663,302.66666666666663,187.33333333333337],"id":"camera-description","preferredBodyPoints":53,"time":1790872674.989537,"uptime":1240051.0598027071}
SETUP_PROBE {"appearance":"light","dynamicTypeSize":"accessibility5","frame":[32,-453.99999999999989,249.66666666666663,125.33333333333337],"id":"orientation-label","preferredBodyPoints":53,"time":1790872674.989593,"uptime":1240051.0598588251}
SETUP_VIEWPORT {"bounds":[0,1217,402,708],"containerSize":[402,708],"contentSize":[402,2089.333333333333],"event":"scroll","insets":[70,0,34,0],"offset":[0,1217],"time":1790872675.0058231,"uptime":1240051.0760910111,"visibleRect":[0,1217,402,812]}
SETUP_PROBE {"appearance":"light","dynamicTypeSize":"accessibility5","frame":[32,856,217.33333333333331,63.333333333333485],"id":"load-film","preferredBodyPoints":53,"time":1790872675.0059881,"uptime":1240051.0762545131}
SETUP_PROBE {"appearance":"light","dynamicTypeSize":"accessibility5","frame":[32,80.666666666666742,333.33333333333337,187.33333333333326],"id":"trial-label","preferredBodyPoints":53,"time":1790872675.0060611,"uptime":1240051.076327255}
SETUP_PROBE {"appearance":"light","dynamicTypeSize":"accessibility5","frame":[32,-181,199.66666666666666,63.333333333333258],"id":"film-title","preferredBodyPoints":53,"time":1790872675.006125,"uptime":1240051.0763909442}
SETUP_PROBE {"appearance":"light","dynamicTypeSize":"accessibility5","frame":[60,-550,308,63.333333333333371],"id":"silent-capture","preferredBodyPoints":53,"time":1790872675.0061831,"uptime":1240051.0764492471}
SETUP_PROBE {"appearance":"light","dynamicTypeSize":"accessibility5","frame":[32,-767.33333333333337,302.66666666666663,187.33333333333337],"id":"camera-description","preferredBodyPoints":53,"time":1790872675.0062408,"uptime":1240051.076506702}
SETUP_PROBE {"appearance":"light","dynamicTypeSize":"accessibility5","frame":[32,-456.66666666666663,249.66666666666663,125.33333333333337],"id":"orientation-label","preferredBodyPoints":53,"time":1790872675.0062981,"uptime":1240051.0765640931}
SETUP_VIEWPORT {"bounds":[0,1219.6666666666667,402,708],"containerSize":[402,708],"contentSize":[402,2089.333333333333],"event":"scroll","insets":[70,0,34,0],"offset":[0,1219.6666666666667],"time":1790872675.0225129,"uptime":1240051.092780438,"visibleRect":[0,1219.6666666666667,402,812]}
SETUP_PROBE {"appearance":"light","dynamicTypeSize":"accessibility5","frame":[32,853.33333333333326,217.33333333333331,63.333333333333485],"id":"load-film","preferredBodyPoints":53,"time":1790872675.0226831,"uptime":1240051.0929491641}
SETUP_PROBE {"appearance":"light","dynamicTypeSize":"accessibility5","frame":[32,78,333.33333333333337,187.33333333333326],"id":"trial-label","preferredBodyPoints":53,"time":1790872675.0227551,"uptime":1240051.0930209642}
SETUP_PROBE {"appearance":"light","dynamicTypeSize":"accessibility5","frame":[32,-183.66666666666674,199.66666666666666,63.333333333333258],"id":"film-title","preferredBodyPoints":53,"time":1790872675.0228159,"uptime":1240051.093081905}
SETUP_PROBE {"appearance":"light","dynamicTypeSize":"accessibility5","frame":[60,-552.66666666666674,308,63.333333333333371],"id":"silent-capture","preferredBodyPoints":53,"time":1790872675.0228739,"uptime":1240051.0931394892}
SETUP_PROBE {"appearance":"light","dynamicTypeSize":"accessibility5","frame":[32,-770.00000000000011,302.66666666666663,187.33333333333337],"id":"camera-description","preferredBodyPoints":53,"time":1790872675.0229311,"uptime":1240051.09319666}
SETUP_PROBE {"appearance":"light","dynamicTypeSize":"accessibility5","frame":[32,-459.33333333333337,249.66666666666663,125.33333333333337],"id":"orientation-label","preferredBodyPoints":53,"time":1790872675.0229869,"uptime":1240051.0932529762}
SETUP_VIEWPORT {"bounds":[0,1222.3333333333333,402,708],"containerSize":[402,708],"contentSize":[402,2089.333333333333],"event":"scroll","insets":[70,0,34,0],"offset":[0,1222.3333333333333],"time":1790872675.0392199,"uptime":1240051.1094870011,"visibleRect":[0,1222.3333333333333,402,812]}
SETUP_PROBE {"appearance":"light","dynamicTypeSize":"accessibility5","frame":[32,850.66666666666674,217.33333333333331,63.333333333333485],"id":"load-film","preferredBodyPoints":53,"time":1790872675.0393929,"uptime":1240051.1096597051}
SETUP_PROBE {"appearance":"light","dynamicTypeSize":"accessibility5","frame":[32,75.333333333333485,333.33333333333337,187.33333333333326],"id":"trial-label","preferredBodyPoints":53,"time":1790872675.0394731,"uptime":1240051.1097388351}
SETUP_PROBE {"appearance":"light","dynamicTypeSize":"accessibility5","frame":[32,-186.33333333333326,199.66666666666666,63.333333333333258],"id":"film-title","preferredBodyPoints":53,"time":1790872675.039535,"uptime":1240051.109800857}
SETUP_PROBE {"appearance":"light","dynamicTypeSize":"accessibility5","frame":[60,-555.33333333333326,308,63.333333333333371],"id":"silent-capture","preferredBodyPoints":53,"time":1790872675.039593,"uptime":1240051.109858331}
SETUP_PROBE {"appearance":"light","dynamicTypeSize":"accessibility5","frame":[32,-772.66666666666663,302.66666666666663,187.33333333333337],"id":"camera-description","preferredBodyPoints":53,"time":1790872675.039649,"uptime":1240051.109914921}
SETUP_PROBE {"appearance":"light","dynamicTypeSize":"accessibility5","frame":[32,-461.99999999999989,249.66666666666663,125.33333333333337],"id":"orientation-label","preferredBodyPoints":53,"time":1790872675.039705,"uptime":1240051.1099709261}
SETUP_VIEWPORT {"bounds":[0,1225,402,708],"containerSize":[402,708],"contentSize":[402,2089.333333333333],"event":"scroll","insets":[70,0,34,0],"offset":[0,1225],"time":1790872675.055824,"uptime":1240051.1260911371,"visibleRect":[0,1225,402,812]}
SETUP_PROBE {"appearance":"light","dynamicTypeSize":"accessibility5","frame":[32,848,217.33333333333331,63.333333333333485],"id":"load-film","preferredBodyPoints":53,"time":1790872675.0559912,"uptime":1240051.1262571102}
SETUP_PROBE {"appearance":"light","dynamicTypeSize":"accessibility5","frame":[32,72.666666666666742,333.33333333333337,187.33333333333326],"id":"trial-label","preferredBodyPoints":53,"time":1790872675.0560632,"uptime":1240051.1263288502}
SETUP_PROBE {"appearance":"light","dynamicTypeSize":"accessibility5","frame":[32,-189,199.66666666666666,63.333333333333258],"id":"film-title","preferredBodyPoints":53,"time":1790872675.0561261,"uptime":1240051.1263913452}
SETUP_PROBE {"appearance":"light","dynamicTypeSize":"accessibility5","frame":[60,-558,308,63.333333333333371],"id":"silent-capture","preferredBodyPoints":53,"time":1790872675.0561841,"uptime":1240051.1264496441}
SETUP_PROBE {"appearance":"light","dynamicTypeSize":"accessibility5","frame":[32,-775.33333333333337,302.66666666666663,187.33333333333337],"id":"camera-description","preferredBodyPoints":53,"time":1790872675.056241,"uptime":1240051.1265069011}
SETUP_PROBE {"appearance":"light","dynamicTypeSize":"accessibility5","frame":[32,-464.66666666666663,249.66666666666663,125.33333333333337],"id":"orientation-label","preferredBodyPoints":53,"time":1790872675.0563059,"uptime":1240051.1265714371}
SETUP_VIEWPORT {"bounds":[0,1227.3333333333333,402,708],"containerSize":[402,708],"contentSize":[402,2089.333333333333],"event":"scroll","insets":[70,0,34,0],"offset":[0,1227.3333333333333],"time":1790872675.072674,"uptime":1240051.1429423841,"visibleRect":[0,1227.3333333333333,402,812]}
SETUP_PROBE {"appearance":"light","dynamicTypeSize":"accessibility5","frame":[32,845.66666666666674,217.33333333333331,63.333333333333485],"id":"load-film","preferredBodyPoints":53,"time":1790872675.0729151,"uptime":1240051.143180582}
SETUP_PROBE {"appearance":"light","dynamicTypeSize":"accessibility5","frame":[32,70.333333333333485,333.33333333333337,187.33333333333326],"id":"trial-label","preferredBodyPoints":53,"time":1790872675.0730181,"uptime":1240051.143283586}
SETUP_PROBE {"appearance":"light","dynamicTypeSize":"accessibility5","frame":[32,-191.33333333333326,199.66666666666666,63.333333333333258],"id":"film-title","preferredBodyPoints":53,"time":1790872675.0731049,"uptime":1240051.1433703031}
SETUP_PROBE {"appearance":"light","dynamicTypeSize":"accessibility5","frame":[60,-560.33333333333326,308,63.333333333333371],"id":"silent-capture","preferredBodyPoints":53,"time":1790872675.0731878,"uptime":1240051.1434533992}
SETUP_PROBE {"appearance":"light","dynamicTypeSize":"accessibility5","frame":[32,-777.66666666666663,302.66666666666663,187.33333333333337],"id":"camera-description","preferredBodyPoints":53,"time":1790872675.0732698,"uptime":1240051.1435352031}
SETUP_PROBE {"appearance":"light","dynamicTypeSize":"accessibility5","frame":[32,-466.99999999999989,249.66666666666663,125.33333333333337],"id":"orientation-label","preferredBodyPoints":53,"time":1790872675.0733509,"uptime":1240051.1436163431}
SETUP_VIEWPORT {"bounds":[0,1229.6666666666667,402,708],"containerSize":[402,708],"contentSize":[402,2089.333333333333],"event":"scroll","insets":[70,0,34,0],"offset":[0,1229.6666666666667],"time":1790872675.0895009,"uptime":1240051.159769397,"visibleRect":[0,1229.6666666666667,402,812]}
SETUP_PROBE {"appearance":"light","dynamicTypeSize":"accessibility5","frame":[32,843.33333333333326,217.33333333333331,63.333333333333485],"id":"load-film","preferredBodyPoints":53,"time":1790872675.0897741,"uptime":1240051.16003963}
SETUP_PROBE {"appearance":"light","dynamicTypeSize":"accessibility5","frame":[32,68,333.33333333333337,187.33333333333326],"id":"trial-label","preferredBodyPoints":53,"time":1790872675.089885,"uptime":1240051.160149951}
SETUP_PROBE {"appearance":"light","dynamicTypeSize":"accessibility5","frame":[32,-193.66666666666674,199.66666666666666,63.333333333333258],"id":"film-title","preferredBodyPoints":53,"time":1790872675.089978,"uptime":1240051.1602434611}
SETUP_PROBE {"appearance":"light","dynamicTypeSize":"accessibility5","frame":[60,-562.66666666666674,308,63.333333333333371],"id":"silent-capture","preferredBodyPoints":53,"time":1790872675.09007,"uptime":1240051.1603349452}
SETUP_PROBE {"appearance":"light","dynamicTypeSize":"accessibility5","frame":[32,-780.00000000000011,302.66666666666663,187.33333333333337],"id":"camera-description","preferredBodyPoints":53,"time":1790872675.090152,"uptime":1240051.160417567}
SETUP_PROBE {"appearance":"light","dynamicTypeSize":"accessibility5","frame":[32,-469.33333333333337,249.66666666666663,125.33333333333337],"id":"orientation-label","preferredBodyPoints":53,"time":1790872675.090234,"uptime":1240051.160498786}
SETUP_VIEWPORT {"bounds":[0,1232,402,708],"containerSize":[402,708],"contentSize":[402,2089.333333333333],"event":"scroll","insets":[70,0,34,0],"offset":[0,1232],"time":1790872675.10602,"uptime":1240051.176287079,"visibleRect":[0,1232,402,812]}
SETUP_PROBE {"appearance":"light","dynamicTypeSize":"accessibility5","frame":[32,841,217.33333333333331,63.333333333333485],"id":"load-film","preferredBodyPoints":53,"time":1790872675.1062012,"uptime":1240051.1764667081}
SETUP_PROBE {"appearance":"light","dynamicTypeSize":"accessibility5","frame":[32,65.666666666666742,333.33333333333337,187.33333333333326],"id":"trial-label","preferredBodyPoints":53,"time":1790872675.1062851,"uptime":1240051.1765494761}
SETUP_PROBE {"appearance":"light","dynamicTypeSize":"accessibility5","frame":[32,-196,199.66666666666666,63.333333333333258],"id":"film-title","preferredBodyPoints":53,"time":1790872675.106349,"uptime":1240051.1766135432}
SETUP_PROBE {"appearance":"light","dynamicTypeSize":"accessibility5","frame":[60,-565,308,63.333333333333371],"id":"silent-capture","preferredBodyPoints":53,"time":1790872675.1064072,"uptime":1240051.176671965}
SETUP_PROBE {"appearance":"light","dynamicTypeSize":"accessibility5","frame":[32,-782.33333333333337,302.66666666666663,187.33333333333337],"id":"camera-description","preferredBodyPoints":53,"time":1790872675.1064649,"uptime":1240051.1767299531}
SETUP_PROBE {"appearance":"light","dynamicTypeSize":"accessibility5","frame":[32,-471.66666666666663,249.66666666666663,125.33333333333337],"id":"orientation-label","preferredBodyPoints":53,"time":1790872675.106523,"uptime":1240051.1767879911}
SETUP_VIEWPORT {"bounds":[0,1234,402,708],"containerSize":[402,708],"contentSize":[402,2089.333333333333],"event":"scroll","insets":[70,0,34,0],"offset":[0,1234],"time":1790872675.1226439,"uptime":1240051.192911189,"visibleRect":[0,1234,402,812]}
SETUP_PROBE {"appearance":"light","dynamicTypeSize":"accessibility5","frame":[32,839,217.33333333333331,63.333333333333485],"id":"load-film","preferredBodyPoints":53,"time":1790872675.1228399,"uptime":1240051.1931051621}
SETUP_PROBE {"appearance":"light","dynamicTypeSize":"accessibility5","frame":[32,63.666666666666742,333.33333333333337,187.33333333333326],"id":"trial-label","preferredBodyPoints":53,"time":1790872675.122925,"uptime":1240051.1931896391}
SETUP_PROBE {"appearance":"light","dynamicTypeSize":"accessibility5","frame":[32,-198,199.66666666666666,63.333333333333258],"id":"film-title","preferredBodyPoints":53,"time":1790872675.1229911,"uptime":1240051.1932555011}
SETUP_PROBE {"appearance":"light","dynamicTypeSize":"accessibility5","frame":[60,-567,308,63.333333333333371],"id":"silent-capture","preferredBodyPoints":53,"time":1790872675.1230512,"uptime":1240051.1933158191}
SETUP_PROBE {"appearance":"light","dynamicTypeSize":"accessibility5","frame":[32,-784.33333333333337,302.66666666666663,187.33333333333337],"id":"camera-description","preferredBodyPoints":53,"time":1790872675.123111,"uptime":1240051.1933758392}
SETUP_PROBE {"appearance":"light","dynamicTypeSize":"accessibility5","frame":[32,-473.66666666666663,249.66666666666663,125.33333333333337],"id":"orientation-label","preferredBodyPoints":53,"time":1790872675.1232119,"uptime":1240051.193476984}
SETUP_VIEWPORT {"bounds":[0,1236.3333333333333,402,708],"containerSize":[402,708],"contentSize":[402,2089.333333333333],"event":"scroll","insets":[70,0,34,0],"offset":[0,1236.3333333333333],"time":1790872675.139544,"uptime":1240051.2098107461,"visibleRect":[0,1236.3333333333333,402,812]}
SETUP_PROBE {"appearance":"light","dynamicTypeSize":"accessibility5","frame":[32,836.66666666666674,217.33333333333331,63.333333333333485],"id":"load-film","preferredBodyPoints":53,"time":1790872675.1398001,"uptime":1240051.2100657141}
SETUP_PROBE {"appearance":"light","dynamicTypeSize":"accessibility5","frame":[32,61.333333333333485,333.33333333333337,187.33333333333326],"id":"trial-label","preferredBodyPoints":53,"time":1790872675.1399112,"uptime":1240051.2101761012}
SETUP_PROBE {"appearance":"light","dynamicTypeSize":"accessibility5","frame":[32,-200.33333333333326,199.66666666666666,63.333333333333258],"id":"film-title","preferredBodyPoints":53,"time":1790872675.139998,"uptime":1240051.2102624192}
SETUP_PROBE {"appearance":"light","dynamicTypeSize":"accessibility5","frame":[60,-569.33333333333326,308,63.333333333333371],"id":"silent-capture","preferredBodyPoints":53,"time":1790872675.1400809,"uptime":1240051.210345288}
SETUP_PROBE {"appearance":"light","dynamicTypeSize":"accessibility5","frame":[32,-786.66666666666663,302.66666666666663,187.33333333333337],"id":"camera-description","preferredBodyPoints":53,"time":1790872675.140358,"uptime":1240051.2106231381}
SETUP_PROBE {"appearance":"light","dynamicTypeSize":"accessibility5","frame":[32,-475.99999999999989,249.66666666666663,125.33333333333337],"id":"orientation-label","preferredBodyPoints":53,"time":1790872675.1404419,"uptime":1240051.210706573}
SETUP_VIEWPORT {"bounds":[0,1238.3333333333333,402,708],"containerSize":[402,708],"contentSize":[402,2089.333333333333],"event":"scroll","insets":[70,0,34,0],"offset":[0,1238.3333333333333],"time":1790872675.156008,"uptime":1240051.22627556,"visibleRect":[0,1238.3333333333333,402,812]}
SETUP_PROBE {"appearance":"light","dynamicTypeSize":"accessibility5","frame":[32,834.66666666666674,217.33333333333331,63.333333333333485],"id":"load-film","preferredBodyPoints":53,"time":1790872675.156215,"uptime":1240051.2264794342}
SETUP_PROBE {"appearance":"light","dynamicTypeSize":"accessibility5","frame":[32,59.333333333333485,333.33333333333337,187.33333333333326],"id":"trial-label","preferredBodyPoints":53,"time":1790872675.1562948,"uptime":1240051.2265594471}
SETUP_PROBE {"appearance":"light","dynamicTypeSize":"accessibility5","frame":[32,-202.33333333333326,199.66666666666666,63.333333333333258],"id":"film-title","preferredBodyPoints":53,"time":1790872675.1563611,"uptime":1240051.2266253962}
SETUP_PROBE {"appearance":"light","dynamicTypeSize":"accessibility5","frame":[60,-571.33333333333326,308,63.333333333333371],"id":"silent-capture","preferredBodyPoints":53,"time":1790872675.1564221,"uptime":1240051.2266863151}
SETUP_PROBE {"appearance":"light","dynamicTypeSize":"accessibility5","frame":[32,-788.66666666666663,302.66666666666663,187.33333333333337],"id":"camera-description","preferredBodyPoints":53,"time":1790872675.156481,"uptime":1240051.2267458502}
SETUP_PROBE {"appearance":"light","dynamicTypeSize":"accessibility5","frame":[32,-477.99999999999989,249.66666666666663,125.33333333333337],"id":"orientation-label","preferredBodyPoints":53,"time":1790872675.1565452,"uptime":1240051.2268099221}
SETUP_VIEWPORT {"bounds":[0,1240.3333333333333,402,708],"containerSize":[402,708],"contentSize":[402,2089.333333333333],"event":"scroll","insets":[70,0,34,0],"offset":[0,1240.3333333333333],"time":1790872675.172822,"uptime":1240051.2430889211,"visibleRect":[0,1240.3333333333333,402,812]}
SETUP_PROBE {"appearance":"light","dynamicTypeSize":"accessibility5","frame":[32,832.66666666666674,217.33333333333331,63.333333333333485],"id":"load-film","preferredBodyPoints":53,"time":1790872675.17307,"uptime":1240051.243334535}
SETUP_PROBE {"appearance":"light","dynamicTypeSize":"accessibility5","frame":[32,57.333333333333485,333.33333333333337,187.33333333333326],"id":"trial-label","preferredBodyPoints":53,"time":1790872675.1731679,"uptime":1240051.243432272}
SETUP_PROBE {"appearance":"light","dynamicTypeSize":"accessibility5","frame":[32,-204.33333333333326,199.66666666666666,63.333333333333258],"id":"film-title","preferredBodyPoints":53,"time":1790872675.173255,"uptime":1240051.2435190352}
SETUP_PROBE {"appearance":"light","dynamicTypeSize":"accessibility5","frame":[60,-573.33333333333326,308,63.333333333333371],"id":"silent-capture","preferredBodyPoints":53,"time":1790872675.173346,"uptime":1240051.243610268}
SETUP_PROBE {"appearance":"light","dynamicTypeSize":"accessibility5","frame":[32,-790.66666666666663,302.66666666666663,187.33333333333337],"id":"camera-description","preferredBodyPoints":53,"time":1790872675.1734271,"uptime":1240051.2436911331}
SETUP_PROBE {"appearance":"light","dynamicTypeSize":"accessibility5","frame":[32,-479.99999999999989,249.66666666666663,125.33333333333337],"id":"orientation-label","preferredBodyPoints":53,"time":1790872675.173506,"uptime":1240051.243770438}
SETUP_VIEWPORT {"bounds":[0,1242.3333333333333,402,708],"containerSize":[402,708],"contentSize":[402,2089.333333333333],"event":"scroll","insets":[70,0,34,0],"offset":[0,1242.3333333333333],"time":1790872675.1897669,"uptime":1240051.2600334501,"visibleRect":[0,1242.3333333333333,402,812]}
SETUP_PROBE {"appearance":"light","dynamicTypeSize":"accessibility5","frame":[32,830.66666666666674,217.33333333333331,63.333333333333485],"id":"load-film","preferredBodyPoints":53,"time":1790872675.1899729,"uptime":1240051.2602375781}
SETUP_PROBE {"appearance":"light","dynamicTypeSize":"accessibility5","frame":[32,55.333333333333485,333.33333333333337,187.33333333333326],"id":"trial-label","preferredBodyPoints":53,"time":1790872675.1900558,"uptime":1240051.2603201901}
SETUP_PROBE {"appearance":"light","dynamicTypeSize":"accessibility5","frame":[32,-206.33333333333326,199.66666666666666,63.333333333333258],"id":"film-title","preferredBodyPoints":53,"time":1790872675.19012,"uptime":1240051.2603840691}
SETUP_PROBE {"appearance":"light","dynamicTypeSize":"accessibility5","frame":[60,-575.33333333333326,308,63.333333333333371],"id":"silent-capture","preferredBodyPoints":53,"time":1790872675.1901798,"uptime":1240051.260444622}
SETUP_PROBE {"appearance":"light","dynamicTypeSize":"accessibility5","frame":[32,-792.66666666666663,302.66666666666663,187.33333333333337],"id":"camera-description","preferredBodyPoints":53,"time":1790872675.1902409,"uptime":1240051.2605046791}
SETUP_PROBE {"appearance":"light","dynamicTypeSize":"accessibility5","frame":[32,-481.99999999999989,249.66666666666663,125.33333333333337],"id":"orientation-label","preferredBodyPoints":53,"time":1790872675.190299,"uptime":1240051.2605634031}
SETUP_VIEWPORT {"bounds":[0,1244,402,708],"containerSize":[402,708],"contentSize":[402,2089.333333333333],"event":"scroll","insets":[70,0,34,0],"offset":[0,1244],"time":1790872675.2068861,"uptime":1240051.277152705,"visibleRect":[0,1244,402,812]}
SETUP_PROBE {"appearance":"light","dynamicTypeSize":"accessibility5","frame":[32,829,217.33333333333331,63.333333333333485],"id":"load-film","preferredBodyPoints":53,"time":1790872675.207232,"uptime":1240051.277496448}
SETUP_PROBE {"appearance":"light","dynamicTypeSize":"accessibility5","frame":[32,53.666666666666742,333.33333333333337,187.33333333333326],"id":"trial-label","preferredBodyPoints":53,"time":1790872675.2073479,"uptime":1240051.2776116452}
SETUP_PROBE {"appearance":"light","dynamicTypeSize":"accessibility5","frame":[32,-208,199.66666666666666,63.333333333333258],"id":"film-title","preferredBodyPoints":53,"time":1790872675.207438,"uptime":1240051.277701597}
SETUP_PROBE {"appearance":"light","dynamicTypeSize":"accessibility5","frame":[60,-577,308,63.333333333333371],"id":"silent-capture","preferredBodyPoints":53,"time":1790872675.20752,"uptime":1240051.2777845222}
SETUP_PROBE {"appearance":"light","dynamicTypeSize":"accessibility5","frame":[32,-794.33333333333337,302.66666666666663,187.33333333333337],"id":"camera-description","preferredBodyPoints":53,"time":1790872675.2117791,"uptime":1240051.2820453851}
SETUP_PROBE {"appearance":"light","dynamicTypeSize":"accessibility5","frame":[32,-483.66666666666663,249.66666666666663,125.33333333333337],"id":"orientation-label","preferredBodyPoints":53,"time":1790872675.2119689,"uptime":1240051.2822334701}
SETUP_VIEWPORT {"bounds":[0,1246,402,708],"containerSize":[402,708],"contentSize":[402,2089.333333333333],"event":"scroll","insets":[70,0,34,0],"offset":[0,1246],"time":1790872675.223175,"uptime":1240051.293446616,"visibleRect":[0,1246,402,812]}
SETUP_PROBE {"appearance":"light","dynamicTypeSize":"accessibility5","frame":[32,827,217.33333333333331,63.333333333333485],"id":"load-film","preferredBodyPoints":53,"time":1790872675.223614,"uptime":1240051.2938788391}
SETUP_PROBE {"appearance":"light","dynamicTypeSize":"accessibility5","frame":[32,51.666666666666742,333.33333333333337,187.33333333333326],"id":"trial-label","preferredBodyPoints":53,"time":1790872675.2237291,"uptime":1240051.2939928311}
SETUP_PROBE {"appearance":"light","dynamicTypeSize":"accessibility5","frame":[32,-210,199.66666666666666,63.333333333333258],"id":"film-title","preferredBodyPoints":53,"time":1790872675.223799,"uptime":1240051.294062769}
SETUP_PROBE {"appearance":"light","dynamicTypeSize":"accessibility5","frame":[60,-579,308,63.333333333333371],"id":"silent-capture","preferredBodyPoints":53,"time":1790872675.223861,"uptime":1240051.2941245332}
SETUP_PROBE {"appearance":"light","dynamicTypeSize":"accessibility5","frame":[32,-796.33333333333337,302.66666666666663,187.33333333333337],"id":"camera-description","preferredBodyPoints":53,"time":1790872675.2239251,"uptime":1240051.2941890762}
SETUP_PROBE {"appearance":"light","dynamicTypeSize":"accessibility5","frame":[32,-485.66666666666663,249.66666666666663,125.33333333333337],"id":"orientation-label","preferredBodyPoints":53,"time":1790872675.2239871,"uptime":1240051.2942505952}
SETUP_VIEWPORT {"bounds":[0,1247.6666666666667,402,708],"containerSize":[402,708],"contentSize":[402,2089.333333333333],"event":"scroll","insets":[70,0,34,0],"offset":[0,1247.6666666666667],"time":1790872675.23948,"uptime":1240051.3097461981,"visibleRect":[0,1247.6666666666667,402,812]}
SETUP_PROBE {"appearance":"light","dynamicTypeSize":"accessibility5","frame":[32,825.33333333333326,217.33333333333331,63.333333333333485],"id":"load-film","preferredBodyPoints":53,"time":1790872675.239717,"uptime":1240051.309980812}
SETUP_PROBE {"appearance":"light","dynamicTypeSize":"accessibility5","frame":[32,50,333.33333333333337,187.33333333333326],"id":"trial-label","preferredBodyPoints":53,"time":1790872675.2398219,"uptime":1240051.310085793}
SETUP_PROBE {"appearance":"light","dynamicTypeSize":"accessibility5","frame":[32,-211.66666666666674,199.66666666666666,63.333333333333258],"id":"film-title","preferredBodyPoints":53,"time":1790872675.2399111,"uptime":1240051.310174997}
SETUP_PROBE {"appearance":"light","dynamicTypeSize":"accessibility5","frame":[60,-580.66666666666674,308,63.333333333333371],"id":"silent-capture","preferredBodyPoints":53,"time":1790872675.2399991,"uptime":1240051.3102623392}
SETUP_PROBE {"appearance":"light","dynamicTypeSize":"accessibility5","frame":[32,-798.00000000000011,302.66666666666663,187.33333333333337],"id":"camera-description","preferredBodyPoints":53,"time":1790872675.2458,"uptime":1240051.3160676342}
SETUP_PROBE {"appearance":"light","dynamicTypeSize":"accessibility5","frame":[32,-487.33333333333337,249.66666666666663,125.33333333333337],"id":"orientation-label","preferredBodyPoints":53,"time":1790872675.245986,"uptime":1240051.3162505841}
SETUP_VIEWPORT {"bounds":[0,1249.3333333333333,402,708],"containerSize":[402,708],"contentSize":[402,2089.333333333333],"event":"scroll","insets":[70,0,34,0],"offset":[0,1249.3333333333333],"time":1790872675.2566681,"uptime":1240051.3269378832,"visibleRect":[0,1249.3333333333333,402,812]}
SETUP_PROBE {"appearance":"light","dynamicTypeSize":"accessibility5","frame":[32,823.66666666666674,217.33333333333331,63.333333333333485],"id":"load-film","preferredBodyPoints":53,"time":1790872675.2571158,"uptime":1240051.3273795811}
SETUP_PROBE {"appearance":"light","dynamicTypeSize":"accessibility5","frame":[32,48.333333333333485,333.33333333333337,187.33333333333326],"id":"trial-label","preferredBodyPoints":53,"time":1790872675.2572489,"uptime":1240051.3275126871}
SETUP_PROBE {"appearance":"light","dynamicTypeSize":"accessibility5","frame":[32,-213.33333333333326,199.66666666666666,63.333333333333258],"id":"film-title","preferredBodyPoints":53,"time":1790872675.257344,"uptime":1240051.327607597}
SETUP_PROBE {"appearance":"light","dynamicTypeSize":"accessibility5","frame":[60,-582.33333333333326,308,63.333333333333371],"id":"silent-capture","preferredBodyPoints":53,"time":1790872675.2574391,"uptime":1240051.3277026732}
SETUP_PROBE {"appearance":"light","dynamicTypeSize":"accessibility5","frame":[32,-799.66666666666663,302.66666666666663,187.33333333333337],"id":"camera-description","preferredBodyPoints":53,"time":1790872675.257535,"uptime":1240051.327798605}
SETUP_PROBE {"appearance":"light","dynamicTypeSize":"accessibility5","frame":[32,-488.99999999999989,249.66666666666663,125.33333333333337],"id":"orientation-label","preferredBodyPoints":53,"time":1790872675.257627,"uptime":1240051.327890543}
SETUP_VIEWPORT {"bounds":[0,1251,402,708],"containerSize":[402,708],"contentSize":[402,2089.333333333333],"event":"scroll","insets":[70,0,34,0],"offset":[0,1251],"time":1790872675.2727752,"uptime":1240051.3430413161,"visibleRect":[0,1251,402,812]}
SETUP_PROBE {"appearance":"light","dynamicTypeSize":"accessibility5","frame":[32,822,217.33333333333331,63.333333333333485],"id":"load-film","preferredBodyPoints":53,"time":1790872675.2729831,"uptime":1240051.3432468711}
SETUP_PROBE {"appearance":"light","dynamicTypeSize":"accessibility5","frame":[32,46.666666666666742,333.33333333333337,187.33333333333326],"id":"trial-label","preferredBodyPoints":53,"time":1790872675.2730689,"uptime":1240051.343332496}
SETUP_PROBE {"appearance":"light","dynamicTypeSize":"accessibility5","frame":[32,-215,199.66666666666666,63.333333333333258],"id":"film-title","preferredBodyPoints":53,"time":1790872675.2731318,"uptime":1240051.3433956911}
SETUP_PROBE {"appearance":"light","dynamicTypeSize":"accessibility5","frame":[60,-584,308,63.333333333333371],"id":"silent-capture","preferredBodyPoints":53,"time":1790872675.273191,"uptime":1240051.3434542872}
SETUP_PROBE {"appearance":"light","dynamicTypeSize":"accessibility5","frame":[32,-801.33333333333337,302.66666666666663,187.33333333333337],"id":"camera-description","preferredBodyPoints":53,"time":1790872675.2732491,"uptime":1240051.343511919}
SETUP_PROBE {"appearance":"light","dynamicTypeSize":"accessibility5","frame":[32,-490.66666666666663,249.66666666666663,125.33333333333337],"id":"orientation-label","preferredBodyPoints":53,"time":1790872675.2733068,"uptime":1240051.3435705202}
SETUP_VIEWPORT {"bounds":[0,1252.6666666666667,402,708],"containerSize":[402,708],"contentSize":[402,2089.333333333333],"event":"scroll","insets":[70,0,34,0],"offset":[0,1252.6666666666667],"time":1790872675.2894969,"uptime":1240051.3597621801,"visibleRect":[0,1252.6666666666667,402,812]}
SETUP_PROBE {"appearance":"light","dynamicTypeSize":"accessibility5","frame":[32,820.33333333333326,217.33333333333331,63.333333333333485],"id":"load-film","preferredBodyPoints":53,"time":1790872675.2897229,"uptime":1240051.3599870151}
SETUP_PROBE {"appearance":"light","dynamicTypeSize":"accessibility5","frame":[32,45,333.33333333333337,187.33333333333326],"id":"trial-label","preferredBodyPoints":53,"time":1790872675.2898021,"uptime":1240051.3600653352}
SETUP_PROBE {"appearance":"light","dynamicTypeSize":"accessibility5","frame":[32,-216.66666666666674,199.66666666666666,63.333333333333258],"id":"film-title","preferredBodyPoints":53,"time":1790872675.2898679,"uptime":1240051.3601308011}
SETUP_PROBE {"appearance":"light","dynamicTypeSize":"accessibility5","frame":[60,-585.66666666666674,308,63.333333333333371],"id":"silent-capture","preferredBodyPoints":53,"time":1790872675.2899399,"uptime":1240051.360203411}
SETUP_PROBE {"appearance":"light","dynamicTypeSize":"accessibility5","frame":[32,-803.00000000000011,302.66666666666663,187.33333333333337],"id":"camera-description","preferredBodyPoints":53,"time":1790872675.290005,"uptime":1240051.360268628}
SETUP_PROBE {"appearance":"light","dynamicTypeSize":"accessibility5","frame":[32,-492.33333333333337,249.66666666666663,125.33333333333337],"id":"orientation-label","preferredBodyPoints":53,"time":1790872675.290067,"uptime":1240051.360329842}
SETUP_VIEWPORT {"bounds":[0,1254,402,708],"containerSize":[402,708],"contentSize":[402,2089.333333333333],"event":"scroll","insets":[70,0,34,0],"offset":[0,1254],"time":1790872675.306021,"uptime":1240051.376285939,"visibleRect":[0,1254,402,812]}
SETUP_PROBE {"appearance":"light","dynamicTypeSize":"accessibility5","frame":[32,819,217.33333333333331,63.333333333333485],"id":"load-film","preferredBodyPoints":53,"time":1790872675.306191,"uptime":1240051.3764540742}
SETUP_PROBE {"appearance":"light","dynamicTypeSize":"accessibility5","frame":[32,43.666666666666742,333.33333333333337,187.33333333333326],"id":"trial-label","preferredBodyPoints":53,"time":1790872675.3062658,"uptime":1240051.376528895}
SETUP_PROBE {"appearance":"light","dynamicTypeSize":"accessibility5","frame":[32,-218,199.66666666666666,63.333333333333258],"id":"film-title","preferredBodyPoints":53,"time":1790872675.3063312,"uptime":1240051.3765934422}
SETUP_PROBE {"appearance":"light","dynamicTypeSize":"accessibility5","frame":[60,-587,308,63.333333333333371],"id":"silent-capture","preferredBodyPoints":53,"time":1790872675.30639,"uptime":1240051.3766526352}
SETUP_PROBE {"appearance":"light","dynamicTypeSize":"accessibility5","frame":[32,-804.33333333333337,302.66666666666663,187.33333333333337],"id":"camera-description","preferredBodyPoints":53,"time":1790872675.3064489,"uptime":1240051.3767114452}
SETUP_PROBE {"appearance":"light","dynamicTypeSize":"accessibility5","frame":[32,-493.66666666666663,249.66666666666663,125.33333333333337],"id":"orientation-label","preferredBodyPoints":53,"time":1790872675.3065062,"uptime":1240051.3767692691}
SETUP_VIEWPORT {"bounds":[0,1255.6666666666667,402,708],"containerSize":[402,708],"contentSize":[402,2089.333333333333],"event":"scroll","insets":[70,0,34,0],"offset":[0,1255.6666666666667],"time":1790872675.322566,"uptime":1240051.3928304461,"visibleRect":[0,1255.6666666666667,402,812]}
SETUP_PROBE {"appearance":"light","dynamicTypeSize":"accessibility5","frame":[32,817.33333333333326,217.33333333333331,63.333333333333485],"id":"load-film","preferredBodyPoints":53,"time":1790872675.322731,"uptime":1240051.3929944031}
SETUP_PROBE {"appearance":"light","dynamicTypeSize":"accessibility5","frame":[32,42,333.33333333333337,187.33333333333326],"id":"trial-label","preferredBodyPoints":53,"time":1790872675.3228049,"uptime":1240051.393067752}
SETUP_PROBE {"appearance":"light","dynamicTypeSize":"accessibility5","frame":[32,-219.66666666666674,199.66666666666666,63.333333333333258],"id":"film-title","preferredBodyPoints":53,"time":1790872675.3228669,"uptime":1240051.393129589}
SETUP_PROBE {"appearance":"light","dynamicTypeSize":"accessibility5","frame":[60,-588.66666666666674,308,63.333333333333371],"id":"silent-capture","preferredBodyPoints":53,"time":1790872675.3229251,"uptime":1240051.3931877832}
SETUP_PROBE {"appearance":"light","dynamicTypeSize":"accessibility5","frame":[32,-806.00000000000011,302.66666666666663,187.33333333333337],"id":"camera-description","preferredBodyPoints":53,"time":1790872675.3229818,"uptime":1240051.3932452342}
SETUP_PROBE {"appearance":"light","dynamicTypeSize":"accessibility5","frame":[32,-495.33333333333337,249.66666666666663,125.33333333333337],"id":"orientation-label","preferredBodyPoints":53,"time":1790872675.32304,"uptime":1240051.393302972}
SETUP_VIEWPORT {"bounds":[0,1257,402,708],"containerSize":[402,708],"contentSize":[402,2089.333333333333],"event":"scroll","insets":[70,0,34,0],"offset":[0,1257],"time":1790872675.3392191,"uptime":1240051.4094836102,"visibleRect":[0,1257,402,812]}
SETUP_PROBE {"appearance":"light","dynamicTypeSize":"accessibility5","frame":[32,816,217.33333333333331,63.333333333333485],"id":"load-film","preferredBodyPoints":53,"time":1790872675.3393989,"uptime":1240051.4096618521}
SETUP_PROBE {"appearance":"light","dynamicTypeSize":"accessibility5","frame":[32,40.666666666666742,333.33333333333337,187.33333333333326],"id":"trial-label","preferredBodyPoints":53,"time":1790872675.3394771,"uptime":1240051.4097396221}
SETUP_PROBE {"appearance":"light","dynamicTypeSize":"accessibility5","frame":[32,-221,199.66666666666666,63.333333333333258],"id":"film-title","preferredBodyPoints":53,"time":1790872675.3395419,"uptime":1240051.4098048192}
SETUP_PROBE {"appearance":"light","dynamicTypeSize":"accessibility5","frame":[60,-590,308,63.333333333333371],"id":"silent-capture","preferredBodyPoints":53,"time":1790872675.339606,"uptime":1240051.409868682}
SETUP_PROBE {"appearance":"light","dynamicTypeSize":"accessibility5","frame":[32,-807.33333333333337,302.66666666666663,187.33333333333337],"id":"camera-description","preferredBodyPoints":53,"time":1790872675.3396668,"uptime":1240051.409929971}
SETUP_PROBE {"appearance":"light","dynamicTypeSize":"accessibility5","frame":[32,-496.66666666666663,249.66666666666663,125.33333333333337],"id":"orientation-label","preferredBodyPoints":53,"time":1790872675.3397269,"uptime":1240051.4099899321}
SETUP_VIEWPORT {"bounds":[0,1258.3333333333333,402,708],"containerSize":[402,708],"contentSize":[402,2089.333333333333],"event":"scroll","insets":[70,0,34,0],"offset":[0,1258.3333333333333],"time":1790872675.3561358,"uptime":1240051.4264011171,"visibleRect":[0,1258.3333333333333,402,812]}
SETUP_PROBE {"appearance":"light","dynamicTypeSize":"accessibility5","frame":[32,814.66666666666674,217.33333333333331,63.333333333333485],"id":"load-film","preferredBodyPoints":53,"time":1790872675.3563499,"uptime":1240051.426613189}
SETUP_PROBE {"appearance":"light","dynamicTypeSize":"accessibility5","frame":[32,39.333333333333485,333.33333333333337,187.33333333333326],"id":"trial-label","preferredBodyPoints":53,"time":1790872675.3564291,"uptime":1240051.4266912241}
SETUP_PROBE {"appearance":"light","dynamicTypeSize":"accessibility5","frame":[32,-222.33333333333326,199.66666666666666,63.333333333333258],"id":"film-title","preferredBodyPoints":53,"time":1790872675.356493,"uptime":1240051.4267556621}
SETUP_PROBE {"appearance":"light","dynamicTypeSize":"accessibility5","frame":[60,-591.33333333333326,308,63.333333333333371],"id":"silent-capture","preferredBodyPoints":53,"time":1790872675.356554,"uptime":1240051.426816531}
SETUP_PROBE {"appearance":"light","dynamicTypeSize":"accessibility5","frame":[32,-808.66666666666663,302.66666666666663,187.33333333333337],"id":"camera-description","preferredBodyPoints":53,"time":1790872675.3566141,"uptime":1240051.4268759701}
SETUP_PROBE {"appearance":"light","dynamicTypeSize":"accessibility5","frame":[32,-497.99999999999989,249.66666666666663,125.33333333333337],"id":"orientation-label","preferredBodyPoints":53,"time":1790872675.356673,"uptime":1240051.4269355992}
SETUP_VIEWPORT {"bounds":[0,1259.6666666666667,402,708],"containerSize":[402,708],"contentSize":[402,2089.333333333333],"event":"scroll","insets":[70,0,34,0],"offset":[0,1259.6666666666667],"time":1790872675.3725131,"uptime":1240051.4427774511,"visibleRect":[0,1259.6666666666667,402,812]}
SETUP_PROBE {"appearance":"light","dynamicTypeSize":"accessibility5","frame":[32,813.33333333333326,217.33333333333331,63.333333333333485],"id":"load-film","preferredBodyPoints":53,"time":1790872675.3726749,"uptime":1240051.4429374491}
SETUP_PROBE {"appearance":"light","dynamicTypeSize":"accessibility5","frame":[32,38,333.33333333333337,187.33333333333326],"id":"trial-label","preferredBodyPoints":53,"time":1790872675.372746,"uptime":1240051.443008682}
SETUP_PROBE {"appearance":"light","dynamicTypeSize":"accessibility5","frame":[32,-223.66666666666674,199.66666666666666,63.333333333333258],"id":"film-title","preferredBodyPoints":53,"time":1790872675.372807,"uptime":1240051.4430696301}
SETUP_PROBE {"appearance":"light","dynamicTypeSize":"accessibility5","frame":[60,-592.66666666666674,308,63.333333333333371],"id":"silent-capture","preferredBodyPoints":53,"time":1790872675.3728681,"uptime":1240051.4431305202}
SETUP_PROBE {"appearance":"light","dynamicTypeSize":"accessibility5","frame":[32,-810.00000000000011,302.66666666666663,187.33333333333337],"id":"camera-description","preferredBodyPoints":53,"time":1790872675.372926,"uptime":1240051.4431881991}
SETUP_PROBE {"appearance":"light","dynamicTypeSize":"accessibility5","frame":[32,-499.33333333333337,249.66666666666663,125.33333333333337],"id":"orientation-label","preferredBodyPoints":53,"time":1790872675.372983,"uptime":1240051.4432450621}
SETUP_VIEWPORT {"bounds":[0,1261,402,708],"containerSize":[402,708],"contentSize":[402,2089.333333333333],"event":"scroll","insets":[70,0,34,0],"offset":[0,1261],"time":1790872675.389185,"uptime":1240051.459449057,"visibleRect":[0,1261,402,812]}
SETUP_PROBE {"appearance":"light","dynamicTypeSize":"accessibility5","frame":[32,812,217.33333333333331,63.333333333333485],"id":"load-film","preferredBodyPoints":53,"time":1790872675.3893471,"uptime":1240051.459608987}
SETUP_PROBE {"appearance":"light","dynamicTypeSize":"accessibility5","frame":[32,36.666666666666742,333.33333333333337,187.33333333333326],"id":"trial-label","preferredBodyPoints":53,"time":1790872675.3894269,"uptime":1240051.459688958}
SETUP_PROBE {"appearance":"light","dynamicTypeSize":"accessibility5","frame":[32,-225,199.66666666666666,63.333333333333258],"id":"film-title","preferredBodyPoints":53,"time":1790872675.3894911,"uptime":1240051.4597534142}
SETUP_PROBE {"appearance":"light","dynamicTypeSize":"accessibility5","frame":[60,-594,308,63.333333333333371],"id":"silent-capture","preferredBodyPoints":53,"time":1790872675.3895521,"uptime":1240051.4598137471}
SETUP_PROBE {"appearance":"light","dynamicTypeSize":"accessibility5","frame":[32,-811.33333333333337,302.66666666666663,187.33333333333337],"id":"camera-description","preferredBodyPoints":53,"time":1790872675.389612,"uptime":1240051.459873969}
SETUP_PROBE {"appearance":"light","dynamicTypeSize":"accessibility5","frame":[32,-500.66666666666663,249.66666666666663,125.33333333333337],"id":"orientation-label","preferredBodyPoints":53,"time":1790872675.389677,"uptime":1240051.4599386591}
SETUP_VIEWPORT {"bounds":[0,1262.3333333333333,402,708],"containerSize":[402,708],"contentSize":[402,2089.333333333333],"event":"scroll","insets":[70,0,34,0],"offset":[0,1262.3333333333333],"time":1790872675.4061379,"uptime":1240051.476402737,"visibleRect":[0,1262.3333333333333,402,812]}
SETUP_PROBE {"appearance":"light","dynamicTypeSize":"accessibility5","frame":[32,810.66666666666674,217.33333333333331,63.333333333333485],"id":"load-film","preferredBodyPoints":53,"time":1790872675.406395,"uptime":1240051.476657754}
SETUP_PROBE {"appearance":"light","dynamicTypeSize":"accessibility5","frame":[32,35.333333333333485,333.33333333333337,187.33333333333326],"id":"trial-label","preferredBodyPoints":53,"time":1790872675.4065199,"uptime":1240051.4767819161}
SETUP_PROBE {"appearance":"light","dynamicTypeSize":"accessibility5","frame":[32,-226.33333333333326,199.66666666666666,63.333333333333258],"id":"film-title","preferredBodyPoints":53,"time":1790872675.4066219,"uptime":1240051.476884434}
SETUP_PROBE {"appearance":"light","dynamicTypeSize":"accessibility5","frame":[60,-595.33333333333326,308,63.333333333333371],"id":"silent-capture","preferredBodyPoints":53,"time":1790872675.4066901,"uptime":1240051.476952079}
SETUP_PROBE {"appearance":"light","dynamicTypeSize":"accessibility5","frame":[32,-812.66666666666663,302.66666666666663,187.33333333333337],"id":"camera-description","preferredBodyPoints":53,"time":1790872675.4067512,"uptime":1240051.4770129351}
SETUP_PROBE {"appearance":"light","dynamicTypeSize":"accessibility5","frame":[32,-501.99999999999989,249.66666666666663,125.33333333333337],"id":"orientation-label","preferredBodyPoints":53,"time":1790872675.406812,"uptime":1240051.4770741591}
SETUP_VIEWPORT {"bounds":[0,1263.3333333333333,402,708],"containerSize":[402,708],"contentSize":[402,2089.333333333333],"event":"scroll","insets":[70,0,34,0],"offset":[0,1263.3333333333333],"time":1790872675.4228611,"uptime":1240051.4931249321,"visibleRect":[0,1263.3333333333333,402,812]}
SETUP_PROBE {"appearance":"light","dynamicTypeSize":"accessibility5","frame":[32,809.66666666666674,217.33333333333331,63.333333333333485],"id":"load-film","preferredBodyPoints":53,"time":1790872675.423084,"uptime":1240051.493346204}
SETUP_PROBE {"appearance":"light","dynamicTypeSize":"accessibility5","frame":[32,34.333333333333485,333.33333333333337,187.33333333333326],"id":"trial-label","preferredBodyPoints":53,"time":1790872675.423182,"uptime":1240051.49344369}
SETUP_PROBE {"appearance":"light","dynamicTypeSize":"accessibility5","frame":[32,-227.33333333333326,199.66666666666666,63.333333333333258],"id":"film-title","preferredBodyPoints":53,"time":1790872675.4232678,"uptime":1240051.4935293831}
SETUP_PROBE {"appearance":"light","dynamicTypeSize":"accessibility5","frame":[60,-596.33333333333326,308,63.333333333333371],"id":"silent-capture","preferredBodyPoints":53,"time":1790872675.4233489,"uptime":1240051.4936106291}
SETUP_PROBE {"appearance":"light","dynamicTypeSize":"accessibility5","frame":[32,-813.66666666666663,302.66666666666663,187.33333333333337],"id":"camera-description","preferredBodyPoints":53,"time":1790872675.426373,"uptime":1240051.4966354161}
SETUP_PROBE {"appearance":"light","dynamicTypeSize":"accessibility5","frame":[32,-502.99999999999989,249.66666666666663,125.33333333333337],"id":"orientation-label","preferredBodyPoints":53,"time":1790872675.426496,"uptime":1240051.4967580482}
SETUP_VIEWPORT {"bounds":[0,1264.6666666666667,402,708],"containerSize":[402,708],"contentSize":[402,2089.333333333333],"event":"scroll","insets":[70,0,34,0],"offset":[0,1264.6666666666667],"time":1790872675.439569,"uptime":1240051.5098342351,"visibleRect":[0,1264.6666666666667,402,812]}
SETUP_PROBE {"appearance":"light","dynamicTypeSize":"accessibility5","frame":[32,808.33333333333326,217.33333333333331,63.333333333333485],"id":"load-film","preferredBodyPoints":53,"time":1790872675.439785,"uptime":1240051.5100472672}
SETUP_PROBE {"appearance":"light","dynamicTypeSize":"accessibility5","frame":[32,33,333.33333333333337,187.33333333333326],"id":"trial-label","preferredBodyPoints":53,"time":1790872675.439904,"uptime":1240051.5101655861}
SETUP_PROBE {"appearance":"light","dynamicTypeSize":"accessibility5","frame":[32,-228.66666666666674,199.66666666666666,63.333333333333258],"id":"film-title","preferredBodyPoints":53,"time":1790872675.439976,"uptime":1240051.5102380172}
SETUP_PROBE {"appearance":"light","dynamicTypeSize":"accessibility5","frame":[60,-597.66666666666674,308,63.333333333333371],"id":"silent-capture","preferredBodyPoints":53,"time":1790872675.440109,"uptime":1240051.5103716}
SETUP_PROBE {"appearance":"light","dynamicTypeSize":"accessibility5","frame":[32,-815.00000000000011,302.66666666666663,187.33333333333337],"id":"camera-description","preferredBodyPoints":53,"time":1790872675.440228,"uptime":1240051.510489485}
SETUP_PROBE {"appearance":"light","dynamicTypeSize":"accessibility5","frame":[32,-504.33333333333337,249.66666666666663,125.33333333333337],"id":"orientation-label","preferredBodyPoints":53,"time":1790872675.440326,"uptime":1240051.5105876531}
SETUP_VIEWPORT {"bounds":[0,1265.6666666666667,402,708],"containerSize":[402,708],"contentSize":[402,2089.333333333333],"event":"scroll","insets":[70,0,34,0],"offset":[0,1265.6666666666667],"time":1790872675.456157,"uptime":1240051.526421116,"visibleRect":[0,1265.6666666666667,402,812]}
SETUP_PROBE {"appearance":"light","dynamicTypeSize":"accessibility5","frame":[32,807.33333333333326,217.33333333333331,63.333333333333485],"id":"load-film","preferredBodyPoints":53,"time":1790872675.4563808,"uptime":1240051.5266423831}
SETUP_PROBE {"appearance":"light","dynamicTypeSize":"accessibility5","frame":[32,32,333.33333333333337,187.33333333333326],"id":"trial-label","preferredBodyPoints":53,"time":1790872675.4564819,"uptime":1240051.526743015}
SETUP_PROBE {"appearance":"light","dynamicTypeSize":"accessibility5","frame":[32,-229.66666666666674,199.66666666666666,63.333333333333258],"id":"film-title","preferredBodyPoints":53,"time":1790872675.456568,"uptime":1240051.5268295621}
SETUP_PROBE {"appearance":"light","dynamicTypeSize":"accessibility5","frame":[60,-598.66666666666674,308,63.333333333333371],"id":"silent-capture","preferredBodyPoints":53,"time":1790872675.4566531,"uptime":1240051.526914147}
SETUP_PROBE {"appearance":"light","dynamicTypeSize":"accessibility5","frame":[32,-816.00000000000011,302.66666666666663,187.33333333333337],"id":"camera-description","preferredBodyPoints":53,"time":1790872675.461302,"uptime":1240051.531564018}
SETUP_PROBE {"appearance":"light","dynamicTypeSize":"accessibility5","frame":[32,-505.33333333333337,249.66666666666663,125.33333333333337],"id":"orientation-label","preferredBodyPoints":53,"time":1790872675.461416,"uptime":1240051.5316773332}
SETUP_VIEWPORT {"bounds":[0,1266.6666666666667,402,708],"containerSize":[402,708],"contentSize":[402,2089.333333333333],"event":"scroll","insets":[70,0,34,0],"offset":[0,1266.6666666666667],"time":1790872675.472976,"uptime":1240051.5432402841,"visibleRect":[0,1266.6666666666667,402,812]}
SETUP_PROBE {"appearance":"light","dynamicTypeSize":"accessibility5","frame":[32,806.33333333333326,217.33333333333331,63.333333333333485],"id":"load-film","preferredBodyPoints":53,"time":1790872675.4732208,"uptime":1240051.5434827812}
SETUP_PROBE {"appearance":"light","dynamicTypeSize":"accessibility5","frame":[32,31,333.33333333333337,187.33333333333326],"id":"trial-label","preferredBodyPoints":53,"time":1790872675.473325,"uptime":1240051.5435861181}
SETUP_PROBE {"appearance":"light","dynamicTypeSize":"accessibility5","frame":[32,-230.66666666666674,199.66666666666666,63.333333333333258],"id":"film-title","preferredBodyPoints":53,"time":1790872675.4734201,"uptime":1240051.5436812202}
SETUP_PROBE {"appearance":"light","dynamicTypeSize":"accessibility5","frame":[60,-599.66666666666674,308,63.333333333333371],"id":"silent-capture","preferredBodyPoints":53,"time":1790872675.4735231,"uptime":1240051.543784915}
SETUP_PROBE {"appearance":"light","dynamicTypeSize":"accessibility5","frame":[32,-817.00000000000011,302.66666666666663,187.33333333333337],"id":"camera-description","preferredBodyPoints":53,"time":1790872675.4736309,"uptime":1240051.5438922341}
SETUP_PROBE {"appearance":"light","dynamicTypeSize":"accessibility5","frame":[32,-506.33333333333337,249.66666666666663,125.33333333333337],"id":"orientation-label","preferredBodyPoints":53,"time":1790872675.4737391,"uptime":1240051.5440004}
SETUP_VIEWPORT {"bounds":[0,1268,402,708],"containerSize":[402,708],"contentSize":[402,2089.333333333333],"event":"scroll","insets":[70,0,34,0],"offset":[0,1268],"time":1790872675.489572,"uptime":1240051.5598356971,"visibleRect":[0,1268,402,812]}
SETUP_PROBE {"appearance":"light","dynamicTypeSize":"accessibility5","frame":[32,805,217.33333333333331,63.333333333333485],"id":"load-film","preferredBodyPoints":53,"time":1790872675.4898009,"uptime":1240051.5600621281}
SETUP_PROBE {"appearance":"light","dynamicTypeSize":"accessibility5","frame":[32,29.666666666666742,333.33333333333337,187.33333333333326],"id":"trial-label","preferredBodyPoints":53,"time":1790872675.4899049,"uptime":1240051.5601665161}
SETUP_PROBE {"appearance":"light","dynamicTypeSize":"accessibility5","frame":[32,-232,199.66666666666666,63.333333333333258],"id":"film-title","preferredBodyPoints":53,"time":1790872675.4899979,"uptime":1240051.56025867}
SETUP_PROBE {"appearance":"light","dynamicTypeSize":"accessibility5","frame":[60,-601,308,63.333333333333371],"id":"silent-capture","preferredBodyPoints":53,"time":1790872675.490082,"uptime":1240051.560343375}
SETUP_PROBE {"appearance":"light","dynamicTypeSize":"accessibility5","frame":[32,-818.33333333333337,302.66666666666663,187.33333333333337],"id":"camera-description","preferredBodyPoints":53,"time":1790872675.4901681,"uptime":1240051.560428808}
SETUP_PROBE {"appearance":"light","dynamicTypeSize":"accessibility5","frame":[32,-507.66666666666663,249.66666666666663,125.33333333333337],"id":"orientation-label","preferredBodyPoints":53,"time":1790872675.490252,"uptime":1240051.5605131171}
SETUP_VIEWPORT {"bounds":[0,1269,402,708],"containerSize":[402,708],"contentSize":[402,2089.333333333333],"event":"scroll","insets":[70,0,34,0],"offset":[0,1269],"time":1790872675.50614,"uptime":1240051.5764049022,"visibleRect":[0,1269,402,812]}
SETUP_PROBE {"appearance":"light","dynamicTypeSize":"accessibility5","frame":[32,804,217.33333333333331,63.333333333333485],"id":"load-film","preferredBodyPoints":53,"time":1790872675.506351,"uptime":1240051.576613615}
SETUP_PROBE {"appearance":"light","dynamicTypeSize":"accessibility5","frame":[32,28.666666666666742,333.33333333333337,187.33333333333326],"id":"trial-label","preferredBodyPoints":53,"time":1790872675.5064421,"uptime":1240051.576702493}
SETUP_PROBE {"appearance":"light","dynamicTypeSize":"accessibility5","frame":[32,-233,199.66666666666666,63.333333333333258],"id":"film-title","preferredBodyPoints":53,"time":1790872675.50651,"uptime":1240051.5767704812}
SETUP_PROBE {"appearance":"light","dynamicTypeSize":"accessibility5","frame":[60,-602,308,63.333333333333371],"id":"silent-capture","preferredBodyPoints":53,"time":1790872675.506572,"uptime":1240051.5768325471}
SETUP_PROBE {"appearance":"light","dynamicTypeSize":"accessibility5","frame":[32,-819.33333333333337,302.66666666666663,187.33333333333337],"id":"camera-description","preferredBodyPoints":53,"time":1790872675.5066319,"uptime":1240051.5768927562}
SETUP_PROBE {"appearance":"light","dynamicTypeSize":"accessibility5","frame":[32,-508.66666666666663,249.66666666666663,125.33333333333337],"id":"orientation-label","preferredBodyPoints":53,"time":1790872675.5066919,"uptime":1240051.5769526481}
SETUP_VIEWPORT {"bounds":[0,1270,402,708],"containerSize":[402,708],"contentSize":[402,2089.333333333333],"event":"scroll","insets":[70,0,34,0],"offset":[0,1270],"time":1790872675.5228419,"uptime":1240051.5931054042,"visibleRect":[0,1270,402,812]}
SETUP_PROBE {"appearance":"light","dynamicTypeSize":"accessibility5","frame":[32,803,217.33333333333331,63.333333333333485],"id":"load-film","preferredBodyPoints":53,"time":1790872675.5230579,"uptime":1240051.5933189602}
SETUP_PROBE {"appearance":"light","dynamicTypeSize":"accessibility5","frame":[32,27.666666666666742,333.33333333333337,187.33333333333326],"id":"trial-label","preferredBodyPoints":53,"time":1790872675.5231609,"uptime":1240051.5934220222}
SETUP_PROBE {"appearance":"light","dynamicTypeSize":"accessibility5","frame":[32,-234,199.66666666666666,63.333333333333258],"id":"film-title","preferredBodyPoints":53,"time":1790872675.523253,"uptime":1240051.5935140061}
SETUP_PROBE {"appearance":"light","dynamicTypeSize":"accessibility5","frame":[60,-603,308,63.333333333333371],"id":"silent-capture","preferredBodyPoints":53,"time":1790872675.523339,"uptime":1240051.593600081}
SETUP_PROBE {"appearance":"light","dynamicTypeSize":"accessibility5","frame":[32,-820.33333333333337,302.66666666666663,187.33333333333337],"id":"camera-description","preferredBodyPoints":53,"time":1790872675.5234241,"uptime":1240051.593684617}
SETUP_PROBE {"appearance":"light","dynamicTypeSize":"accessibility5","frame":[32,-509.66666666666663,249.66666666666663,125.33333333333337],"id":"orientation-label","preferredBodyPoints":53,"time":1790872675.52351,"uptime":1240051.5937702751}
SETUP_VIEWPORT {"bounds":[0,1270.6666666666667,402,708],"containerSize":[402,708],"contentSize":[402,2089.333333333333],"event":"scroll","insets":[70,0,34,0],"offset":[0,1270.6666666666667],"time":1790872675.5392981,"uptime":1240051.60956122,"visibleRect":[0,1270.6666666666667,402,812]}
SETUP_PROBE {"appearance":"light","dynamicTypeSize":"accessibility5","frame":[32,802.33333333333326,217.33333333333331,63.333333333333485],"id":"load-film","preferredBodyPoints":53,"time":1790872675.5394821,"uptime":1240051.6097431611}
SETUP_PROBE {"appearance":"light","dynamicTypeSize":"accessibility5","frame":[32,27,333.33333333333337,187.33333333333326],"id":"trial-label","preferredBodyPoints":53,"time":1790872675.539557,"uptime":1240051.6098178721}
SETUP_PROBE {"appearance":"light","dynamicTypeSize":"accessibility5","frame":[32,-234.66666666666674,199.66666666666666,63.333333333333258],"id":"film-title","preferredBodyPoints":53,"time":1790872675.5396199,"uptime":1240051.6098803522}
SETUP_PROBE {"appearance":"light","dynamicTypeSize":"accessibility5","frame":[60,-603.66666666666674,308,63.333333333333371],"id":"silent-capture","preferredBodyPoints":53,"time":1790872675.53968,"uptime":1240051.6099403561}
SETUP_PROBE {"appearance":"light","dynamicTypeSize":"accessibility5","frame":[32,-821.00000000000011,302.66666666666663,187.33333333333337],"id":"camera-description","preferredBodyPoints":53,"time":1790872675.5397382,"uptime":1240051.609998815}
SETUP_PROBE {"appearance":"light","dynamicTypeSize":"accessibility5","frame":[32,-510.33333333333337,249.66666666666663,125.33333333333337],"id":"orientation-label","preferredBodyPoints":53,"time":1790872675.539799,"uptime":1240051.6100590171}
SETUP_VIEWPORT {"bounds":[0,1271.6666666666667,402,708],"containerSize":[402,708],"contentSize":[402,2089.333333333333],"event":"scroll","insets":[70,0,34,0],"offset":[0,1271.6666666666667],"time":1790872675.5561581,"uptime":1240051.626420889,"visibleRect":[0,1271.6666666666667,402,812]}
SETUP_PROBE {"appearance":"light","dynamicTypeSize":"accessibility5","frame":[32,801.33333333333326,217.33333333333331,63.333333333333485],"id":"load-film","preferredBodyPoints":53,"time":1790872675.5563819,"uptime":1240051.6266423571}
SETUP_PROBE {"appearance":"light","dynamicTypeSize":"accessibility5","frame":[32,26,333.33333333333337,187.33333333333326],"id":"trial-label","preferredBodyPoints":53,"time":1790872675.5564809,"uptime":1240051.6267414081}
SETUP_PROBE {"appearance":"light","dynamicTypeSize":"accessibility5","frame":[32,-235.66666666666674,199.66666666666666,63.333333333333258],"id":"film-title","preferredBodyPoints":53,"time":1790872675.5565729,"uptime":1240051.626833336}
SETUP_PROBE {"appearance":"light","dynamicTypeSize":"accessibility5","frame":[60,-604.66666666666674,308,63.333333333333371],"id":"silent-capture","preferredBodyPoints":53,"time":1790872675.556659,"uptime":1240051.6269189971}
SETUP_PROBE {"appearance":"light","dynamicTypeSize":"accessibility5","frame":[32,-822.00000000000011,302.66666666666663,187.33333333333337],"id":"camera-description","preferredBodyPoints":53,"time":1790872675.5567431,"uptime":1240051.6270030062}
SETUP_PROBE {"appearance":"light","dynamicTypeSize":"accessibility5","frame":[32,-511.33333333333337,249.66666666666663,125.33333333333337],"id":"orientation-label","preferredBodyPoints":53,"time":1790872675.5568252,"uptime":1240051.6270855181}
SETUP_VIEWPORT {"bounds":[0,1272.6666666666667,402,708],"containerSize":[402,708],"contentSize":[402,2089.333333333333],"event":"scroll","insets":[70,0,34,0],"offset":[0,1272.6666666666667],"time":1790872675.572561,"uptime":1240051.642823067,"visibleRect":[0,1272.6666666666667,402,812]}
SETUP_PROBE {"appearance":"light","dynamicTypeSize":"accessibility5","frame":[32,800.33333333333326,217.33333333333331,63.333333333333485],"id":"load-film","preferredBodyPoints":53,"time":1790872675.5727391,"uptime":1240051.6429996481}
SETUP_PROBE {"appearance":"light","dynamicTypeSize":"accessibility5","frame":[32,25,333.33333333333337,187.33333333333326],"id":"trial-label","preferredBodyPoints":53,"time":1790872675.5728159,"uptime":1240051.6430762971}
SETUP_PROBE {"appearance":"light","dynamicTypeSize":"accessibility5","frame":[32,-236.66666666666674,199.66666666666666,63.333333333333258],"id":"film-title","preferredBodyPoints":53,"time":1790872675.5728779,"uptime":1240051.6431382871}
SETUP_PROBE {"appearance":"light","dynamicTypeSize":"accessibility5","frame":[60,-605.66666666666674,308,63.333333333333371],"id":"silent-capture","preferredBodyPoints":53,"time":1790872675.572938,"uptime":1240051.6431978291}
SETUP_PROBE {"appearance":"light","dynamicTypeSize":"accessibility5","frame":[32,-823.00000000000011,302.66666666666663,187.33333333333337],"id":"camera-description","preferredBodyPoints":53,"time":1790872675.5729949,"uptime":1240051.6432551751}
SETUP_PROBE {"appearance":"light","dynamicTypeSize":"accessibility5","frame":[32,-512.33333333333337,249.66666666666663,125.33333333333337],"id":"orientation-label","preferredBodyPoints":53,"time":1790872675.5730519,"uptime":1240051.6433123851}
SETUP_VIEWPORT {"bounds":[0,1273.6666666666667,402,708],"containerSize":[402,708],"contentSize":[402,2089.333333333333],"event":"scroll","insets":[70,0,34,0],"offset":[0,1273.6666666666667],"time":1790872675.5892251,"uptime":1240051.6594875671,"visibleRect":[0,1273.6666666666667,402,812]}
SETUP_PROBE {"appearance":"light","dynamicTypeSize":"accessibility5","frame":[32,799.33333333333326,217.33333333333331,63.333333333333485],"id":"load-film","preferredBodyPoints":53,"time":1790872675.589438,"uptime":1240051.6596980051}
SETUP_PROBE {"appearance":"light","dynamicTypeSize":"accessibility5","frame":[32,24,333.33333333333337,187.33333333333326],"id":"trial-label","preferredBodyPoints":53,"time":1790872675.5895419,"uptime":1240051.6598016152}
SETUP_PROBE {"appearance":"light","dynamicTypeSize":"accessibility5","frame":[32,-237.66666666666674,199.66666666666666,63.333333333333258],"id":"film-title","preferredBodyPoints":53,"time":1790872675.5896049,"uptime":1240051.6598649491}
SETUP_PROBE {"appearance":"light","dynamicTypeSize":"accessibility5","frame":[60,-606.66666666666674,308,63.333333333333371],"id":"silent-capture","preferredBodyPoints":53,"time":1790872675.5896668,"uptime":1240051.6599264611}
SETUP_PROBE {"appearance":"light","dynamicTypeSize":"accessibility5","frame":[32,-824.00000000000011,302.66666666666663,187.33333333333337],"id":"camera-description","preferredBodyPoints":53,"time":1790872675.5897241,"uptime":1240051.6599842671}
SETUP_PROBE {"appearance":"light","dynamicTypeSize":"accessibility5","frame":[32,-513.33333333333337,249.66666666666663,125.33333333333337],"id":"orientation-label","preferredBodyPoints":53,"time":1790872675.589783,"uptime":1240051.660042953}
SETUP_VIEWPORT {"bounds":[0,1274.3333333333333,402,708],"containerSize":[402,708],"contentSize":[402,2089.333333333333],"event":"scroll","insets":[70,0,34,0],"offset":[0,1274.3333333333333],"time":1790872675.6058431,"uptime":1240051.676104713,"visibleRect":[0,1274.3333333333333,402,812]}
SETUP_PROBE {"appearance":"light","dynamicTypeSize":"accessibility5","frame":[32,798.66666666666674,217.33333333333331,63.333333333333485],"id":"load-film","preferredBodyPoints":53,"time":1790872675.6060081,"uptime":1240051.6762682081}
SETUP_PROBE {"appearance":"light","dynamicTypeSize":"accessibility5","frame":[32,23.333333333333485,333.33333333333337,187.33333333333326],"id":"trial-label","preferredBodyPoints":53,"time":1790872675.6060839,"uptime":1240051.6763434771}
SETUP_PROBE {"appearance":"light","dynamicTypeSize":"accessibility5","frame":[32,-238.33333333333326,199.66666666666666,63.333333333333258],"id":"film-title","preferredBodyPoints":53,"time":1790872675.606148,"uptime":1240051.676407723}
SETUP_PROBE {"appearance":"light","dynamicTypeSize":"accessibility5","frame":[60,-607.33333333333326,308,63.333333333333371],"id":"silent-capture","preferredBodyPoints":53,"time":1790872675.606209,"uptime":1240051.6764682701}
SETUP_PROBE {"appearance":"light","dynamicTypeSize":"accessibility5","frame":[32,-824.66666666666663,302.66666666666663,187.33333333333337],"id":"camera-description","preferredBodyPoints":53,"time":1790872675.6062679,"uptime":1240051.6765282971}
SETUP_PROBE {"appearance":"light","dynamicTypeSize":"accessibility5","frame":[32,-513.99999999999989,249.66666666666663,125.33333333333337],"id":"orientation-label","preferredBodyPoints":53,"time":1790872675.6063261,"uptime":1240051.6765857711}
SETUP_VIEWPORT {"bounds":[0,1275,402,708],"containerSize":[402,708],"contentSize":[402,2089.333333333333],"event":"scroll","insets":[70,0,34,0],"offset":[0,1275],"time":1790872675.6225371,"uptime":1240051.6927980741,"visibleRect":[0,1275,402,812]}
SETUP_PROBE {"appearance":"light","dynamicTypeSize":"accessibility5","frame":[32,798,217.33333333333331,63.333333333333485],"id":"load-film","preferredBodyPoints":53,"time":1790872675.622714,"uptime":1240051.6929741791}
SETUP_PROBE {"appearance":"light","dynamicTypeSize":"accessibility5","frame":[32,22.666666666666742,333.33333333333337,187.33333333333326],"id":"trial-label","preferredBodyPoints":53,"time":1790872675.622788,"uptime":1240051.6930479521}
SETUP_PROBE {"appearance":"light","dynamicTypeSize":"accessibility5","frame":[32,-239,199.66666666666666,63.333333333333258],"id":"film-title","preferredBodyPoints":53,"time":1790872675.622854,"uptime":1240051.693113348}
SETUP_PROBE {"appearance":"light","dynamicTypeSize":"accessibility5","frame":[60,-608,308,63.333333333333371],"id":"silent-capture","preferredBodyPoints":53,"time":1790872675.6229138,"uptime":1240051.6931733771}
SETUP_PROBE {"appearance":"light","dynamicTypeSize":"accessibility5","frame":[32,-825.33333333333337,302.66666666666663,187.33333333333337],"id":"camera-description","preferredBodyPoints":53,"time":1790872675.622972,"uptime":1240051.693231523}
SETUP_PROBE {"appearance":"light","dynamicTypeSize":"accessibility5","frame":[32,-514.66666666666663,249.66666666666663,125.33333333333337],"id":"orientation-label","preferredBodyPoints":53,"time":1790872675.6230299,"uptime":1240051.693289971}
SETUP_VIEWPORT {"bounds":[0,1276,402,708],"containerSize":[402,708],"contentSize":[402,2089.333333333333],"event":"scroll","insets":[70,0,34,0],"offset":[0,1276],"time":1790872675.639168,"uptime":1240051.7094299381,"visibleRect":[0,1276,402,812]}
SETUP_PROBE {"appearance":"light","dynamicTypeSize":"accessibility5","frame":[32,797,217.33333333333331,63.333333333333485],"id":"load-film","preferredBodyPoints":53,"time":1790872675.6393418,"uptime":1240051.7096023301}
SETUP_PROBE {"appearance":"light","dynamicTypeSize":"accessibility5","frame":[32,21.666666666666742,333.33333333333337,187.33333333333326],"id":"trial-label","preferredBodyPoints":53,"time":1790872675.63942,"uptime":1240051.709679615}
SETUP_PROBE {"appearance":"light","dynamicTypeSize":"accessibility5","frame":[32,-240,199.66666666666666,63.333333333333258],"id":"film-title","preferredBodyPoints":53,"time":1790872675.6394849,"uptime":1240051.7097442572}
SETUP_PROBE {"appearance":"light","dynamicTypeSize":"accessibility5","frame":[60,-609,308,63.333333333333371],"id":"silent-capture","preferredBodyPoints":53,"time":1790872675.639544,"uptime":1240051.7098038881}
SETUP_PROBE {"appearance":"light","dynamicTypeSize":"accessibility5","frame":[32,-826.33333333333337,302.66666666666663,187.33333333333337],"id":"camera-description","preferredBodyPoints":53,"time":1790872675.6396031,"uptime":1240051.7098624941}
SETUP_PROBE {"appearance":"light","dynamicTypeSize":"accessibility5","frame":[32,-515.66666666666663,249.66666666666663,125.33333333333337],"id":"orientation-label","preferredBodyPoints":53,"time":1790872675.639662,"uptime":1240051.709921011}
SETUP_VIEWPORT {"bounds":[0,1276.6666666666667,402,708],"containerSize":[402,708],"contentSize":[402,2089.333333333333],"event":"scroll","insets":[70,0,34,0],"offset":[0,1276.6666666666667],"time":1790872675.6558051,"uptime":1240051.7260655782,"visibleRect":[0,1276.6666666666667,402,812]}
SETUP_PROBE {"appearance":"light","dynamicTypeSize":"accessibility5","frame":[32,796.33333333333326,217.33333333333331,63.333333333333485],"id":"load-film","preferredBodyPoints":53,"time":1790872675.655967,"uptime":1240051.726226748}
SETUP_PROBE {"appearance":"light","dynamicTypeSize":"accessibility5","frame":[32,21,333.33333333333337,187.33333333333326],"id":"trial-label","preferredBodyPoints":53,"time":1790872675.6560359,"uptime":1240051.7262953161}
SETUP_PROBE {"appearance":"light","dynamicTypeSize":"accessibility5","frame":[32,-240.66666666666674,199.66666666666666,63.333333333333258],"id":"film-title","preferredBodyPoints":53,"time":1790872675.656095,"uptime":1240051.7263544612}
SETUP_PROBE {"appearance":"light","dynamicTypeSize":"accessibility5","frame":[60,-609.66666666666674,308,63.333333333333371],"id":"silent-capture","preferredBodyPoints":53,"time":1790872675.656153,"uptime":1240051.726411754}
SETUP_PROBE {"appearance":"light","dynamicTypeSize":"accessibility5","frame":[32,-827.00000000000011,302.66666666666663,187.33333333333337],"id":"camera-description","preferredBodyPoints":53,"time":1790872675.656208,"uptime":1240051.726466848}
SETUP_PROBE {"appearance":"light","dynamicTypeSize":"accessibility5","frame":[32,-516.33333333333337,249.66666666666663,125.33333333333337],"id":"orientation-label","preferredBodyPoints":53,"time":1790872675.656265,"uptime":1240051.726523746}
SETUP_VIEWPORT {"bounds":[0,1277.3333333333333,402,708],"containerSize":[402,708],"contentSize":[402,2089.333333333333],"event":"scroll","insets":[70,0,34,0],"offset":[0,1277.3333333333333],"time":1790872675.6724679,"uptime":1240051.742729251,"visibleRect":[0,1277.3333333333333,402,812]}
SETUP_PROBE {"appearance":"light","dynamicTypeSize":"accessibility5","frame":[32,795.66666666666674,217.33333333333331,63.333333333333485],"id":"load-film","preferredBodyPoints":53,"time":1790872675.672627,"uptime":1240051.7428865512}
SETUP_PROBE {"appearance":"light","dynamicTypeSize":"accessibility5","frame":[32,20.333333333333485,333.33333333333337,187.33333333333326],"id":"trial-label","preferredBodyPoints":53,"time":1790872675.6727009,"uptime":1240051.7429595881}
SETUP_PROBE {"appearance":"light","dynamicTypeSize":"accessibility5","frame":[32,-241.33333333333326,199.66666666666666,63.333333333333258],"id":"film-title","preferredBodyPoints":53,"time":1790872675.6727629,"uptime":1240051.743022291}
SETUP_PROBE {"appearance":"light","dynamicTypeSize":"accessibility5","frame":[60,-610.33333333333326,308,63.333333333333371],"id":"silent-capture","preferredBodyPoints":53,"time":1790872675.672821,"uptime":1240051.743080501}
SETUP_PROBE {"appearance":"light","dynamicTypeSize":"accessibility5","frame":[32,-827.66666666666663,302.66666666666663,187.33333333333337],"id":"camera-description","preferredBodyPoints":53,"time":1790872675.672879,"uptime":1240051.743137565}
SETUP_PROBE {"appearance":"light","dynamicTypeSize":"accessibility5","frame":[32,-516.99999999999989,249.66666666666663,125.33333333333337],"id":"orientation-label","preferredBodyPoints":53,"time":1790872675.672935,"uptime":1240051.7431940471}
SETUP_VIEWPORT {"bounds":[0,1278,402,708],"containerSize":[402,708],"contentSize":[402,2089.333333333333],"event":"scroll","insets":[70,0,34,0],"offset":[0,1278],"time":1790872675.6895671,"uptime":1240051.7598284401,"visibleRect":[0,1278,402,812]}
SETUP_PROBE {"appearance":"light","dynamicTypeSize":"accessibility5","frame":[32,795,217.33333333333331,63.333333333333485],"id":"load-film","preferredBodyPoints":53,"time":1790872675.6897821,"uptime":1240051.7600412942}
SETUP_PROBE {"appearance":"light","dynamicTypeSize":"accessibility5","frame":[32,19.666666666666742,333.33333333333337,187.33333333333326],"id":"trial-label","preferredBodyPoints":53,"time":1790872675.689878,"uptime":1240051.760137537}
SETUP_PROBE {"appearance":"light","dynamicTypeSize":"accessibility5","frame":[32,-242,199.66666666666666,63.333333333333258],"id":"film-title","preferredBodyPoints":53,"time":1790872675.6899629,"uptime":1240051.7602225151}
SETUP_PROBE {"appearance":"light","dynamicTypeSize":"accessibility5","frame":[60,-611,308,63.333333333333371],"id":"silent-capture","preferredBodyPoints":53,"time":1790872675.6900439,"uptime":1240051.7603028221}
SETUP_PROBE {"appearance":"light","dynamicTypeSize":"accessibility5","frame":[32,-828.33333333333337,302.66666666666663,187.33333333333337],"id":"camera-description","preferredBodyPoints":53,"time":1790872675.6910028,"uptime":1240051.761261852}
SETUP_PROBE {"appearance":"light","dynamicTypeSize":"accessibility5","frame":[32,-517.66666666666663,249.66666666666663,125.33333333333337],"id":"orientation-label","preferredBodyPoints":53,"time":1790872675.691093,"uptime":1240051.761352126}
SETUP_VIEWPORT {"bounds":[0,1278.6666666666667,402,708],"containerSize":[402,708],"contentSize":[402,2089.333333333333],"event":"scroll","insets":[70,0,34,0],"offset":[0,1278.6666666666667],"time":1790872675.7061281,"uptime":1240051.7763887232,"visibleRect":[0,1278.6666666666667,402,812]}
SETUP_PROBE {"appearance":"light","dynamicTypeSize":"accessibility5","frame":[32,794.33333333333326,217.33333333333331,63.333333333333485],"id":"load-film","preferredBodyPoints":53,"time":1790872675.706347,"uptime":1240051.7766054501}
SETUP_PROBE {"appearance":"light","dynamicTypeSize":"accessibility5","frame":[32,19,333.33333333333337,187.33333333333326],"id":"trial-label","preferredBodyPoints":53,"time":1790872675.7064428,"uptime":1240051.7767016541}
SETUP_PROBE {"appearance":"light","dynamicTypeSize":"accessibility5","frame":[32,-242.66666666666674,199.66666666666666,63.333333333333258],"id":"film-title","preferredBodyPoints":53,"time":1790872675.706527,"uptime":1240051.776785875}
SETUP_PROBE {"appearance":"light","dynamicTypeSize":"accessibility5","frame":[60,-611.66666666666674,308,63.333333333333371],"id":"silent-capture","preferredBodyPoints":53,"time":1790872675.706609,"uptime":1240051.7768677832}
SETUP_PROBE {"appearance":"light","dynamicTypeSize":"accessibility5","frame":[32,-829.00000000000011,302.66666666666663,187.33333333333337],"id":"camera-description","preferredBodyPoints":53,"time":1790872675.7133961,"uptime":1240051.7836552011}
SETUP_PROBE {"appearance":"light","dynamicTypeSize":"accessibility5","frame":[32,-518.33333333333337,249.66666666666663,125.33333333333337],"id":"orientation-label","preferredBodyPoints":53,"time":1790872675.7135019,"uptime":1240051.7837607311}
SETUP_VIEWPORT {"bounds":[0,1279.3333333333333,402,708],"containerSize":[402,708],"contentSize":[402,2089.333333333333],"event":"scroll","insets":[70,0,34,0],"offset":[0,1279.3333333333333],"time":1790872675.7230401,"uptime":1240051.7933041821,"visibleRect":[0,1279.3333333333333,402,812]}
SETUP_PROBE {"appearance":"light","dynamicTypeSize":"accessibility5","frame":[32,793.66666666666674,217.33333333333331,63.333333333333485],"id":"load-film","preferredBodyPoints":53,"time":1790872675.7234149,"uptime":1240051.7936735251}
SETUP_PROBE {"appearance":"light","dynamicTypeSize":"accessibility5","frame":[32,18.333333333333485,333.33333333333337,187.33333333333326],"id":"trial-label","preferredBodyPoints":53,"time":1790872675.7235389,"uptime":1240051.7937975}
SETUP_PROBE {"appearance":"light","dynamicTypeSize":"accessibility5","frame":[32,-243.33333333333326,199.66666666666666,63.333333333333258],"id":"film-title","preferredBodyPoints":53,"time":1790872675.723628,"uptime":1240051.793886716}
SETUP_PROBE {"appearance":"light","dynamicTypeSize":"accessibility5","frame":[60,-612.33333333333326,308,63.333333333333371],"id":"silent-capture","preferredBodyPoints":53,"time":1790872675.723712,"uptime":1240051.7939710112}
SETUP_PROBE {"appearance":"light","dynamicTypeSize":"accessibility5","frame":[32,-829.66666666666663,302.66666666666663,187.33333333333337],"id":"camera-description","preferredBodyPoints":53,"time":1790872675.7241111,"uptime":1240051.7943704731}
SETUP_PROBE {"appearance":"light","dynamicTypeSize":"accessibility5","frame":[32,-518.99999999999989,249.66666666666663,125.33333333333337],"id":"orientation-label","preferredBodyPoints":53,"time":1790872675.7242022,"uptime":1240051.7944602461}
SETUP_VIEWPORT {"bounds":[0,1280,402,708],"containerSize":[402,708],"contentSize":[402,2089.333333333333],"event":"scroll","insets":[70,0,34,0],"offset":[0,1280],"time":1790872675.739336,"uptime":1240051.8095965381,"visibleRect":[0,1280,402,812]}
SETUP_PROBE {"appearance":"light","dynamicTypeSize":"accessibility5","frame":[32,793,217.33333333333331,63.333333333333485],"id":"load-film","preferredBodyPoints":53,"time":1790872675.739536,"uptime":1240051.8097943862}
SETUP_PROBE {"appearance":"light","dynamicTypeSize":"accessibility5","frame":[32,17.666666666666742,333.33333333333337,187.33333333333326],"id":"trial-label","preferredBodyPoints":53,"time":1790872675.73961,"uptime":1240051.8098680661}
SETUP_PROBE {"appearance":"light","dynamicTypeSize":"accessibility5","frame":[32,-244,199.66666666666666,63.333333333333258],"id":"film-title","preferredBodyPoints":53,"time":1790872675.73967,"uptime":1240051.8099287802}
SETUP_PROBE {"appearance":"light","dynamicTypeSize":"accessibility5","frame":[60,-613,308,63.333333333333371],"id":"silent-capture","preferredBodyPoints":53,"time":1790872675.7397261,"uptime":1240051.809984226}
SETUP_PROBE {"appearance":"light","dynamicTypeSize":"accessibility5","frame":[32,-830.33333333333337,302.66666666666663,187.33333333333337],"id":"camera-description","preferredBodyPoints":53,"time":1790872675.7397809,"uptime":1240051.810039218}
SETUP_PROBE {"appearance":"light","dynamicTypeSize":"accessibility5","frame":[32,-519.66666666666663,249.66666666666663,125.33333333333337],"id":"orientation-label","preferredBodyPoints":53,"time":1790872675.739836,"uptime":1240051.810094533}
SETUP_VIEWPORT {"bounds":[0,1280.6666666666667,402,708],"containerSize":[402,708],"contentSize":[402,2089.333333333333],"event":"scroll","insets":[70,0,34,0],"offset":[0,1280.6666666666667],"time":1790872675.7561231,"uptime":1240051.826383213,"visibleRect":[0,1280.6666666666667,402,812]}
SETUP_PROBE {"appearance":"light","dynamicTypeSize":"accessibility5","frame":[32,792.33333333333326,217.33333333333331,63.333333333333485],"id":"load-film","preferredBodyPoints":53,"time":1790872675.756341,"uptime":1240051.8265999132}
SETUP_PROBE {"appearance":"light","dynamicTypeSize":"accessibility5","frame":[32,17,333.33333333333337,187.33333333333326],"id":"trial-label","preferredBodyPoints":53,"time":1790872675.756438,"uptime":1240051.8266960441}
SETUP_PROBE {"appearance":"light","dynamicTypeSize":"accessibility5","frame":[32,-244.66666666666674,199.66666666666666,63.333333333333258],"id":"film-title","preferredBodyPoints":53,"time":1790872675.7565231,"uptime":1240051.826781525}
SETUP_PROBE {"appearance":"light","dynamicTypeSize":"accessibility5","frame":[60,-613.66666666666674,308,63.333333333333371],"id":"silent-capture","preferredBodyPoints":53,"time":1790872675.7566061,"uptime":1240051.8268638612}
SETUP_PROBE {"appearance":"light","dynamicTypeSize":"accessibility5","frame":[32,-831.00000000000011,302.66666666666663,187.33333333333337],"id":"camera-description","preferredBodyPoints":53,"time":1790872675.7566881,"uptime":1240051.826946344}
SETUP_PROBE {"appearance":"light","dynamicTypeSize":"accessibility5","frame":[32,-520.33333333333337,249.66666666666663,125.33333333333337],"id":"orientation-label","preferredBodyPoints":53,"time":1790872675.7567701,"uptime":1240051.8270279111}
SETUP_VIEWPORT {"bounds":[0,1281.3333333333333,402,708],"containerSize":[402,708],"contentSize":[402,2089.333333333333],"event":"scroll","insets":[70,0,34,0],"offset":[0,1281.3333333333333],"time":1790872675.772604,"uptime":1240051.8428643281,"visibleRect":[0,1281.3333333333333,402,812]}
SETUP_PROBE {"appearance":"light","dynamicTypeSize":"accessibility5","frame":[32,791.66666666666674,217.33333333333331,63.333333333333485],"id":"load-film","preferredBodyPoints":53,"time":1790872675.7727809,"uptime":1240051.8430398451}
SETUP_PROBE {"appearance":"light","dynamicTypeSize":"accessibility5","frame":[32,16.333333333333485,333.33333333333337,187.33333333333326],"id":"trial-label","preferredBodyPoints":53,"time":1790872675.772856,"uptime":1240051.8431139651}
SETUP_PROBE {"appearance":"light","dynamicTypeSize":"accessibility5","frame":[32,-245.33333333333326,199.66666666666666,63.333333333333258],"id":"film-title","preferredBodyPoints":53,"time":1790872675.772917,"uptime":1240051.843174994}
SETUP_PROBE {"appearance":"light","dynamicTypeSize":"accessibility5","frame":[60,-614.33333333333326,308,63.333333333333371],"id":"silent-capture","preferredBodyPoints":53,"time":1790872675.77298,"uptime":1240051.8432382022}
SETUP_PROBE {"appearance":"light","dynamicTypeSize":"accessibility5","frame":[32,-831.66666666666663,302.66666666666663,187.33333333333337],"id":"camera-description","preferredBodyPoints":53,"time":1790872675.773037,"uptime":1240051.8432946592}
SETUP_PROBE {"appearance":"light","dynamicTypeSize":"accessibility5","frame":[32,-520.99999999999989,249.66666666666663,125.33333333333337],"id":"orientation-label","preferredBodyPoints":53,"time":1790872675.773093,"uptime":1240051.843350742}
SETUP_VIEWPORT {"bounds":[0,1282,402,708],"containerSize":[402,708],"contentSize":[402,2089.333333333333],"event":"scroll","insets":[70,0,34,0],"offset":[0,1282],"time":1790872675.789439,"uptime":1240051.8596991361,"visibleRect":[0,1282,402,812]}
SETUP_PROBE {"appearance":"light","dynamicTypeSize":"accessibility5","frame":[32,791,217.33333333333331,63.333333333333485],"id":"load-film","preferredBodyPoints":53,"time":1790872675.7896619,"uptime":1240051.8599206181}
SETUP_PROBE {"appearance":"light","dynamicTypeSize":"accessibility5","frame":[32,15.666666666666742,333.33333333333337,187.33333333333326],"id":"trial-label","preferredBodyPoints":53,"time":1790872675.7897601,"uptime":1240051.8600176962}
SETUP_PROBE {"appearance":"light","dynamicTypeSize":"accessibility5","frame":[32,-246,199.66666666666666,63.333333333333258],"id":"film-title","preferredBodyPoints":53,"time":1790872675.7898469,"uptime":1240051.860104657}
SETUP_PROBE {"appearance":"light","dynamicTypeSize":"accessibility5","frame":[60,-615,308,63.333333333333371],"id":"silent-capture","preferredBodyPoints":53,"time":1790872675.789928,"uptime":1240051.86018633}
SETUP_PROBE {"appearance":"light","dynamicTypeSize":"accessibility5","frame":[32,-832.33333333333337,302.66666666666663,187.33333333333337],"id":"camera-description","preferredBodyPoints":53,"time":1790872675.7900081,"uptime":1240051.860265936}
SETUP_PROBE {"appearance":"light","dynamicTypeSize":"accessibility5","frame":[32,-521.66666666666663,249.66666666666663,125.33333333333337],"id":"orientation-label","preferredBodyPoints":53,"time":1790872675.7900901,"uptime":1240051.8603474351}
SETUP_VIEWPORT {"bounds":[0,1282.3333333333333,402,708],"containerSize":[402,708],"contentSize":[402,2089.333333333333],"event":"scroll","insets":[70,0,34,0],"offset":[0,1282.3333333333333],"time":1790872675.8061261,"uptime":1240051.8763857512,"visibleRect":[0,1282.3333333333333,402,812]}
SETUP_PROBE {"appearance":"light","dynamicTypeSize":"accessibility5","frame":[32,790.66666666666674,217.33333333333331,63.333333333333485],"id":"load-film","preferredBodyPoints":53,"time":1790872675.806339,"uptime":1240051.876596842}
SETUP_PROBE {"appearance":"light","dynamicTypeSize":"accessibility5","frame":[32,15.333333333333485,333.33333333333337,187.33333333333326],"id":"trial-label","preferredBodyPoints":53,"time":1790872675.8064351,"uptime":1240051.87669257}
SETUP_PROBE {"appearance":"light","dynamicTypeSize":"accessibility5","frame":[32,-246.33333333333326,199.66666666666666,63.333333333333258],"id":"film-title","preferredBodyPoints":53,"time":1790872675.8064971,"uptime":1240051.8767549261}
SETUP_PROBE {"appearance":"light","dynamicTypeSize":"accessibility5","frame":[60,-615.33333333333326,308,63.333333333333371],"id":"silent-capture","preferredBodyPoints":53,"time":1790872675.806555,"uptime":1240051.8768129351}
SETUP_PROBE {"appearance":"light","dynamicTypeSize":"accessibility5","frame":[32,-832.66666666666663,302.66666666666663,187.33333333333337],"id":"camera-description","preferredBodyPoints":53,"time":1790872675.8066111,"uptime":1240051.8768681881}
SETUP_PROBE {"appearance":"light","dynamicTypeSize":"accessibility5","frame":[32,-521.99999999999989,249.66666666666663,125.33333333333337],"id":"orientation-label","preferredBodyPoints":53,"time":1790872675.80674,"uptime":1240051.8769986241}
SETUP_VIEWPORT {"bounds":[0,1283,402,708],"containerSize":[402,708],"contentSize":[402,2089.333333333333],"event":"scroll","insets":[70,0,34,0],"offset":[0,1283],"time":1790872675.8224921,"uptime":1240051.892751317,"visibleRect":[0,1283,402,812]}
SETUP_PROBE {"appearance":"light","dynamicTypeSize":"accessibility5","frame":[32,790,217.33333333333331,63.333333333333485],"id":"load-film","preferredBodyPoints":53,"time":1790872675.8226562,"uptime":1240051.8929140312}
SETUP_PROBE {"appearance":"light","dynamicTypeSize":"accessibility5","frame":[32,14.666666666666742,333.33333333333337,187.33333333333326],"id":"trial-label","preferredBodyPoints":53,"time":1790872675.8227301,"uptime":1240051.89298757}
SETUP_PROBE {"appearance":"light","dynamicTypeSize":"accessibility5","frame":[32,-247,199.66666666666666,63.333333333333258],"id":"film-title","preferredBodyPoints":53,"time":1790872675.822794,"uptime":1240051.8930511491}
SETUP_PROBE {"appearance":"light","dynamicTypeSize":"accessibility5","frame":[60,-616,308,63.333333333333371],"id":"silent-capture","preferredBodyPoints":53,"time":1790872675.8228521,"uptime":1240051.893109537}
SETUP_PROBE {"appearance":"light","dynamicTypeSize":"accessibility5","frame":[32,-833.33333333333337,302.66666666666663,187.33333333333337],"id":"camera-description","preferredBodyPoints":53,"time":1790872675.8229098,"uptime":1240051.8931676021}
SETUP_PROBE {"appearance":"light","dynamicTypeSize":"accessibility5","frame":[32,-522.66666666666663,249.66666666666663,125.33333333333337],"id":"orientation-label","preferredBodyPoints":53,"time":1790872675.822968,"uptime":1240051.8932254671}
SETUP_VIEWPORT {"bounds":[0,1283.6666666666667,402,708],"containerSize":[402,708],"contentSize":[402,2089.333333333333],"event":"scroll","insets":[70,0,34,0],"offset":[0,1283.6666666666667],"time":1790872675.8392348,"uptime":1240051.9094939572,"visibleRect":[0,1283.6666666666667,402,812]}
SETUP_PROBE {"appearance":"light","dynamicTypeSize":"accessibility5","frame":[32,789.33333333333326,217.33333333333331,63.333333333333485],"id":"load-film","preferredBodyPoints":53,"time":1790872675.839407,"uptime":1240051.9096647461}
SETUP_PROBE {"appearance":"light","dynamicTypeSize":"accessibility5","frame":[32,14,333.33333333333337,187.33333333333326],"id":"trial-label","preferredBodyPoints":53,"time":1790872675.8394861,"uptime":1240051.909743242}
SETUP_PROBE {"appearance":"light","dynamicTypeSize":"accessibility5","frame":[32,-247.66666666666674,199.66666666666666,63.333333333333258],"id":"film-title","preferredBodyPoints":53,"time":1790872675.8395491,"uptime":1240051.9098059481}
SETUP_PROBE {"appearance":"light","dynamicTypeSize":"accessibility5","frame":[60,-616.66666666666674,308,63.333333333333371],"id":"silent-capture","preferredBodyPoints":53,"time":1790872675.8396091,"uptime":1240051.9098660841}
SETUP_PROBE {"appearance":"light","dynamicTypeSize":"accessibility5","frame":[32,-834.00000000000011,302.66666666666663,187.33333333333337],"id":"camera-description","preferredBodyPoints":53,"time":1790872675.8396668,"uptime":1240051.909924082}
SETUP_PROBE {"appearance":"light","dynamicTypeSize":"accessibility5","frame":[32,-523.33333333333337,249.66666666666663,125.33333333333337],"id":"orientation-label","preferredBodyPoints":53,"time":1790872675.8397341,"uptime":1240051.9099914161}
SETUP_VIEWPORT {"bounds":[0,1284,402,708],"containerSize":[402,708],"contentSize":[402,2089.333333333333],"event":"scroll","insets":[70,0,34,0],"offset":[0,1284],"time":1790872675.855906,"uptime":1240051.9261649621,"visibleRect":[0,1284,402,812]}
SETUP_PROBE {"appearance":"light","dynamicTypeSize":"accessibility5","frame":[32,789,217.33333333333331,63.333333333333485],"id":"load-film","preferredBodyPoints":53,"time":1790872675.856075,"uptime":1240051.9263322481}
SETUP_PROBE {"appearance":"light","dynamicTypeSize":"accessibility5","frame":[32,13.666666666666742,333.33333333333337,187.33333333333326],"id":"trial-label","preferredBodyPoints":53,"time":1790872675.856154,"uptime":1240051.926410814}
SETUP_PROBE {"appearance":"light","dynamicTypeSize":"accessibility5","frame":[32,-248,199.66666666666666,63.333333333333258],"id":"film-title","preferredBodyPoints":53,"time":1790872675.856216,"uptime":1240051.926472873}
SETUP_PROBE {"appearance":"light","dynamicTypeSize":"accessibility5","frame":[60,-617,308,63.333333333333371],"id":"silent-capture","preferredBodyPoints":53,"time":1790872675.8562732,"uptime":1240051.9265301921}
SETUP_PROBE {"appearance":"light","dynamicTypeSize":"accessibility5","frame":[32,-834.33333333333337,302.66666666666663,187.33333333333337],"id":"camera-description","preferredBodyPoints":53,"time":1790872675.856329,"uptime":1240051.9265864531}
SETUP_PROBE {"appearance":"light","dynamicTypeSize":"accessibility5","frame":[32,-523.66666666666663,249.66666666666663,125.33333333333337],"id":"orientation-label","preferredBodyPoints":53,"time":1790872675.8563859,"uptime":1240051.9266434221}
SETUP_VIEWPORT {"bounds":[0,1284.6666666666667,402,708],"containerSize":[402,708],"contentSize":[402,2089.333333333333],"event":"scroll","insets":[70,0,34,0],"offset":[0,1284.6666666666667],"time":1790872675.872508,"uptime":1240051.942767435,"visibleRect":[0,1284.6666666666667,402,812]}
SETUP_PROBE {"appearance":"light","dynamicTypeSize":"accessibility5","frame":[32,788.33333333333326,217.33333333333331,63.333333333333485],"id":"load-film","preferredBodyPoints":53,"time":1790872675.8726821,"uptime":1240051.9429389162}
SETUP_PROBE {"appearance":"light","dynamicTypeSize":"accessibility5","frame":[32,13,333.33333333333337,187.33333333333326],"id":"trial-label","preferredBodyPoints":53,"time":1790872675.872766,"uptime":1240051.943022998}
SETUP_PROBE {"appearance":"light","dynamicTypeSize":"accessibility5","frame":[32,-248.66666666666674,199.66666666666666,63.333333333333258],"id":"film-title","preferredBodyPoints":53,"time":1790872675.872838,"uptime":1240051.943095376}
SETUP_PROBE {"appearance":"light","dynamicTypeSize":"accessibility5","frame":[60,-617.66666666666674,308,63.333333333333371],"id":"silent-capture","preferredBodyPoints":53,"time":1790872675.8729219,"uptime":1240051.9431793301}
SETUP_PROBE {"appearance":"light","dynamicTypeSize":"accessibility5","frame":[32,-835.00000000000011,302.66666666666663,187.33333333333337],"id":"camera-description","preferredBodyPoints":53,"time":1790872675.8730011,"uptime":1240051.9432581612}
SETUP_PROBE {"appearance":"light","dynamicTypeSize":"accessibility5","frame":[32,-524.33333333333337,249.66666666666663,125.33333333333337],"id":"orientation-label","preferredBodyPoints":53,"time":1790872675.8730788,"uptime":1240051.943336386}
SETUP_VIEWPORT {"bounds":[0,1285,402,708],"containerSize":[402,708],"contentSize":[402,2089.333333333333],"event":"scroll","insets":[70,0,34,0],"offset":[0,1285],"time":1790872675.8891912,"uptime":1240051.9594494351,"visibleRect":[0,1285,402,812]}
SETUP_PROBE {"appearance":"light","dynamicTypeSize":"accessibility5","frame":[32,788,217.33333333333331,63.333333333333485],"id":"load-film","preferredBodyPoints":53,"time":1790872675.8893549,"uptime":1240051.9596116981}
SETUP_PROBE {"appearance":"light","dynamicTypeSize":"accessibility5","frame":[32,12.666666666666742,333.33333333333337,187.33333333333326],"id":"trial-label","preferredBodyPoints":53,"time":1790872675.889426,"uptime":1240051.9596823731}
SETUP_PROBE {"appearance":"light","dynamicTypeSize":"accessibility5","frame":[32,-249,199.66666666666666,63.333333333333258],"id":"film-title","preferredBodyPoints":53,"time":1790872675.889487,"uptime":1240051.959743523}
SETUP_PROBE {"appearance":"light","dynamicTypeSize":"accessibility5","frame":[60,-618,308,63.333333333333371],"id":"silent-capture","preferredBodyPoints":53,"time":1790872675.889545,"uptime":1240051.959801578}
SETUP_PROBE {"appearance":"light","dynamicTypeSize":"accessibility5","frame":[32,-835.33333333333337,302.66666666666663,187.33333333333337],"id":"camera-description","preferredBodyPoints":53,"time":1790872675.8895988,"uptime":1240051.9598556801}
SETUP_PROBE {"appearance":"light","dynamicTypeSize":"accessibility5","frame":[32,-524.66666666666663,249.66666666666663,125.33333333333337],"id":"orientation-label","preferredBodyPoints":53,"time":1790872675.889653,"uptime":1240051.9599100871}
SETUP_VIEWPORT {"bounds":[0,1285.3333333333333,402,708],"containerSize":[402,708],"contentSize":[402,2089.333333333333],"event":"scroll","insets":[70,0,34,0],"offset":[0,1285.3333333333333],"time":1790872675.9057899,"uptime":1240051.976048572,"visibleRect":[0,1285.3333333333333,402,812]}
SETUP_PROBE {"appearance":"light","dynamicTypeSize":"accessibility5","frame":[32,787.66666666666674,217.33333333333331,63.333333333333485],"id":"load-film","preferredBodyPoints":53,"time":1790872675.9059501,"uptime":1240051.976206752}
SETUP_PROBE {"appearance":"light","dynamicTypeSize":"accessibility5","frame":[32,12.333333333333485,333.33333333333337,187.33333333333326],"id":"trial-label","preferredBodyPoints":53,"time":1790872675.9060202,"uptime":1240051.976276773}
SETUP_PROBE {"appearance":"light","dynamicTypeSize":"accessibility5","frame":[32,-249.33333333333326,199.66666666666666,63.333333333333258],"id":"film-title","preferredBodyPoints":53,"time":1790872675.9060779,"uptime":1240051.9763345032}
SETUP_PROBE {"appearance":"light","dynamicTypeSize":"accessibility5","frame":[60,-618.33333333333326,308,63.333333333333371],"id":"silent-capture","preferredBodyPoints":53,"time":1790872675.906132,"uptime":1240051.976388691}
SETUP_PROBE {"appearance":"light","dynamicTypeSize":"accessibility5","frame":[32,-835.66666666666663,302.66666666666663,187.33333333333337],"id":"camera-description","preferredBodyPoints":53,"time":1790872675.9061861,"uptime":1240051.976442595}
SETUP_PROBE {"appearance":"light","dynamicTypeSize":"accessibility5","frame":[32,-524.99999999999989,249.66666666666663,125.33333333333337],"id":"orientation-label","preferredBodyPoints":53,"time":1790872675.90624,"uptime":1240051.9764962411}
SETUP_VIEWPORT {"bounds":[0,1286,402,708],"containerSize":[402,708],"contentSize":[402,2089.333333333333],"event":"scroll","insets":[70,0,34,0],"offset":[0,1286],"time":1790872675.922488,"uptime":1240051.9927462882,"visibleRect":[0,1286,402,812]}
SETUP_PROBE {"appearance":"light","dynamicTypeSize":"accessibility5","frame":[32,787,217.33333333333331,63.333333333333485],"id":"load-film","preferredBodyPoints":53,"time":1790872675.9226451,"uptime":1240051.9929017911}
SETUP_PROBE {"appearance":"light","dynamicTypeSize":"accessibility5","frame":[32,11.666666666666742,333.33333333333337,187.33333333333326],"id":"trial-label","preferredBodyPoints":53,"time":1790872675.9227149,"uptime":1240051.992971448}
SETUP_PROBE {"appearance":"light","dynamicTypeSize":"accessibility5","frame":[32,-250,199.66666666666666,63.333333333333258],"id":"film-title","preferredBodyPoints":53,"time":1790872675.922775,"uptime":1240051.993031468}
SETUP_PROBE {"appearance":"light","dynamicTypeSize":"accessibility5","frame":[60,-619,308,63.333333333333371],"id":"silent-capture","preferredBodyPoints":53,"time":1790872675.9228301,"uptime":1240051.9930866531}
SETUP_PROBE {"appearance":"light","dynamicTypeSize":"accessibility5","frame":[32,-836.33333333333337,302.66666666666663,187.33333333333337],"id":"camera-description","preferredBodyPoints":53,"time":1790872675.922884,"uptime":1240051.9931400851}
SETUP_PROBE {"appearance":"light","dynamicTypeSize":"accessibility5","frame":[32,-525.66666666666663,249.66666666666663,125.33333333333337],"id":"orientation-label","preferredBodyPoints":53,"time":1790872675.9229379,"uptime":1240051.9931945831}
SETUP_VIEWPORT {"bounds":[0,1286.3333333333333,402,708],"containerSize":[402,708],"contentSize":[402,2089.333333333333],"event":"scroll","insets":[70,0,34,0],"offset":[0,1286.3333333333333],"time":1790872675.9392161,"uptime":1240052.0094742971,"visibleRect":[0,1286.3333333333333,402,812]}
SETUP_PROBE {"appearance":"light","dynamicTypeSize":"accessibility5","frame":[32,786.66666666666674,217.33333333333331,63.333333333333485],"id":"load-film","preferredBodyPoints":53,"time":1790872675.9394321,"uptime":1240052.0096887411}
SETUP_PROBE {"appearance":"light","dynamicTypeSize":"accessibility5","frame":[32,11.333333333333485,333.33333333333337,187.33333333333326],"id":"trial-label","preferredBodyPoints":53,"time":1790872675.939533,"uptime":1240052.009789499}
SETUP_PROBE {"appearance":"light","dynamicTypeSize":"accessibility5","frame":[32,-250.33333333333326,199.66666666666666,63.333333333333258],"id":"film-title","preferredBodyPoints":53,"time":1790872675.939615,"uptime":1240052.009871081}
SETUP_PROBE {"appearance":"light","dynamicTypeSize":"accessibility5","frame":[60,-619.33333333333326,308,63.333333333333371],"id":"silent-capture","preferredBodyPoints":53,"time":1790872675.939692,"uptime":1240052.0099484231}
SETUP_PROBE {"appearance":"light","dynamicTypeSize":"accessibility5","frame":[32,-836.66666666666663,302.66666666666663,187.33333333333337],"id":"camera-description","preferredBodyPoints":53,"time":1790872675.9419069,"uptime":1240052.012164661}
SETUP_PROBE {"appearance":"light","dynamicTypeSize":"accessibility5","frame":[32,-525.99999999999989,249.66666666666663,125.33333333333337],"id":"orientation-label","preferredBodyPoints":53,"time":1790872675.9420209,"uptime":1240052.0122771531}
SETUP_VIEWPORT {"bounds":[0,1286.6666666666667,402,708],"containerSize":[402,708],"contentSize":[402,2089.333333333333],"event":"scroll","insets":[70,0,34,0],"offset":[0,1286.6666666666667],"time":1790872675.955971,"uptime":1240052.026228843,"visibleRect":[0,1286.6666666666667,402,812]}
SETUP_PROBE {"appearance":"light","dynamicTypeSize":"accessibility5","frame":[32,786.33333333333326,217.33333333333331,63.333333333333485],"id":"load-film","preferredBodyPoints":53,"time":1790872675.956146,"uptime":1240052.026402117}
SETUP_PROBE {"appearance":"light","dynamicTypeSize":"accessibility5","frame":[32,11,333.33333333333337,187.33333333333326],"id":"trial-label","preferredBodyPoints":53,"time":1790872675.9562221,"uptime":1240052.026478511}
SETUP_PROBE {"appearance":"light","dynamicTypeSize":"accessibility5","frame":[32,-250.66666666666674,199.66666666666666,63.333333333333258],"id":"film-title","preferredBodyPoints":53,"time":1790872675.9562821,"uptime":1240052.0265380591}
SETUP_PROBE {"appearance":"light","dynamicTypeSize":"accessibility5","frame":[60,-619.66666666666674,308,63.333333333333371],"id":"silent-capture","preferredBodyPoints":53,"time":1790872675.9563379,"uptime":1240052.0265944521}
SETUP_PROBE {"appearance":"light","dynamicTypeSize":"accessibility5","frame":[32,-837.00000000000011,302.66666666666663,187.33333333333337],"id":"camera-description","preferredBodyPoints":53,"time":1790872675.956393,"uptime":1240052.0266491901}
SETUP_PROBE {"appearance":"light","dynamicTypeSize":"accessibility5","frame":[32,-526.33333333333337,249.66666666666663,125.33333333333337],"id":"orientation-label","preferredBodyPoints":53,"time":1790872675.9564471,"uptime":1240052.0267035591}
SETUP_VIEWPORT {"bounds":[0,1287,402,708],"containerSize":[402,708],"contentSize":[402,2089.333333333333],"event":"scroll","insets":[70,0,34,0],"offset":[0,1287],"time":1790872675.972769,"uptime":1240052.0430272031,"visibleRect":[0,1287,402,812]}
SETUP_PROBE {"appearance":"light","dynamicTypeSize":"accessibility5","frame":[32,786,217.33333333333331,63.333333333333485],"id":"load-film","preferredBodyPoints":53,"time":1790872675.972981,"uptime":1240052.0432369472}
SETUP_PROBE {"appearance":"light","dynamicTypeSize":"accessibility5","frame":[32,10.666666666666742,333.33333333333337,187.33333333333326],"id":"trial-label","preferredBodyPoints":53,"time":1790872675.973074,"uptime":1240052.043330112}
SETUP_PROBE {"appearance":"light","dynamicTypeSize":"accessibility5","frame":[32,-251,199.66666666666666,63.333333333333258],"id":"film-title","preferredBodyPoints":53,"time":1790872675.973156,"uptime":1240052.0434116251}
SETUP_PROBE {"appearance":"light","dynamicTypeSize":"accessibility5","frame":[60,-620,308,63.333333333333371],"id":"silent-capture","preferredBodyPoints":53,"time":1790872675.9732351,"uptime":1240052.0434909111}
SETUP_PROBE {"appearance":"light","dynamicTypeSize":"accessibility5","frame":[32,-837.33333333333337,302.66666666666663,187.33333333333337],"id":"camera-description","preferredBodyPoints":53,"time":1790872675.977185,"uptime":1240052.047443327}
SETUP_PROBE {"appearance":"light","dynamicTypeSize":"accessibility5","frame":[32,-526.66666666666663,249.66666666666663,125.33333333333337],"id":"orientation-label","preferredBodyPoints":53,"time":1790872675.977325,"uptime":1240052.0475815011}
SETUP_VIEWPORT {"bounds":[0,1287.6666666666667,402,708],"containerSize":[402,708],"contentSize":[402,2089.333333333333],"event":"scroll","insets":[70,0,34,0],"offset":[0,1287.6666666666667],"time":1790872675.989496,"uptime":1240052.0597541011,"visibleRect":[0,1287.6666666666667,402,812]}
SETUP_PROBE {"appearance":"light","dynamicTypeSize":"accessibility5","frame":[32,785.33333333333326,217.33333333333331,63.333333333333485],"id":"load-film","preferredBodyPoints":53,"time":1790872675.9897351,"uptime":1240052.0599913602}
SETUP_PROBE {"appearance":"light","dynamicTypeSize":"accessibility5","frame":[32,10,333.33333333333337,187.33333333333326],"id":"trial-label","preferredBodyPoints":53,"time":1790872675.989831,"uptime":1240052.0600866061}
SETUP_PROBE {"appearance":"light","dynamicTypeSize":"accessibility5","frame":[32,-251.66666666666674,199.66666666666666,63.333333333333258],"id":"film-title","preferredBodyPoints":53,"time":1790872675.9899111,"uptime":1240052.0601667771}
SETUP_PROBE {"appearance":"light","dynamicTypeSize":"accessibility5","frame":[60,-620.66666666666674,308,63.333333333333371],"id":"silent-capture","preferredBodyPoints":53,"time":1790872675.98999,"uptime":1240052.0602453961}
SETUP_PROBE {"appearance":"light","dynamicTypeSize":"accessibility5","frame":[32,-838.00000000000011,302.66666666666663,187.33333333333337],"id":"camera-description","preferredBodyPoints":53,"time":1790872675.9900651,"uptime":1240052.060321307}
SETUP_PROBE {"appearance":"light","dynamicTypeSize":"accessibility5","frame":[32,-527.33333333333337,249.66666666666663,125.33333333333337],"id":"orientation-label","preferredBodyPoints":53,"time":1790872675.9901419,"uptime":1240052.0603975421}
SETUP_VIEWPORT {"bounds":[0,1288,402,708],"containerSize":[402,708],"contentSize":[402,2089.333333333333],"event":"scroll","insets":[70,0,34,0],"offset":[0,1288],"time":1790872676.0059061,"uptime":1240052.0761635951,"visibleRect":[0,1288,402,812]}
SETUP_PROBE {"appearance":"light","dynamicTypeSize":"accessibility5","frame":[32,785,217.33333333333331,63.333333333333485],"id":"load-film","preferredBodyPoints":53,"time":1790872676.0060749,"uptime":1240052.076331231}
SETUP_PROBE {"appearance":"light","dynamicTypeSize":"accessibility5","frame":[32,9.6666666666667425,333.33333333333337,187.33333333333326],"id":"trial-label","preferredBodyPoints":53,"time":1790872676.0061491,"uptime":1240052.0764046651}
SETUP_PROBE {"appearance":"light","dynamicTypeSize":"accessibility5","frame":[32,-252,199.66666666666666,63.333333333333258],"id":"film-title","preferredBodyPoints":53,"time":1790872676.0062099,"uptime":1240052.076465517}
SETUP_PROBE {"appearance":"light","dynamicTypeSize":"accessibility5","frame":[60,-621,308,63.333333333333371],"id":"silent-capture","preferredBodyPoints":53,"time":1790872676.0062671,"uptime":1240052.0765225021}
SETUP_PROBE {"appearance":"light","dynamicTypeSize":"accessibility5","frame":[32,-838.33333333333337,302.66666666666663,187.33333333333337],"id":"camera-description","preferredBodyPoints":53,"time":1790872676.006321,"uptime":1240052.076576713}
SETUP_PROBE {"appearance":"light","dynamicTypeSize":"accessibility5","frame":[32,-527.66666666666663,249.66666666666663,125.33333333333337],"id":"orientation-label","preferredBodyPoints":53,"time":1790872676.006376,"uptime":1240052.0766314771}
SETUP_VIEWPORT {"bounds":[0,1288.3333333333333,402,708],"containerSize":[402,708],"contentSize":[402,2089.333333333333],"event":"scroll","insets":[70,0,34,0],"offset":[0,1288.3333333333333],"time":1790872676.0227451,"uptime":1240052.09300308,"visibleRect":[0,1288.3333333333333,402,812]}
SETUP_PROBE {"appearance":"light","dynamicTypeSize":"accessibility5","frame":[32,784.66666666666674,217.33333333333331,63.333333333333485],"id":"load-film","preferredBodyPoints":53,"time":1790872676.0229621,"uptime":1240052.0932175021}
SETUP_PROBE {"appearance":"light","dynamicTypeSize":"accessibility5","frame":[32,9.3333333333334849,333.33333333333337,187.33333333333326],"id":"trial-label","preferredBodyPoints":53,"time":1790872676.0230589,"uptime":1240052.0933141632}
SETUP_PROBE {"appearance":"light","dynamicTypeSize":"accessibility5","frame":[32,-252.33333333333326,199.66666666666666,63.333333333333258],"id":"film-title","preferredBodyPoints":53,"time":1790872676.0231409,"uptime":1240052.0933968511}
SETUP_PROBE {"appearance":"light","dynamicTypeSize":"accessibility5","frame":[60,-621.33333333333326,308,63.333333333333371],"id":"silent-capture","preferredBodyPoints":53,"time":1790872676.0232201,"uptime":1240052.0934758231}
SETUP_PROBE {"appearance":"light","dynamicTypeSize":"accessibility5","frame":[32,-838.66666666666663,302.66666666666663,187.33333333333337],"id":"camera-description","preferredBodyPoints":53,"time":1790872676.023299,"uptime":1240052.0935547671}
SETUP_PROBE {"appearance":"light","dynamicTypeSize":"accessibility5","frame":[32,-527.99999999999989,249.66666666666663,125.33333333333337],"id":"orientation-label","preferredBodyPoints":53,"time":1790872676.0233769,"uptime":1240052.093632268}
SETUP_VIEWPORT {"bounds":[0,1288.6666666666667,402,708],"containerSize":[402,708],"contentSize":[402,2089.333333333333],"event":"scroll","insets":[70,0,34,0],"offset":[0,1288.6666666666667],"time":1790872676.039449,"uptime":1240052.109706121,"visibleRect":[0,1288.6666666666667,402,812]}
SETUP_PROBE {"appearance":"light","dynamicTypeSize":"accessibility5","frame":[32,784.33333333333326,217.33333333333331,63.333333333333485],"id":"load-film","preferredBodyPoints":53,"time":1790872676.0396729,"uptime":1240052.1099282121}
SETUP_PROBE {"appearance":"light","dynamicTypeSize":"accessibility5","frame":[32,9,333.33333333333337,187.33333333333326],"id":"trial-label","preferredBodyPoints":53,"time":1790872676.0397701,"uptime":1240052.1100254501}
SETUP_PROBE {"appearance":"light","dynamicTypeSize":"accessibility5","frame":[32,-252.66666666666674,199.66666666666666,63.333333333333258],"id":"film-title","preferredBodyPoints":53,"time":1790872676.039854,"uptime":1240052.110109742}
SETUP_PROBE {"appearance":"light","dynamicTypeSize":"accessibility5","frame":[60,-621.66666666666674,308,63.333333333333371],"id":"silent-capture","preferredBodyPoints":53,"time":1790872676.0399361,"uptime":1240052.1101908521}
SETUP_PROBE {"appearance":"light","dynamicTypeSize":"accessibility5","frame":[32,-839.00000000000011,302.66666666666663,187.33333333333337],"id":"camera-description","preferredBodyPoints":53,"time":1790872676.040015,"uptime":1240052.110270282}
SETUP_PROBE {"appearance":"light","dynamicTypeSize":"accessibility5","frame":[32,-528.33333333333337,249.66666666666663,125.33333333333337],"id":"orientation-label","preferredBodyPoints":53,"time":1790872676.0401611,"uptime":1240052.1104175001}
SETUP_VIEWPORT {"bounds":[0,1289,402,708],"containerSize":[402,708],"contentSize":[402,2089.333333333333],"event":"scroll","insets":[70,0,34,0],"offset":[0,1289],"time":1790872676.055897,"uptime":1240052.1261542111,"visibleRect":[0,1289,402,812]}
SETUP_PROBE {"appearance":"light","dynamicTypeSize":"accessibility5","frame":[32,784,217.33333333333331,63.333333333333485],"id":"load-film","preferredBodyPoints":53,"time":1790872676.056114,"uptime":1240052.1263691261}
SETUP_PROBE {"appearance":"light","dynamicTypeSize":"accessibility5","frame":[32,8.6666666666667425,333.33333333333337,187.33333333333326],"id":"trial-label","preferredBodyPoints":53,"time":1790872676.0562129,"uptime":1240052.1264682321}
SETUP_PROBE {"appearance":"light","dynamicTypeSize":"accessibility5","frame":[32,-253,199.66666666666666,63.333333333333258],"id":"film-title","preferredBodyPoints":53,"time":1790872676.056299,"uptime":1240052.1265541781}
SETUP_PROBE {"appearance":"light","dynamicTypeSize":"accessibility5","frame":[60,-622,308,63.333333333333371],"id":"silent-capture","preferredBodyPoints":53,"time":1790872676.0563788,"uptime":1240052.1266345091}
SETUP_PROBE {"appearance":"light","dynamicTypeSize":"accessibility5","frame":[32,-839.33333333333337,302.66666666666663,187.33333333333337],"id":"camera-description","preferredBodyPoints":53,"time":1790872676.0564609,"uptime":1240052.1267163081}
SETUP_PROBE {"appearance":"light","dynamicTypeSize":"accessibility5","frame":[32,-528.66666666666663,249.66666666666663,125.33333333333337],"id":"orientation-label","preferredBodyPoints":53,"time":1790872676.0565429,"uptime":1240052.1267984691}
SETUP_VIEWPORT {"bounds":[0,1289.3333333333333,402,708],"containerSize":[402,708],"contentSize":[402,2089.333333333333],"event":"scroll","insets":[70,0,34,0],"offset":[0,1289.3333333333333],"time":1790872676.072772,"uptime":1240052.1430294421,"visibleRect":[0,1289.3333333333333,402,812]}
SETUP_PROBE {"appearance":"light","dynamicTypeSize":"accessibility5","frame":[32,783.66666666666674,217.33333333333331,63.333333333333485],"id":"load-film","preferredBodyPoints":53,"time":1790872676.0729899,"uptime":1240052.1432450172}
SETUP_PROBE {"appearance":"light","dynamicTypeSize":"accessibility5","frame":[32,8.3333333333334849,333.33333333333337,187.33333333333326],"id":"trial-label","preferredBodyPoints":53,"time":1790872676.0730829,"uptime":1240052.143337792}
SETUP_PROBE {"appearance":"light","dynamicTypeSize":"accessibility5","frame":[32,-253.33333333333326,199.66666666666666,63.333333333333258],"id":"film-title","preferredBodyPoints":53,"time":1790872676.0731699,"uptime":1240052.1434253901}
SETUP_PROBE {"appearance":"light","dynamicTypeSize":"accessibility5","frame":[60,-622.33333333333326,308,63.333333333333371],"id":"silent-capture","preferredBodyPoints":53,"time":1790872676.073252,"uptime":1240052.1435072401}
SETUP_PROBE {"appearance":"light","dynamicTypeSize":"accessibility5","frame":[32,-839.66666666666663,302.66666666666663,187.33333333333337],"id":"camera-description","preferredBodyPoints":53,"time":1790872676.073329,"uptime":1240052.143584298}
SETUP_PROBE {"appearance":"light","dynamicTypeSize":"accessibility5","frame":[32,-528.99999999999989,249.66666666666663,125.33333333333337],"id":"orientation-label","preferredBodyPoints":53,"time":1790872676.073406,"uptime":1240052.1436613561}
SETUP_VIEWPORT {"bounds":[0,1289.6666666666667,402,708],"containerSize":[402,708],"contentSize":[402,2089.333333333333],"event":"scroll","insets":[70,0,34,0],"offset":[0,1289.6666666666667],"time":1790872676.0895019,"uptime":1240052.1597598952,"visibleRect":[0,1289.6666666666667,402,812]}
SETUP_PROBE {"appearance":"light","dynamicTypeSize":"accessibility5","frame":[32,783.33333333333326,217.33333333333331,63.333333333333485],"id":"load-film","preferredBodyPoints":53,"time":1790872676.0897279,"uptime":1240052.1599833181}
SETUP_PROBE {"appearance":"light","dynamicTypeSize":"accessibility5","frame":[32,8,333.33333333333337,187.33333333333326],"id":"trial-label","preferredBodyPoints":53,"time":1790872676.0898299,"uptime":1240052.160085289}
SETUP_PROBE {"appearance":"light","dynamicTypeSize":"accessibility5","frame":[32,-253.66666666666674,199.66666666666666,63.333333333333258],"id":"film-title","preferredBodyPoints":53,"time":1790872676.0899138,"uptime":1240052.1601688711}
SETUP_PROBE {"appearance":"light","dynamicTypeSize":"accessibility5","frame":[60,-622.66666666666674,308,63.333333333333371],"id":"silent-capture","preferredBodyPoints":53,"time":1790872676.0899959,"uptime":1240052.160250522}
SETUP_PROBE {"appearance":"light","dynamicTypeSize":"accessibility5","frame":[32,-840.00000000000011,302.66666666666663,187.33333333333337],"id":"camera-description","preferredBodyPoints":53,"time":1790872676.0900779,"uptime":1240052.1603328951}
SETUP_PROBE {"appearance":"light","dynamicTypeSize":"accessibility5","frame":[32,-529.33333333333337,249.66666666666663,125.33333333333337],"id":"orientation-label","preferredBodyPoints":53,"time":1790872676.090158,"uptime":1240052.160412933}
SETUP_VIEWPORT {"bounds":[0,1290,402,708],"containerSize":[402,708],"contentSize":[402,2089.333333333333],"event":"scroll","insets":[70,0,34,0],"offset":[0,1290],"time":1790872676.1057839,"uptime":1240052.1760400981,"visibleRect":[0,1290,402,812]}
SETUP_PROBE {"appearance":"light","dynamicTypeSize":"accessibility5","frame":[32,783,217.33333333333331,63.333333333333485],"id":"load-film","preferredBodyPoints":53,"time":1790872676.105938,"uptime":1240052.1761923791}
SETUP_PROBE {"appearance":"light","dynamicTypeSize":"accessibility5","frame":[32,7.6666666666667425,333.33333333333337,187.33333333333326],"id":"trial-label","preferredBodyPoints":53,"time":1790872676.1060061,"uptime":1240052.176260998}
SETUP_PROBE {"appearance":"light","dynamicTypeSize":"accessibility5","frame":[32,-254,199.66666666666666,63.333333333333258],"id":"film-title","preferredBodyPoints":53,"time":1790872676.1060638,"uptime":1240052.1763186061}
SETUP_PROBE {"appearance":"light","dynamicTypeSize":"accessibility5","frame":[60,-623,308,63.333333333333371],"id":"silent-capture","preferredBodyPoints":53,"time":1790872676.106118,"uptime":1240052.176372655}
SETUP_PROBE {"appearance":"light","dynamicTypeSize":"accessibility5","frame":[32,-840.33333333333337,302.66666666666663,187.33333333333337],"id":"camera-description","preferredBodyPoints":53,"time":1790872676.1061721,"uptime":1240052.1764264721}
SETUP_PROBE {"appearance":"light","dynamicTypeSize":"accessibility5","frame":[32,-529.66666666666663,249.66666666666663,125.33333333333337],"id":"orientation-label","preferredBodyPoints":53,"time":1790872676.106225,"uptime":1240052.1764800071}
SETUP_VIEWPORT {"bounds":[0,1290.3333333333333,402,708],"containerSize":[402,708],"contentSize":[402,2089.333333333333],"event":"scroll","insets":[70,0,34,0],"offset":[0,1290.3333333333333],"time":1790872676.1224952,"uptime":1240052.1927513871,"visibleRect":[0,1290.3333333333333,402,812]}
SETUP_PROBE {"appearance":"light","dynamicTypeSize":"accessibility5","frame":[32,782.66666666666674,217.33333333333331,63.333333333333485],"id":"load-film","preferredBodyPoints":53,"time":1790872676.1226621,"uptime":1240052.192916465}
SETUP_PROBE {"appearance":"light","dynamicTypeSize":"accessibility5","frame":[32,7.3333333333334849,333.33333333333337,187.33333333333326],"id":"trial-label","preferredBodyPoints":53,"time":1790872676.1227331,"uptime":1240052.1929872311}
SETUP_PROBE {"appearance":"light","dynamicTypeSize":"accessibility5","frame":[32,-254.33333333333326,199.66666666666666,63.333333333333258],"id":"film-title","preferredBodyPoints":53,"time":1790872676.1228008,"uptime":1240052.1930553832}
SETUP_PROBE {"appearance":"light","dynamicTypeSize":"accessibility5","frame":[60,-623.33333333333326,308,63.333333333333371],"id":"silent-capture","preferredBodyPoints":53,"time":1790872676.1228609,"uptime":1240052.1931157631}
SETUP_PROBE {"appearance":"light","dynamicTypeSize":"accessibility5","frame":[32,-840.66666666666663,302.66666666666663,187.33333333333337],"id":"camera-description","preferredBodyPoints":53,"time":1790872676.122921,"uptime":1240052.193175402}
SETUP_PROBE {"appearance":"light","dynamicTypeSize":"accessibility5","frame":[32,-529.99999999999989,249.66666666666663,125.33333333333337],"id":"orientation-label","preferredBodyPoints":53,"time":1790872676.122977,"uptime":1240052.193231697}
SETUP_VIEWPORT {"bounds":[0,1290.6666666666667,402,708],"containerSize":[402,708],"contentSize":[402,2089.333333333333],"event":"scroll","insets":[70,0,34,0],"offset":[0,1290.6666666666667],"time":1790872676.139153,"uptime":1240052.209409331,"visibleRect":[0,1290.6666666666667,402,812]}
SETUP_PROBE {"appearance":"light","dynamicTypeSize":"accessibility5","frame":[32,782.33333333333326,217.33333333333331,63.333333333333485],"id":"load-film","preferredBodyPoints":53,"time":1790872676.1393099,"uptime":1240052.2095645801}
SETUP_PROBE {"appearance":"light","dynamicTypeSize":"accessibility5","frame":[32,7,333.33333333333337,187.33333333333326],"id":"trial-label","preferredBodyPoints":53,"time":1790872676.13938,"uptime":1240052.2096341911}
SETUP_PROBE {"appearance":"light","dynamicTypeSize":"accessibility5","frame":[32,-254.66666666666674,199.66666666666666,63.333333333333258],"id":"film-title","preferredBodyPoints":53,"time":1790872676.1394382,"uptime":1240052.2096919601}
SETUP_PROBE {"appearance":"light","dynamicTypeSize":"accessibility5","frame":[60,-623.66666666666674,308,63.333333333333371],"id":"silent-capture","preferredBodyPoints":53,"time":1790872676.1394939,"uptime":1240052.2097482251}
SETUP_PROBE {"appearance":"light","dynamicTypeSize":"accessibility5","frame":[32,-841.00000000000011,302.66666666666663,187.33333333333337],"id":"camera-description","preferredBodyPoints":53,"time":1790872676.1395478,"uptime":1240052.209802415}
SETUP_PROBE {"appearance":"light","dynamicTypeSize":"accessibility5","frame":[32,-530.33333333333337,249.66666666666663,125.33333333333337],"id":"orientation-label","preferredBodyPoints":53,"time":1790872676.139601,"uptime":1240052.2098554771}
SETUP_VIEWPORT {"bounds":[0,1291,402,708],"containerSize":[402,708],"contentSize":[402,2089.333333333333],"event":"scroll","insets":[70,0,34,0],"offset":[0,1291],"time":1790872676.172471,"uptime":1240052.242727346,"visibleRect":[0,1291,402,812]}
SETUP_PROBE {"appearance":"light","dynamicTypeSize":"accessibility5","frame":[32,782,217.33333333333331,63.333333333333485],"id":"load-film","preferredBodyPoints":53,"time":1790872676.172632,"uptime":1240052.242885784}
SETUP_PROBE {"appearance":"light","dynamicTypeSize":"accessibility5","frame":[32,6.6666666666667425,333.33333333333337,187.33333333333326],"id":"trial-label","preferredBodyPoints":53,"time":1790872676.172704,"uptime":1240052.2429576952}
SETUP_PROBE {"appearance":"light","dynamicTypeSize":"accessibility5","frame":[32,-255,199.66666666666666,63.333333333333258],"id":"film-title","preferredBodyPoints":53,"time":1790872676.1727638,"uptime":1240052.2430183252}
SETUP_PROBE {"appearance":"light","dynamicTypeSize":"accessibility5","frame":[60,-624,308,63.333333333333371],"id":"silent-capture","preferredBodyPoints":53,"time":1790872676.172822,"uptime":1240052.2430757941}
SETUP_PROBE {"appearance":"light","dynamicTypeSize":"accessibility5","frame":[32,-841.33333333333337,302.66666666666663,187.33333333333337],"id":"camera-description","preferredBodyPoints":53,"time":1790872676.172879,"uptime":1240052.243132534}
SETUP_PROBE {"appearance":"light","dynamicTypeSize":"accessibility5","frame":[32,-530.66666666666663,249.66666666666663,125.33333333333337],"id":"orientation-label","preferredBodyPoints":53,"time":1790872676.1729341,"uptime":1240052.243187848}
SETUP_VIEWPORT {"bounds":[0,1291.3333333333333,402,708],"containerSize":[402,708],"contentSize":[402,2089.333333333333],"event":"scroll","insets":[70,0,34,0],"offset":[0,1291.3333333333333],"time":1790872676.1891899,"uptime":1240052.2594456112,"visibleRect":[0,1291.3333333333333,402,812]}
SETUP_PROBE {"appearance":"light","dynamicTypeSize":"accessibility5","frame":[32,781.66666666666674,217.33333333333331,63.333333333333485],"id":"load-film","preferredBodyPoints":53,"time":1790872676.189353,"uptime":1240052.2596072361}
SETUP_PROBE {"appearance":"light","dynamicTypeSize":"accessibility5","frame":[32,6.3333333333334849,333.33333333333337,187.33333333333326],"id":"trial-label","preferredBodyPoints":53,"time":1790872676.1894279,"uptime":1240052.2596818551}
SETUP_PROBE {"appearance":"light","dynamicTypeSize":"accessibility5","frame":[32,-255.33333333333326,199.66666666666666,63.333333333333258],"id":"film-title","preferredBodyPoints":53,"time":1790872676.1894898,"uptime":1240052.2597435}
SETUP_PROBE {"appearance":"light","dynamicTypeSize":"accessibility5","frame":[60,-624.33333333333326,308,63.333333333333371],"id":"silent-capture","preferredBodyPoints":53,"time":1790872676.1895471,"uptime":1240052.2598001701}
SETUP_PROBE {"appearance":"light","dynamicTypeSize":"accessibility5","frame":[32,-841.66666666666663,302.66666666666663,187.33333333333337],"id":"camera-description","preferredBodyPoints":53,"time":1790872676.1896019,"uptime":1240052.259855397}
SETUP_PROBE {"appearance":"light","dynamicTypeSize":"accessibility5","frame":[32,-530.99999999999989,249.66666666666663,125.33333333333337],"id":"orientation-label","preferredBodyPoints":53,"time":1790872676.189657,"uptime":1240052.259910231}
SETUP_VIEWPORT {"bounds":[0,1291.6666666666667,402,708],"containerSize":[402,708],"contentSize":[402,2089.333333333333],"event":"scroll","insets":[70,0,34,0],"offset":[0,1291.6666666666667],"time":1790872676.206068,"uptime":1240052.2763233981,"visibleRect":[0,1291.6666666666667,402,812]}
SETUP_PROBE {"appearance":"light","dynamicTypeSize":"accessibility5","frame":[32,781.33333333333326,217.33333333333331,63.333333333333485],"id":"load-film","preferredBodyPoints":53,"time":1790872676.2062759,"uptime":1240052.2765294891}
SETUP_PROBE {"appearance":"light","dynamicTypeSize":"accessibility5","frame":[32,6,333.33333333333337,187.33333333333326],"id":"trial-label","preferredBodyPoints":53,"time":1790872676.206368,"uptime":1240052.276621741}
SETUP_PROBE {"appearance":"light","dynamicTypeSize":"accessibility5","frame":[32,-255.66666666666674,199.66666666666666,63.333333333333258],"id":"film-title","preferredBodyPoints":53,"time":1790872676.2064481,"uptime":1240052.2767011782}
SETUP_PROBE {"appearance":"light","dynamicTypeSize":"accessibility5","frame":[60,-624.66666666666674,308,63.333333333333371],"id":"silent-capture","preferredBodyPoints":53,"time":1790872676.2065248,"uptime":1240052.2767783972}
SETUP_PROBE {"appearance":"light","dynamicTypeSize":"accessibility5","frame":[32,-842.00000000000011,302.66666666666663,187.33333333333337],"id":"camera-description","preferredBodyPoints":53,"time":1790872676.206686,"uptime":1240052.276940034}
SETUP_PROBE {"appearance":"light","dynamicTypeSize":"accessibility5","frame":[32,-531.33333333333337,249.66666666666663,125.33333333333337],"id":"orientation-label","preferredBodyPoints":53,"time":1790872676.2067709,"uptime":1240052.2770241702}
SETUP_VIEWPORT {"bounds":[0,1292,402,708],"containerSize":[402,708],"contentSize":[402,2089.333333333333],"event":"scroll","insets":[70,0,34,0],"offset":[0,1292],"time":1790872676.2394071,"uptime":1240052.30966236,"visibleRect":[0,1292,402,812]}
SETUP_PROBE {"appearance":"light","dynamicTypeSize":"accessibility5","frame":[32,781,217.33333333333331,63.333333333333485],"id":"load-film","preferredBodyPoints":53,"time":1790872676.2396221,"uptime":1240052.3098756801}
SETUP_PROBE {"appearance":"light","dynamicTypeSize":"accessibility5","frame":[32,5.6666666666667425,333.33333333333337,187.33333333333326],"id":"trial-label","preferredBodyPoints":53,"time":1790872676.2397251,"uptime":1240052.3099782211}
SETUP_PROBE {"appearance":"light","dynamicTypeSize":"accessibility5","frame":[32,-256,199.66666666666666,63.333333333333258],"id":"film-title","preferredBodyPoints":53,"time":1790872676.239809,"uptime":1240052.3100626662}
SETUP_PROBE {"appearance":"light","dynamicTypeSize":"accessibility5","frame":[60,-625,308,63.333333333333371],"id":"silent-capture","preferredBodyPoints":53,"time":1790872676.239887,"uptime":1240052.310140548}
SETUP_PROBE {"appearance":"light","dynamicTypeSize":"accessibility5","frame":[32,-842.33333333333337,302.66666666666663,187.33333333333337],"id":"camera-description","preferredBodyPoints":53,"time":1790872676.2402749,"uptime":1240052.3105289012}
SETUP_PROBE {"appearance":"light","dynamicTypeSize":"accessibility5","frame":[32,-531.66666666666663,249.66666666666663,125.33333333333337],"id":"orientation-label","preferredBodyPoints":53,"time":1790872676.2403622,"uptime":1240052.310615682}
SETUP_VIEWPORT {"bounds":[0,1292.3333333333333,402,708],"containerSize":[402,708],"contentSize":[402,2089.333333333333],"event":"scroll","insets":[70,0,34,0],"offset":[0,1292.3333333333333],"time":1790872676.2561622,"uptime":1240052.3264174811,"visibleRect":[0,1292.3333333333333,402,812]}
SETUP_PROBE {"appearance":"light","dynamicTypeSize":"accessibility5","frame":[32,780.66666666666674,217.33333333333331,63.333333333333485],"id":"load-film","preferredBodyPoints":53,"time":1790872676.2564011,"uptime":1240052.32665464}
SETUP_PROBE {"appearance":"light","dynamicTypeSize":"accessibility5","frame":[32,5.3333333333334849,333.33333333333337,187.33333333333326],"id":"trial-label","preferredBodyPoints":53,"time":1790872676.2565041,"uptime":1240052.3267574031}
SETUP_PROBE {"appearance":"light","dynamicTypeSize":"accessibility5","frame":[32,-256.33333333333326,199.66666666666666,63.333333333333258],"id":"film-title","preferredBodyPoints":53,"time":1790872676.2565889,"uptime":1240052.326841773}
SETUP_PROBE {"appearance":"light","dynamicTypeSize":"accessibility5","frame":[60,-625.33333333333326,308,63.333333333333371],"id":"silent-capture","preferredBodyPoints":53,"time":1790872676.25667,"uptime":1240052.326922853}
SETUP_PROBE {"appearance":"light","dynamicTypeSize":"accessibility5","frame":[32,-842.66666666666663,302.66666666666663,187.33333333333337],"id":"camera-description","preferredBodyPoints":53,"time":1790872676.2586651,"uptime":1240052.3289184112}
SETUP_PROBE {"appearance":"light","dynamicTypeSize":"accessibility5","frame":[32,-531.99999999999989,249.66666666666663,125.33333333333337],"id":"orientation-label","preferredBodyPoints":53,"time":1790872676.258765,"uptime":1240052.329018136}
SETUP_VIEWPORT {"bounds":[0,1292.6666666666667,402,708],"containerSize":[402,708],"contentSize":[402,2089.333333333333],"event":"scroll","insets":[70,0,34,0],"offset":[0,1292.6666666666667],"time":1790872676.289434,"uptime":1240052.3596885272,"visibleRect":[0,1292.6666666666667,402,812]}
SETUP_PROBE {"appearance":"light","dynamicTypeSize":"accessibility5","frame":[32,780.33333333333326,217.33333333333331,63.333333333333485],"id":"load-film","preferredBodyPoints":53,"time":1790872676.2896399,"uptime":1240052.359893057}
SETUP_PROBE {"appearance":"light","dynamicTypeSize":"accessibility5","frame":[32,5,333.33333333333337,187.33333333333326],"id":"trial-label","preferredBodyPoints":53,"time":1790872676.2897382,"uptime":1240052.3599903572}
SETUP_PROBE {"appearance":"light","dynamicTypeSize":"accessibility5","frame":[32,-256.66666666666674,199.66666666666666,63.333333333333258],"id":"film-title","preferredBodyPoints":53,"time":1790872676.289818,"uptime":1240052.3600711771}
SETUP_PROBE {"appearance":"light","dynamicTypeSize":"accessibility5","frame":[60,-625.66666666666674,308,63.333333333333371],"id":"silent-capture","preferredBodyPoints":53,"time":1790872676.289896,"uptime":1240052.360149157}
SETUP_PROBE {"appearance":"light","dynamicTypeSize":"accessibility5","frame":[32,-843.00000000000011,302.66666666666663,187.33333333333337],"id":"camera-description","preferredBodyPoints":53,"time":1790872676.2902751,"uptime":1240052.3605277871}
SETUP_PROBE {"appearance":"light","dynamicTypeSize":"accessibility5","frame":[32,-532.33333333333337,249.66666666666663,125.33333333333337],"id":"orientation-label","preferredBodyPoints":53,"time":1790872676.2903619,"uptime":1240052.3606150891}
SETUP_VIEWPORT {"bounds":[0,1293,402,708],"containerSize":[402,708],"contentSize":[402,2089.333333333333],"event":"scroll","insets":[70,0,34,0],"offset":[0,1293],"time":1790872676.305881,"uptime":1240052.376135601,"visibleRect":[0,1293,402,812]}
SETUP_PROBE {"appearance":"light","dynamicTypeSize":"accessibility5","frame":[32,780,217.33333333333331,63.333333333333485],"id":"load-film","preferredBodyPoints":53,"time":1790872676.306134,"uptime":1240052.376386706}
SETUP_PROBE {"appearance":"light","dynamicTypeSize":"accessibility5","frame":[32,4.6666666666667425,333.33333333333337,187.33333333333326],"id":"trial-label","preferredBodyPoints":53,"time":1790872676.306215,"uptime":1240052.3764675111}
SETUP_PROBE {"appearance":"light","dynamicTypeSize":"accessibility5","frame":[32,-257,199.66666666666666,63.333333333333258],"id":"film-title","preferredBodyPoints":53,"time":1790872676.306282,"uptime":1240052.3765344631}
SETUP_PROBE {"appearance":"light","dynamicTypeSize":"accessibility5","frame":[60,-626,308,63.333333333333371],"id":"silent-capture","preferredBodyPoints":53,"time":1790872676.3063412,"uptime":1240052.3765936862}
SETUP_PROBE {"appearance":"light","dynamicTypeSize":"accessibility5","frame":[32,-843.33333333333337,302.66666666666663,187.33333333333337],"id":"camera-description","preferredBodyPoints":53,"time":1790872676.3063998,"uptime":1240052.3766527241}
SETUP_PROBE {"appearance":"light","dynamicTypeSize":"accessibility5","frame":[32,-532.66666666666663,249.66666666666663,125.33333333333337],"id":"orientation-label","preferredBodyPoints":53,"time":1790872676.306459,"uptime":1240052.3767109551}
SETUP_VIEWPORT {"bounds":[0,1293.3333333333333,402,708],"containerSize":[402,708],"contentSize":[402,2089.333333333333],"event":"scroll","insets":[70,0,34,0],"offset":[0,1293.3333333333333],"time":1790872676.339169,"uptime":1240052.4094231681,"visibleRect":[0,1293.3333333333333,402,812]}
SETUP_PROBE {"appearance":"light","dynamicTypeSize":"accessibility5","frame":[32,779.66666666666674,217.33333333333331,63.333333333333485],"id":"load-film","preferredBodyPoints":53,"time":1790872676.3393421,"uptime":1240052.4095938362}
SETUP_PROBE {"appearance":"light","dynamicTypeSize":"accessibility5","frame":[32,4.3333333333334849,333.33333333333337,187.33333333333326],"id":"trial-label","preferredBodyPoints":53,"time":1790872676.339416,"uptime":1240052.409668094}
SETUP_PROBE {"appearance":"light","dynamicTypeSize":"accessibility5","frame":[32,-257.33333333333326,199.66666666666666,63.333333333333258],"id":"film-title","preferredBodyPoints":53,"time":1790872676.339479,"uptime":1240052.409731287}
SETUP_PROBE {"appearance":"light","dynamicTypeSize":"accessibility5","frame":[60,-626.33333333333326,308,63.333333333333371],"id":"silent-capture","preferredBodyPoints":53,"time":1790872676.339536,"uptime":1240052.4097883601}
SETUP_PROBE {"appearance":"light","dynamicTypeSize":"accessibility5","frame":[32,-843.66666666666663,302.66666666666663,187.33333333333337],"id":"camera-description","preferredBodyPoints":53,"time":1790872676.339591,"uptime":1240052.4098428232}
SETUP_PROBE {"appearance":"light","dynamicTypeSize":"accessibility5","frame":[32,-532.99999999999989,249.66666666666663,125.33333333333337],"id":"orientation-label","preferredBodyPoints":53,"time":1790872676.3396459,"uptime":1240052.4098980471}
SETUP_VIEWPORT {"bounds":[0,1293.6666666666667,402,708],"containerSize":[402,708],"contentSize":[402,2089.333333333333],"event":"scroll","insets":[70,0,34,0],"offset":[0,1293.6666666666667],"time":1790872676.372467,"uptime":1240052.4427212751,"visibleRect":[0,1293.6666666666667,402,812]}
SETUP_PROBE {"appearance":"light","dynamicTypeSize":"accessibility5","frame":[32,779.33333333333326,217.33333333333331,63.333333333333485],"id":"load-film","preferredBodyPoints":53,"time":1790872676.3726301,"uptime":1240052.4428819311}
SETUP_PROBE {"appearance":"light","dynamicTypeSize":"accessibility5","frame":[32,4,333.33333333333337,187.33333333333326],"id":"trial-label","preferredBodyPoints":53,"time":1790872676.3727,"uptime":1240052.44295173}
SETUP_PROBE {"appearance":"light","dynamicTypeSize":"accessibility5","frame":[32,-257.66666666666674,199.66666666666666,63.333333333333258],"id":"film-title","preferredBodyPoints":53,"time":1790872676.372757,"uptime":1240052.443008678}
SETUP_PROBE {"appearance":"light","dynamicTypeSize":"accessibility5","frame":[60,-626.66666666666674,308,63.333333333333371],"id":"silent-capture","preferredBodyPoints":53,"time":1790872676.372813,"uptime":1240052.4430643101}
SETUP_PROBE {"appearance":"light","dynamicTypeSize":"accessibility5","frame":[32,-844.00000000000011,302.66666666666663,187.33333333333337],"id":"camera-description","preferredBodyPoints":53,"time":1790872676.3728662,"uptime":1240052.44311764}
SETUP_PROBE {"appearance":"light","dynamicTypeSize":"accessibility5","frame":[32,-533.33333333333337,249.66666666666663,125.33333333333337],"id":"orientation-label","preferredBodyPoints":53,"time":1790872676.3729191,"uptime":1240052.4431709282}
SETUP_VIEWPORT {"bounds":[0,1294,402,708],"containerSize":[402,708],"contentSize":[402,2089.333333333333],"event":"scroll","insets":[70,0,34,0],"offset":[0,1294],"time":1790872676.389118,"uptime":1240052.4593714951,"visibleRect":[0,1294,402,812]}
SETUP_PROBE {"appearance":"light","dynamicTypeSize":"accessibility5","frame":[32,779,217.33333333333331,63.333333333333485],"id":"load-film","preferredBodyPoints":53,"time":1790872676.3892689,"uptime":1240052.459520583}
SETUP_PROBE {"appearance":"light","dynamicTypeSize":"accessibility5","frame":[32,3.6666666666667425,333.33333333333337,187.33333333333326],"id":"trial-label","preferredBodyPoints":53,"time":1790872676.3893361,"uptime":1240052.4595871731}
SETUP_PROBE {"appearance":"light","dynamicTypeSize":"accessibility5","frame":[32,-258,199.66666666666666,63.333333333333258],"id":"film-title","preferredBodyPoints":53,"time":1790872676.389395,"uptime":1240052.4596469072}
SETUP_PROBE {"appearance":"light","dynamicTypeSize":"accessibility5","frame":[60,-627,308,63.333333333333371],"id":"silent-capture","preferredBodyPoints":53,"time":1790872676.3894501,"uptime":1240052.459701675}
SETUP_PROBE {"appearance":"light","dynamicTypeSize":"accessibility5","frame":[32,-844.33333333333337,302.66666666666663,187.33333333333337],"id":"camera-description","preferredBodyPoints":53,"time":1790872676.389504,"uptime":1240052.4597555071}
SETUP_PROBE {"appearance":"light","dynamicTypeSize":"accessibility5","frame":[32,-533.66666666666663,249.66666666666663,125.33333333333337],"id":"orientation-label","preferredBodyPoints":53,"time":1790872676.3895578,"uptime":1240052.4598093391}
SETUP_VIEWPORT {"bounds":[0,1294,402,708],"containerSize":[402,708],"contentSize":[402,833],"event":"scroll","insets":[70,0,34,0],"offset":[0,1294],"time":1790872678.372546,"uptime":1240054.4427792791,"visibleRect":[0,1294,402,812]}
SETUP_PROBE {"appearance":"light","dynamicTypeSize":"xSmall","frame":[32,-433.5,62,17],"id":"load-film","preferredBodyPoints":14,"time":1790872678.3727541,"uptime":1240054.4429859531}
SETUP_PROBE {"appearance":"light","dynamicTypeSize":"xSmall","frame":[32,-433.5,62,17],"id":"load-film","preferredBodyPoints":14,"time":1790872678.372843,"uptime":1240054.443073638}
SETUP_PROBE {"appearance":"light","dynamicTypeSize":"xSmall","frame":[32,-667.83333333333337,211.33333333333334,17],"id":"trial-label","preferredBodyPoints":14,"time":1790872678.372921,"uptime":1240054.4431522731}
SETUP_PROBE {"appearance":"light","dynamicTypeSize":"xSmall","frame":[32,-667.83333333333337,211.33333333333334,17],"id":"trial-label","preferredBodyPoints":14,"time":1790872678.3729959,"uptime":1240054.4432268771}
SETUP_PROBE {"appearance":"light","dynamicTypeSize":"xSmall","frame":[32,-886.33333333333337,58,17],"id":"film-title","preferredBodyPoints":14,"time":1790872678.373071,"uptime":1240054.443301826}
SETUP_PROBE {"appearance":"light","dynamicTypeSize":"xSmall","frame":[32,-886.33333333333337,58,17],"id":"film-title","preferredBodyPoints":14,"time":1790872678.3731411,"uptime":1240054.443371735}
SETUP_PROBE {"appearance":"light","dynamicTypeSize":"xSmall","frame":[32,-533.66666666666663,249.66666666666663,125.33333333333337],"id":"orientation-label","preferredBodyPoints":14,"time":1790872678.373209,"uptime":1240054.443440007}
SETUP_PROBE {"appearance":"light","dynamicTypeSize":"xSmall","frame":[60,-1057.6666666666667,89.666666666666657,17],"id":"silent-capture","preferredBodyPoints":14,"time":1790872678.373286,"uptime":1240054.4435171362}
SETUP_PROBE {"appearance":"light","dynamicTypeSize":"xSmall","frame":[60,-1057.6666666666667,89.666666666666657,17],"id":"silent-capture","preferredBodyPoints":14,"time":1790872678.373358,"uptime":1240054.4435892331}
SETUP_PROBE {"appearance":"light","dynamicTypeSize":"xSmall","frame":[32,-1110.5,193,17],"id":"camera-description","preferredBodyPoints":14,"time":1790872678.3734841,"uptime":1240054.4437153181}
SETUP_PROBE {"appearance":"light","dynamicTypeSize":"xSmall","frame":[32,-1110.5,193,17],"id":"camera-description","preferredBodyPoints":14,"time":1790872678.373558,"uptime":1240054.4437890181}
SETUP_PROBE {"appearance":"light","dynamicTypeSize":"xSmall","frame":[32,-1007.3333333333333,114.33333333333331,17],"id":"orientation-label","preferredBodyPoints":14,"time":1790872678.3736329,"uptime":1240054.4438635032}
SETUP_VIEWPORT {"bounds":[0,55,402,708],"containerSize":[402,708],"contentSize":[402,833],"event":"scroll","insets":[70,0,34,0],"offset":[0,55],"time":1790872678.3801579,"uptime":1240054.4503910281,"visibleRect":[0,55,402,812]}
SETUP_PROBE {"appearance":"light","dynamicTypeSize":"xSmall","frame":[32,805.5,62,17],"id":"load-film","preferredBodyPoints":14,"time":1790872678.3803411,"uptime":1240054.4505721421}
SETUP_PROBE {"appearance":"light","dynamicTypeSize":"xSmall","frame":[32,571.16666666666663,211.33333333333334,17],"id":"trial-label","preferredBodyPoints":14,"time":1790872678.380419,"uptime":1240054.4506494461}
SETUP_PROBE {"appearance":"light","dynamicTypeSize":"xSmall","frame":[32,352.66666666666663,58,17],"id":"film-title","preferredBodyPoints":14,"time":1790872678.3804879,"uptime":1240054.45071895}
SETUP_PROBE {"appearance":"light","dynamicTypeSize":"xSmall","frame":[60,181.33333333333334,89.666666666666657,17],"id":"silent-capture","preferredBodyPoints":14,"time":1790872678.3805439,"uptime":1240054.4507746671}
SETUP_PROBE {"appearance":"light","dynamicTypeSize":"xSmall","frame":[32,128.5,193,17],"id":"camera-description","preferredBodyPoints":14,"time":1790872678.380599,"uptime":1240054.4508293541}
SETUP_PROBE {"appearance":"light","dynamicTypeSize":"xSmall","frame":[32,231.66666666666666,114.33333333333331,17],"id":"orientation-label","preferredBodyPoints":14,"time":1790872678.3806639,"uptime":1240054.4508941961}
SETUP_VIEWPORT {"bounds":[0,55,402,708],"containerSize":[402,708],"contentSize":[402,726],"event":"scroll","insets":[70,0,34,0],"offset":[0,55],"time":1790872678.4363821,"uptime":1240054.506614211,"visibleRect":[0,55,402,812]}
SETUP_PROBE {"appearance":"light","dynamicTypeSize":"xSmall","frame":[32,698.5,62,17],"id":"load-film","preferredBodyPoints":14,"time":1790872678.4365292,"uptime":1240054.5067590091}
SETUP_PROBE {"appearance":"light","dynamicTypeSize":"xSmall","frame":[32,464.16666666666663,211.33333333333334,17],"id":"trial-label","preferredBodyPoints":14,"time":1790872678.4365969,"uptime":1240054.5068276611}
SETUP_VIEWPORT {"bounds":[0,-52,402,708],"containerSize":[402,708],"contentSize":[402,726],"event":"scroll","insets":[70,0,34,0],"offset":[0,-52],"time":1790872678.4415431,"uptime":1240054.5117754531,"visibleRect":[0,-52,402,812]}
SETUP_PROBE {"appearance":"light","dynamicTypeSize":"xSmall","frame":[32,805.5,62,17],"id":"load-film","preferredBodyPoints":14,"time":1790872678.4417009,"uptime":1240054.511931221}
SETUP_PROBE {"appearance":"light","dynamicTypeSize":"xSmall","frame":[32,571.16666666666663,211.33333333333334,17],"id":"trial-label","preferredBodyPoints":14,"time":1790872678.441767,"uptime":1240054.5119970781}
SETUP_PROBE {"appearance":"light","dynamicTypeSize":"xSmall","frame":[32,459.66666666666663,58,17],"id":"film-title","preferredBodyPoints":14,"time":1790872678.441823,"uptime":1240054.5120533421}
SETUP_PROBE {"appearance":"light","dynamicTypeSize":"xSmall","frame":[60,288.33333333333337,89.666666666666657,17],"id":"silent-capture","preferredBodyPoints":14,"time":1790872678.4418769,"uptime":1240054.512107101}
SETUP_PROBE {"appearance":"light","dynamicTypeSize":"xSmall","frame":[32,235.5,193,17],"id":"camera-description","preferredBodyPoints":14,"time":1790872678.441931,"uptime":1240054.5121612591}
SETUP_PROBE {"appearance":"light","dynamicTypeSize":"xSmall","frame":[32,338.66666666666663,114.33333333333331,17],"id":"orientation-label","preferredBodyPoints":14,"time":1790872678.441983,"uptime":1240054.512213029}
SETUP_VIEWPORT {"bounds":[0,-52,402,708],"containerSize":[402,708],"contentSize":[402,729],"event":"scroll","insets":[70,0,34,0],"offset":[0,-52],"time":1790872678.510597,"uptime":1240054.5808283831,"visibleRect":[0,-52,402,812]}
SETUP_PROBE {"appearance":"light","dynamicTypeSize":"small","frame":[32,808,66,18],"id":"load-film","preferredBodyPoints":15,"time":1790872678.510746,"uptime":1240054.580975848}
SETUP_PROBE {"appearance":"light","dynamicTypeSize":"small","frame":[32,808,66,18],"id":"load-film","preferredBodyPoints":15,"time":1790872678.5108109,"uptime":1240054.5810399582}
SETUP_PROBE {"appearance":"light","dynamicTypeSize":"small","frame":[32,573.66666666666663,224.33333333333337,18],"id":"trial-label","preferredBodyPoints":15,"time":1790872678.510865,"uptime":1240054.581093899}
SETUP_PROBE {"appearance":"light","dynamicTypeSize":"small","frame":[32,573.66666666666663,224.33333333333337,18],"id":"trial-label","preferredBodyPoints":15,"time":1790872678.5109169,"uptime":1240054.581146427}
SETUP_PROBE {"appearance":"light","dynamicTypeSize":"small","frame":[32,460.66666666666663,61.666666666666657,18],"id":"film-title","preferredBodyPoints":15,"time":1790872678.5109711,"uptime":1240054.5811999352}
SETUP_PROBE {"appearance":"light","dynamicTypeSize":"small","frame":[32,460.66666666666663,61.666666666666657,18],"id":"film-title","preferredBodyPoints":15,"time":1790872678.5110211,"uptime":1240054.58125}
SETUP_PROBE {"appearance":"light","dynamicTypeSize":"small","frame":[32,338.66666666666663,114.33333333333331,17],"id":"orientation-label","preferredBodyPoints":15,"time":1790872678.5110679,"uptime":1240054.5812979571}
SETUP_PROBE {"appearance":"light","dynamicTypeSize":"small","frame":[60,287.83333333333337,95,18],"id":"silent-capture","preferredBodyPoints":15,"time":1790872678.5111198,"uptime":1240054.5813499521}
SETUP_PROBE {"appearance":"light","dynamicTypeSize":"small","frame":[60,287.83333333333337,95,18],"id":"silent-capture","preferredBodyPoints":15,"time":1790872678.511168,"uptime":1240054.581397061}
SETUP_PROBE {"appearance":"light","dynamicTypeSize":"small","frame":[32,235,204.33333333333331,18],"id":"camera-description","preferredBodyPoints":15,"time":1790872678.5112162,"uptime":1240054.581445785}
SETUP_PROBE {"appearance":"light","dynamicTypeSize":"small","frame":[32,235,204.33333333333331,18],"id":"camera-description","preferredBodyPoints":15,"time":1790872678.511266,"uptime":1240054.5814953581}
SETUP_PROBE {"appearance":"light","dynamicTypeSize":"small","frame":[32,338.66666666666663,121.33333333333331,18],"id":"orientation-label","preferredBodyPoints":15,"time":1790872678.511317,"uptime":1240054.581546447}
SETUP_VIEWPORT {"bounds":[0,-52,402,708],"containerSize":[402,708],"contentSize":[402,732.66666666666663],"event":"scroll","insets":[70,0,34,0],"offset":[0,-52],"time":1790872678.655829,"uptime":1240054.7260588361,"visibleRect":[0,-52,402,812]}
SETUP_PROBE {"appearance":"light","dynamicTypeSize":"medium","frame":[32,811,69.666666666666657,19.333333333333371],"id":"load-film","preferredBodyPoints":16,"time":1790872678.656023,"uptime":1240054.7262507682}
SETUP_PROBE {"appearance":"light","dynamicTypeSize":"medium","frame":[32,811,69.666666666666657,19.333333333333371],"id":"load-film","preferredBodyPoints":16,"time":1790872678.6561079,"uptime":1240054.726336254}
SETUP_PROBE {"appearance":"light","dynamicTypeSize":"medium","frame":[32,576.66666666666663,236.66666666666663,19.333333333333371],"id":"trial-label","preferredBodyPoints":16,"time":1790872678.6561871,"uptime":1240054.726415409}
SETUP_PROBE {"appearance":"light","dynamicTypeSize":"medium","frame":[32,576.66666666666663,236.66666666666663,19.333333333333371],"id":"trial-label","preferredBodyPoints":16,"time":1790872678.6562638,"uptime":1240054.7264915481}
SETUP_PROBE {"appearance":"light","dynamicTypeSize":"medium","frame":[32,462,65,19.333333333333314],"id":"film-title","preferredBodyPoints":16,"time":1790872678.656342,"uptime":1240054.7265703811}
SETUP_PROBE {"appearance":"light","dynamicTypeSize":"medium","frame":[32,462,65,19.333333333333314],"id":"film-title","preferredBodyPoints":16,"time":1790872678.6564159,"uptime":1240054.7266443982}
SETUP_PROBE {"appearance":"light","dynamicTypeSize":"medium","frame":[32,338.66666666666663,121.33333333333331,18],"id":"orientation-label","preferredBodyPoints":16,"time":1790872678.656486,"uptime":1240054.7267143221}
SETUP_PROBE {"appearance":"light","dynamicTypeSize":"medium","frame":[60,287.16666666666663,100.33333333333331,19.333333333333371],"id":"silent-capture","preferredBodyPoints":16,"time":1790872678.6565609,"uptime":1240054.72678884}
SETUP_PROBE {"appearance":"light","dynamicTypeSize":"medium","frame":[60,287.16666666666663,100.33333333333331,19.333333333333371],"id":"silent-capture","preferredBodyPoints":16,"time":1790872678.6566339,"uptime":1240054.7268619442}
SETUP_PROBE {"appearance":"light","dynamicTypeSize":"medium","frame":[32,234.33333333333334,216,19.333333333333343],"id":"camera-description","preferredBodyPoints":16,"time":1790872678.656709,"uptime":1240054.7269370351}
SETUP_PROBE {"appearance":"light","dynamicTypeSize":"medium","frame":[32,234.33333333333334,216,19.333333333333343],"id":"camera-description","preferredBodyPoints":16,"time":1790872678.656781,"uptime":1240054.7270093882}
SETUP_PROBE {"appearance":"light","dynamicTypeSize":"medium","frame":[32,338.66666666666663,128.33333333333331,19.333333333333371],"id":"orientation-label","preferredBodyPoints":16,"time":1790872678.656857,"uptime":1240054.7270849361}
SETUP_VIEWPORT {"bounds":[0,-52,402,708],"containerSize":[402,708],"contentSize":[402,739],"event":"scroll","insets":[70,0,34,0],"offset":[0,-52],"time":1790872678.789089,"uptime":1240054.859317726,"visibleRect":[0,-52,402,812]}
SETUP_PROBE {"appearance":"light","dynamicTypeSize":"large","frame":[32,816.83333333333337,73.333333333333329,20.333333333333371],"id":"load-film","preferredBodyPoints":17,"time":1790872678.789221,"uptime":1240054.859448076}
SETUP_PROBE {"appearance":"light","dynamicTypeSize":"large","frame":[32,816.83333333333337,73.333333333333329,20.333333333333371],"id":"load-film","preferredBodyPoints":17,"time":1790872678.7892861,"uptime":1240054.859512334}
SETUP_PROBE {"appearance":"light","dynamicTypeSize":"large","frame":[32,579.16666666666663,247.66666666666669,20.333333333333371],"id":"trial-label","preferredBodyPoints":17,"time":1790872678.789341,"uptime":1240054.8595673922}
SETUP_PROBE {"appearance":"light","dynamicTypeSize":"large","frame":[32,579.16666666666663,247.66666666666669,20.333333333333371],"id":"trial-label","preferredBodyPoints":17,"time":1790872678.789391,"uptime":1240054.8596177672}
SETUP_PROBE {"appearance":"light","dynamicTypeSize":"large","frame":[32,463,68,20.333333333333314],"id":"film-title","preferredBodyPoints":17,"time":1790872678.789443,"uptime":1240054.8596698151}
SETUP_PROBE {"appearance":"light","dynamicTypeSize":"large","frame":[32,463,68,20.333333333333314],"id":"film-title","preferredBodyPoints":17,"time":1790872678.7894912,"uptime":1240054.8597173151}
SETUP_PROBE {"appearance":"light","dynamicTypeSize":"large","frame":[32,338.66666666666663,128.33333333333331,19.333333333333371],"id":"orientation-label","preferredBodyPoints":17,"time":1790872678.789537,"uptime":1240054.859763084}
SETUP_PROBE {"appearance":"light","dynamicTypeSize":"large","frame":[60,286.66666666666663,105.33333333333331,20.333333333333371],"id":"silent-capture","preferredBodyPoints":17,"time":1790872678.789588,"uptime":1240054.8598143731}
SETUP_PROBE {"appearance":"light","dynamicTypeSize":"large","frame":[60,286.66666666666663,105.33333333333331,20.333333333333371],"id":"silent-capture","preferredBodyPoints":17,"time":1790872678.7896371,"uptime":1240054.859863722}
SETUP_PROBE {"appearance":"light","dynamicTypeSize":"large","frame":[32,233.83333333333334,226.66666666666663,20.333333333333343],"id":"camera-description","preferredBodyPoints":17,"time":1790872678.7896881,"uptime":1240054.859914541}
SETUP_PROBE {"appearance":"light","dynamicTypeSize":"large","frame":[32,233.83333333333334,226.66666666666663,20.333333333333343],"id":"camera-description","preferredBodyPoints":17,"time":1790872678.789737,"uptime":1240054.8599628871}
SETUP_PROBE {"appearance":"light","dynamicTypeSize":"large","frame":[32,338.66666666666663,134.66666666666666,20.333333333333371],"id":"orientation-label","preferredBodyPoints":17,"time":1790872678.7897859,"uptime":1240054.8600123161}
SETUP_VIEWPORT {"bounds":[0,-52,402,708],"containerSize":[402,708],"contentSize":[402,776.66666666666663],"event":"scroll","insets":[70,0,34,0],"offset":[0,-52],"time":1790872678.9317179,"uptime":1240055.0019444171,"visibleRect":[0,-52,402,812]}
SETUP_PROBE {"appearance":"light","dynamicTypeSize":"xLarge","frame":[32,852.66666666666663,81.333333333333329,23],"id":"load-film","preferredBodyPoints":19,"time":1790872678.9318841,"uptime":1240055.0021097781}
SETUP_PROBE {"appearance":"light","dynamicTypeSize":"xLarge","frame":[32,852.66666666666663,81.333333333333329,23],"id":"load-film","preferredBodyPoints":19,"time":1790872678.9319758,"uptime":1240055.0022008731}
SETUP_PROBE {"appearance":"light","dynamicTypeSize":"xLarge","frame":[32,588.66666666666663,274.33333333333331,23],"id":"trial-label","preferredBodyPoints":19,"time":1790872678.932055,"uptime":1240055.002280219}
SETUP_PROBE {"appearance":"light","dynamicTypeSize":"xLarge","frame":[32,588.66666666666663,274.33333333333331,23],"id":"trial-label","preferredBodyPoints":19,"time":1790872678.9321289,"uptime":1240055.0023539711}
SETUP_PROBE {"appearance":"light","dynamicTypeSize":"xLarge","frame":[32,468.66666666666663,75.333333333333329,23],"id":"film-title","preferredBodyPoints":19,"time":1790872678.9339418,"uptime":1240055.0041671551}
SETUP_PROBE {"appearance":"light","dynamicTypeSize":"xLarge","frame":[32,468.66666666666663,75.333333333333329,23],"id":"film-title","preferredBodyPoints":19,"time":1790872678.9340301,"uptime":1240055.0042548222}
SETUP_PROBE {"appearance":"light","dynamicTypeSize":"xLarge","frame":[32,338.66666666666663,134.66666666666666,20.333333333333371],"id":"orientation-label","preferredBodyPoints":19,"time":1790872678.934114,"uptime":1240055.0043392391}
SETUP_PROBE {"appearance":"light","dynamicTypeSize":"xLarge","frame":[60,288.33333333333337,116.66666666666666,23],"id":"silent-capture","preferredBodyPoints":19,"time":1790872678.9341979,"uptime":1240055.0044232302}
SETUP_PROBE {"appearance":"light","dynamicTypeSize":"xLarge","frame":[60,288.33333333333337,116.66666666666666,23],"id":"silent-capture","preferredBodyPoints":19,"time":1790872678.9342721,"uptime":1240055.004497275}
SETUP_PROBE {"appearance":"light","dynamicTypeSize":"xLarge","frame":[32,235,251,23],"id":"camera-description","preferredBodyPoints":19,"time":1790872678.934633,"uptime":1240055.004858138}
SETUP_PROBE {"appearance":"light","dynamicTypeSize":"xLarge","frame":[32,235,251,23],"id":"camera-description","preferredBodyPoints":19,"time":1790872678.93472,"uptime":1240055.0049447422}
SETUP_PROBE {"appearance":"light","dynamicTypeSize":"xLarge","frame":[32,341.66666666666663,149.33333333333331,23],"id":"orientation-label","preferredBodyPoints":19,"time":1790872678.9347959,"uptime":1240055.0050216001}
SETUP_VIEWPORT {"bounds":[0,-52,402,708],"containerSize":[402,708],"contentSize":[402,805.33333333333326],"event":"scroll","insets":[70,0,34,0],"offset":[0,-52],"time":1790872679.06108,"uptime":1240055.1313058562,"visibleRect":[0,-52,402,812]}
SETUP_PROBE {"appearance":"light","dynamicTypeSize":"xxLarge","frame":[32,879,88,25.333333333333371],"id":"load-film","preferredBodyPoints":21,"time":1790872679.061275,"uptime":1240055.131498564}
SETUP_PROBE {"appearance":"light","dynamicTypeSize":"xxLarge","frame":[32,879,88,25.333333333333371],"id":"load-film","preferredBodyPoints":21,"time":1790872679.0613599,"uptime":1240055.131583289}
SETUP_PROBE {"appearance":"light","dynamicTypeSize":"xxLarge","frame":[32,604,296.33333333333331,25.333333333333258],"id":"trial-label","preferredBodyPoints":21,"time":1790872679.0614362,"uptime":1240055.1316597501}
SETUP_PROBE {"appearance":"light","dynamicTypeSize":"xxLarge","frame":[32,604,296.33333333333331,25.333333333333258],"id":"trial-label","preferredBodyPoints":21,"time":1790872679.0615101,"uptime":1240055.1317334492}
SETUP_PROBE {"appearance":"light","dynamicTypeSize":"xxLarge","frame":[32,479.66666666666663,81.333333333333329,25.333333333333314],"id":"film-title","preferredBodyPoints":21,"time":1790872679.0671859,"uptime":1240055.1374101141}
SETUP_PROBE {"appearance":"light","dynamicTypeSize":"xxLarge","frame":[32,479.66666666666663,81.333333333333329,25.333333333333314],"id":"film-title","preferredBodyPoints":21,"time":1790872679.0672898,"uptime":1240055.1375137661}
SETUP_PROBE {"appearance":"light","dynamicTypeSize":"xxLarge","frame":[32,341.66666666666663,149.33333333333331,23],"id":"orientation-label","preferredBodyPoints":21,"time":1790872679.067363,"uptime":1240055.1375865091}
SETUP_PROBE {"appearance":"light","dynamicTypeSize":"xxLarge","frame":[60,295,126,25.333333333333371],"id":"silent-capture","preferredBodyPoints":21,"time":1790872679.0674381,"uptime":1240055.137662}
SETUP_PROBE {"appearance":"light","dynamicTypeSize":"xxLarge","frame":[60,295,126,25.333333333333371],"id":"silent-capture","preferredBodyPoints":21,"time":1790872679.067508,"uptime":1240055.1377312732}
SETUP_PROBE {"appearance":"light","dynamicTypeSize":"xxLarge","frame":[32,239.66666666666666,269.66666666666663,25.333333333333343],"id":"camera-description","preferredBodyPoints":21,"time":1790872679.068887,"uptime":1240055.139110883}
SETUP_PROBE {"appearance":"light","dynamicTypeSize":"xxLarge","frame":[32,239.66666666666666,269.66666666666663,25.333333333333343],"id":"camera-description","preferredBodyPoints":21,"time":1790872679.0689712,"uptime":1240055.139194736}
SETUP_PROBE {"appearance":"light","dynamicTypeSize":"xxLarge","frame":[32,350.33333333333331,161.66666666666666,25.333333333333314],"id":"orientation-label","preferredBodyPoints":21,"time":1790872679.069046,"uptime":1240055.139269968}
SETUP_VIEWPORT {"bounds":[0,-52,402,708],"containerSize":[402,708],"contentSize":[402,865],"event":"scroll","insets":[70,0,34,0],"offset":[0,-52],"time":1790872679.20328,"uptime":1240055.2735042151,"visibleRect":[0,-52,402,812]}
SETUP_PROBE {"appearance":"light","dynamicTypeSize":"xxxLarge","frame":[32,936.33333333333314,96,27.666666666666629],"id":"load-film","preferredBodyPoints":23,"time":1790872679.2034569,"uptime":1240055.273679405}
SETUP_PROBE {"appearance":"light","dynamicTypeSize":"xxxLarge","frame":[32,936.33333333333314,96,27.666666666666629],"id":"load-film","preferredBodyPoints":23,"time":1790872679.2035429,"uptime":1240055.2737656811}
SETUP_PROBE {"appearance":"light","dynamicTypeSize":"xxxLarge","frame":[32,649.99999999999989,320.66666666666663,27.666666666666629],"id":"trial-label","preferredBodyPoints":23,"time":1790872679.203624,"uptime":1240055.2738461141}
SETUP_PROBE {"appearance":"light","dynamicTypeSize":"xxxLarge","frame":[32,649.99999999999989,320.66666666666663,27.666666666666629],"id":"trial-label","preferredBodyPoints":23,"time":1790872679.2036991,"uptime":1240055.2739210911}
SETUP_PROBE {"appearance":"light","dynamicTypeSize":"xxxLarge","frame":[32,520.33333333333326,88.333333333333329,27.666666666666742],"id":"film-title","preferredBodyPoints":23,"time":1790872679.203778,"uptime":1240055.2739999841}
SETUP_PROBE {"appearance":"light","dynamicTypeSize":"xxxLarge","frame":[32,520.33333333333326,88.333333333333329,27.666666666666742],"id":"film-title","preferredBodyPoints":23,"time":1790872679.2038522,"uptime":1240055.274074252}
SETUP_PROBE {"appearance":"light","dynamicTypeSize":"xxxLarge","frame":[32,350.33333333333331,161.66666666666666,25.333333333333314],"id":"orientation-label","preferredBodyPoints":23,"time":1790872679.203922,"uptime":1240055.274144592}
SETUP_PROBE {"appearance":"light","dynamicTypeSize":"xxxLarge","frame":[60,331,136.66666666666666,27.666666666666629],"id":"silent-capture","preferredBodyPoints":23,"time":1790872679.203999,"uptime":1240055.2742215442}
SETUP_PROBE {"appearance":"light","dynamicTypeSize":"xxxLarge","frame":[60,331,136.66666666666666,27.666666666666629],"id":"silent-capture","preferredBodyPoints":23,"time":1790872679.204056,"uptime":1240055.2742782801}
SETUP_PROBE {"appearance":"light","dynamicTypeSize":"xxxLarge","frame":[32,273.33333333333331,291.66666666666663,27.666666666666686],"id":"camera-description","preferredBodyPoints":23,"time":1790872679.204108,"uptime":1240055.2743300791}
SETUP_PROBE {"appearance":"light","dynamicTypeSize":"xxxLarge","frame":[32,273.33333333333331,291.66666666666663,27.666666666666686],"id":"camera-description","preferredBodyPoints":23,"time":1790872679.2041569,"uptime":1240055.274379503}
SETUP_PROBE {"appearance":"light","dynamicTypeSize":"xxxLarge","frame":[32,388.66666666666663,175.66666666666666,27.666666666666686],"id":"orientation-label","preferredBodyPoints":23,"time":1790872679.2042079,"uptime":1240055.2744302452}
SETUP_VIEWPORT {"bounds":[0,-52,402,708],"containerSize":[402,708],"contentSize":[402,1057.3333333333333],"event":"scroll","insets":[70,0,34,0],"offset":[0,-52],"time":1790872679.35183,"uptime":1240055.4220531262,"visibleRect":[0,-52,402,812]}
SETUP_PROBE {"appearance":"light","dynamicTypeSize":"accessibility1","frame":[32,1122.6666666666665,116.66666666666666,33.666666666666742],"id":"load-film","preferredBodyPoints":28,"time":1790872679.3520141,"uptime":1240055.4222352281}
SETUP_PROBE {"appearance":"light","dynamicTypeSize":"accessibility1","frame":[32,1122.6666666666665,116.66666666666666,33.666666666666742],"id":"load-film","preferredBodyPoints":28,"time":1790872679.352102,"uptime":1240055.422322219}
SETUP_PROBE {"appearance":"light","dynamicTypeSize":"accessibility1","frame":[32,746.66666666666663,254,67.666666666666629],"id":"trial-label","preferredBodyPoints":28,"time":1790872679.3521841,"uptime":1240055.4224049151}
SETUP_PROBE {"appearance":"light","dynamicTypeSize":"accessibility1","frame":[32,746.66666666666663,254,67.666666666666629],"id":"trial-label","preferredBodyPoints":28,"time":1790872679.3522601,"uptime":1240055.422481071}
SETUP_PROBE {"appearance":"light","dynamicTypeSize":"accessibility1","frame":[32,606,107.66666666666666,33.666666666666629],"id":"film-title","preferredBodyPoints":28,"time":1790872679.3527799,"uptime":1240055.423000701}
SETUP_PROBE {"appearance":"light","dynamicTypeSize":"accessibility1","frame":[32,606,107.66666666666666,33.666666666666629],"id":"film-title","preferredBodyPoints":28,"time":1790872679.3528709,"uptime":1240055.423092121}
SETUP_PROBE {"appearance":"light","dynamicTypeSize":"accessibility1","frame":[32,388.66666666666663,175.66666666666666,27.666666666666686],"id":"orientation-label","preferredBodyPoints":28,"time":1790872679.352953,"uptime":1240055.4231734511}
SETUP_PROBE {"appearance":"light","dynamicTypeSize":"accessibility1","frame":[60,388,165.66666666666666,33.666666666666686],"id":"silent-capture","preferredBodyPoints":28,"time":1790872679.3530359,"uptime":1240055.4232570201}
SETUP_PROBE {"appearance":"light","dynamicTypeSize":"accessibility1","frame":[60,388,165.66666666666666,33.666666666666686],"id":"silent-capture","preferredBodyPoints":28,"time":1790872679.353092,"uptime":1240055.4233121751}
SETUP_PROBE {"appearance":"light","dynamicTypeSize":"accessibility1","frame":[32,290.33333333333331,232.66666666666663,67.666666666666686],"id":"camera-description","preferredBodyPoints":28,"time":1790872679.353147,"uptime":1240055.423367376}
SETUP_PROBE {"appearance":"light","dynamicTypeSize":"accessibility1","frame":[32,290.33333333333331,232.66666666666663,67.666666666666686],"id":"camera-description","preferredBodyPoints":28,"time":1790872679.3532,"uptime":1240055.4234206751}
SETUP_PROBE {"appearance":"light","dynamicTypeSize":"accessibility1","frame":[32,451.66666666666669,213.66666666666666,33.666666666666686],"id":"orientation-label","preferredBodyPoints":28,"time":1790872679.3532629,"uptime":1240055.4234836982}
SETUP_VIEWPORT {"bounds":[0,-52,402,708],"containerSize":[402,708],"contentSize":[402,1152],"event":"scroll","insets":[70,0,34,0],"offset":[0,-52],"time":1790872679.4820042,"uptime":1240055.552225139,"visibleRect":[0,-52,402,812]}
SETUP_PROBE {"appearance":"light","dynamicTypeSize":"accessibility2","frame":[32,1211.3333333333333,137,39.666666666666742],"id":"load-film","preferredBodyPoints":33,"time":1790872679.482132,"uptime":1240055.5523519132}
SETUP_PROBE {"appearance":"light","dynamicTypeSize":"accessibility2","frame":[32,1211.3333333333333,137,39.666666666666742],"id":"load-film","preferredBodyPoints":33,"time":1790872679.4821959,"uptime":1240055.552415699}
SETUP_PROBE {"appearance":"light","dynamicTypeSize":"accessibility2","frame":[32,800.66666666666663,296.66666666666663,79.666666666666629],"id":"trial-label","preferredBodyPoints":33,"time":1790872679.4822531,"uptime":1240055.552471726}
SETUP_PROBE {"appearance":"light","dynamicTypeSize":"accessibility2","frame":[32,800.66666666666663,296.66666666666663,79.666666666666629],"id":"trial-label","preferredBodyPoints":33,"time":1790872679.482305,"uptime":1240055.5525244921}
SETUP_PROBE {"appearance":"light","dynamicTypeSize":"accessibility2","frame":[32,648,126.33333333333331,39.666666666666629],"id":"film-title","preferredBodyPoints":33,"time":1790872679.4823599,"uptime":1240055.5525789561}
SETUP_PROBE {"appearance":"light","dynamicTypeSize":"accessibility2","frame":[32,648,126.33333333333331,39.666666666666629],"id":"film-title","preferredBodyPoints":33,"time":1790872679.4824109,"uptime":1240055.552630581}
SETUP_PROBE {"appearance":"light","dynamicTypeSize":"accessibility2","frame":[32,451.66666666666669,213.66666666666666,33.666666666666686],"id":"orientation-label","preferredBodyPoints":33,"time":1790872679.48246,"uptime":1240055.5526794801}
SETUP_PROBE {"appearance":"light","dynamicTypeSize":"accessibility2","frame":[60,418,194.66666666666666,39.666666666666686],"id":"silent-capture","preferredBodyPoints":33,"time":1790872679.4825139,"uptime":1240055.552732809}
SETUP_PROBE {"appearance":"light","dynamicTypeSize":"accessibility2","frame":[60,418,194.66666666666666,39.666666666666686],"id":"silent-capture","preferredBodyPoints":33,"time":1790872679.482563,"uptime":1240055.5527825011}
SETUP_PROBE {"appearance":"light","dynamicTypeSize":"accessibility2","frame":[32,308.33333333333331,273,79.666666666666686],"id":"camera-description","preferredBodyPoints":33,"time":1790872679.482615,"uptime":1240055.5528347201}
SETUP_PROBE {"appearance":"light","dynamicTypeSize":"accessibility2","frame":[32,308.33333333333331,273,79.666666666666686],"id":"camera-description","preferredBodyPoints":33,"time":1790872679.4826651,"uptime":1240055.5528837631}
SETUP_PROBE {"appearance":"light","dynamicTypeSize":"accessibility2","frame":[32,487.66666666666663,250.66666666666663,39.666666666666629],"id":"orientation-label","preferredBodyPoints":33,"time":1790872679.4827161,"uptime":1240055.5529354541}
SETUP_VIEWPORT {"bounds":[0,-52,402,708],"containerSize":[402,708],"contentSize":[402,1158],"event":"scroll","insets":[70,0,34,0],"offset":[0,-52],"time":1790872679.5168071,"uptime":1240055.587027438,"visibleRect":[0,-52,402,812]}
SETUP_PROBE {"appearance":"light","dynamicTypeSize":"accessibility2","frame":[32,1217.3333333333333,137,39.666666666666742],"id":"load-film","preferredBodyPoints":33,"time":1790872679.5169501,"uptime":1240055.5871686211}
SETUP_PROBE {"appearance":"light","dynamicTypeSize":"accessibility2","frame":[32,806.66666666666663,296.66666666666663,79.666666666666629],"id":"trial-label","preferredBodyPoints":33,"time":1790872679.5170178,"uptime":1240055.587237162}
SETUP_PROBE {"appearance":"light","dynamicTypeSize":"accessibility2","frame":[32,654,126.33333333333331,39.666666666666629],"id":"film-title","preferredBodyPoints":33,"time":1790872679.5170789,"uptime":1240055.587297939}
SETUP_VIEWPORT {"bounds":[0,-52,402,708],"containerSize":[402,708],"contentSize":[402,1381.3333333333333],"event":"scroll","insets":[70,0,34,0],"offset":[0,-52],"time":1790872679.6269031,"uptime":1240055.6971231431,"visibleRect":[0,-52,402,812]}
SETUP_PROBE {"appearance":"light","dynamicTypeSize":"accessibility3","frame":[32,1432.3333333333333,165.33333333333331,48],"id":"load-film","preferredBodyPoints":40,"time":1790872679.6270599,"uptime":1240055.6972782412}
SETUP_PROBE {"appearance":"light","dynamicTypeSize":"accessibility3","frame":[32,1432.3333333333333,165.33333333333331,48],"id":"load-film","preferredBodyPoints":40,"time":1790872679.6271281,"uptime":1240055.697345631}
SETUP_PROBE {"appearance":"light","dynamicTypeSize":"accessibility3","frame":[32,928.66666666666663,306.66666666666663,95.999999999999886],"id":"trial-label","preferredBodyPoints":40,"time":1790872679.6271858,"uptime":1240055.697403243}
SETUP_PROBE {"appearance":"light","dynamicTypeSize":"accessibility3","frame":[32,928.66666666666663,306.66666666666663,95.999999999999886],"id":"trial-label","preferredBodyPoints":40,"time":1790872679.627238,"uptime":1240055.6974560951}
SETUP_PROBE {"appearance":"light","dynamicTypeSize":"accessibility3","frame":[32,759.66666666666663,152,48],"id":"film-title","preferredBodyPoints":40,"time":1790872679.6272931,"uptime":1240055.6975104511}
SETUP_PROBE {"appearance":"light","dynamicTypeSize":"accessibility3","frame":[32,759.66666666666663,152,48],"id":"film-title","preferredBodyPoints":40,"time":1790872679.6274171,"uptime":1240055.697634951}
SETUP_PROBE {"appearance":"light","dynamicTypeSize":"accessibility3","frame":[32,487.66666666666663,250.66666666666663,39.666666666666629],"id":"orientation-label","preferredBodyPoints":40,"time":1790872679.6274951,"uptime":1240055.6977123502}
SETUP_PROBE {"appearance":"light","dynamicTypeSize":"accessibility3","frame":[60,507,234.33333333333331,48],"id":"silent-capture","preferredBodyPoints":40,"time":1790872679.627558,"uptime":1240055.697775691}
SETUP_PROBE {"appearance":"light","dynamicTypeSize":"accessibility3","frame":[60,507,234.33333333333331,48],"id":"silent-capture","preferredBodyPoints":40,"time":1790872679.62761,"uptime":1240055.6978279802}
SETUP_PROBE {"appearance":"light","dynamicTypeSize":"accessibility3","frame":[32,381,329,96],"id":"camera-description","preferredBodyPoints":40,"time":1790872679.6276631,"uptime":1240055.697881025}
SETUP_PROBE {"appearance":"light","dynamicTypeSize":"accessibility3","frame":[32,381,329,96],"id":"camera-description","preferredBodyPoints":40,"time":1790872679.6277142,"uptime":1240055.697931583}
SETUP_PROBE {"appearance":"light","dynamicTypeSize":"accessibility3","frame":[32,585,302,48],"id":"orientation-label","preferredBodyPoints":40,"time":1790872679.627764,"uptime":1240055.6979819632}
SETUP_VIEWPORT {"bounds":[0,-52,402,708],"containerSize":[402,708],"contentSize":[402,1389.6666666666665],"event":"scroll","insets":[70,0,34,0],"offset":[0,-52],"time":1790872679.6711369,"uptime":1240055.741356686,"visibleRect":[0,-52,402,812]}
SETUP_PROBE {"appearance":"light","dynamicTypeSize":"accessibility3","frame":[32,1440.6666666666665,165.33333333333331,48],"id":"load-film","preferredBodyPoints":40,"time":1790872679.6713319,"uptime":1240055.741549565}
SETUP_PROBE {"appearance":"light","dynamicTypeSize":"accessibility3","frame":[32,937,306.66666666666663,96],"id":"trial-label","preferredBodyPoints":40,"time":1790872679.6714239,"uptime":1240055.7416418181}
SETUP_PROBE {"appearance":"light","dynamicTypeSize":"accessibility3","frame":[32,768,152,48],"id":"film-title","preferredBodyPoints":40,"time":1790872679.671504,"uptime":1240055.7417212292}
SETUP_VIEWPORT {"bounds":[0,-52,402,708],"containerSize":[402,708],"contentSize":[402,1851],"event":"scroll","insets":[70,0,34,0],"offset":[0,-52],"time":1790872679.7562571,"uptime":1240055.8264749101,"visibleRect":[0,-52,402,812]}
SETUP_PROBE {"appearance":"light","dynamicTypeSize":"accessibility4","frame":[32,1893.6666666666667,193.33333333333331,56.333333333333258],"id":"load-film","preferredBodyPoints":47,"time":1790872679.756398,"uptime":1240055.826614402}
SETUP_PROBE {"appearance":"light","dynamicTypeSize":"accessibility4","frame":[32,1893.6666666666667,193.33333333333331,56.333333333333258],"id":"load-film","preferredBodyPoints":47,"time":1790872679.7564621,"uptime":1240055.8266784791}
SETUP_PROBE {"appearance":"light","dynamicTypeSize":"accessibility4","frame":[32,1187.3333333333335,313,168.33333333333326],"id":"trial-label","preferredBodyPoints":47,"time":1790872679.7565179,"uptime":1240055.8267343722}
SETUP_PROBE {"appearance":"light","dynamicTypeSize":"accessibility4","frame":[32,1187.3333333333335,313,168.33333333333326],"id":"trial-label","preferredBodyPoints":47,"time":1790872679.7565689,"uptime":1240055.826785173}
SETUP_PROBE {"appearance":"light","dynamicTypeSize":"accessibility4","frame":[32,1001.6666666666667,177.66666666666666,56.333333333333258],"id":"film-title","preferredBodyPoints":47,"time":1790872679.7566209,"uptime":1240055.8268375401}
SETUP_PROBE {"appearance":"light","dynamicTypeSize":"accessibility4","frame":[32,1001.6666666666667,177.66666666666666,56.333333333333258],"id":"film-title","preferredBodyPoints":47,"time":1790872679.7566719,"uptime":1240055.8268879831}
SETUP_PROBE {"appearance":"light","dynamicTypeSize":"accessibility4","frame":[32,585,302,48],"id":"orientation-label","preferredBodyPoints":47,"time":1790872679.7567248,"uptime":1240055.8269413041}
SETUP_PROBE {"appearance":"light","dynamicTypeSize":"accessibility4","frame":[60,668,274,56.333333333333371],"id":"silent-capture","preferredBodyPoints":47,"time":1790872679.7567749,"uptime":1240055.826991776}
SETUP_PROBE {"appearance":"light","dynamicTypeSize":"accessibility4","frame":[60,668,274,56.333333333333371],"id":"silent-capture","preferredBodyPoints":47,"time":1790872679.7568231,"uptime":1240055.827039161}
SETUP_PROBE {"appearance":"light","dynamicTypeSize":"accessibility4","frame":[32,469.66666666666663,269.66666666666663,168.33333333333337],"id":"camera-description","preferredBodyPoints":47,"time":1790872679.7568731,"uptime":1240055.8270890161}
SETUP_PROBE {"appearance":"light","dynamicTypeSize":"accessibility4","frame":[32,469.66666666666663,269.66666666666663,168.33333333333337],"id":"camera-description","preferredBodyPoints":47,"time":1790872679.7569211,"uptime":1240055.8271375562}
SETUP_PROBE {"appearance":"light","dynamicTypeSize":"accessibility4","frame":[32,754.33333333333337,222.33333333333331,112.33333333333337],"id":"orientation-label","preferredBodyPoints":47,"time":1790872679.7569718,"uptime":1240055.827188198}
SETUP_VIEWPORT {"bounds":[0,-52,402,708],"containerSize":[402,708],"contentSize":[402,1859.3333333333333],"event":"scroll","insets":[70,0,34,0],"offset":[0,-52],"time":1790872679.792557,"uptime":1240055.8627753241,"visibleRect":[0,-52,402,812]}
SETUP_PROBE {"appearance":"light","dynamicTypeSize":"accessibility4","frame":[32,1902,193.33333333333331,56.333333333333258],"id":"load-film","preferredBodyPoints":47,"time":1790872679.792748,"uptime":1240055.8629648942}
SETUP_PROBE {"appearance":"light","dynamicTypeSize":"accessibility4","frame":[32,1195.6666666666667,313,168.33333333333326],"id":"trial-label","preferredBodyPoints":47,"time":1790872679.7928391,"uptime":1240055.8630553591}
SETUP_PROBE {"appearance":"light","dynamicTypeSize":"accessibility4","frame":[32,1010,177.66666666666666,56.333333333333485],"id":"film-title","preferredBodyPoints":47,"time":1790872679.792918,"uptime":1240055.863134373}
SETUP_VIEWPORT {"bounds":[0,-52,402,708],"containerSize":[402,708],"contentSize":[402,2082.333333333333],"event":"scroll","insets":[70,0,34,0],"offset":[0,-52],"time":1790872679.9076619,"uptime":1240055.9778783112,"visibleRect":[0,-52,402,812]}
SETUP_PROBE {"appearance":"light","dynamicTypeSize":"accessibility5","frame":[32,2118,217.33333333333331,63.333333333333485],"id":"load-film","preferredBodyPoints":53,"time":1790872679.9078021,"uptime":1240055.978017438}
SETUP_PROBE {"appearance":"light","dynamicTypeSize":"accessibility5","frame":[32,2118,217.33333333333331,63.333333333333485],"id":"load-film","preferredBodyPoints":53,"time":1790872679.9078689,"uptime":1240055.978084031}
SETUP_PROBE {"appearance":"light","dynamicTypeSize":"accessibility5","frame":[32,1342.6666666666667,333.33333333333337,187.33333333333326],"id":"trial-label","preferredBodyPoints":53,"time":1790872679.907927,"uptime":1240055.978142285}
SETUP_PROBE {"appearance":"light","dynamicTypeSize":"accessibility5","frame":[32,1342.6666666666667,333.33333333333337,187.33333333333326],"id":"trial-label","preferredBodyPoints":53,"time":1790872679.9079819,"uptime":1240055.9781966591}
SETUP_PROBE {"appearance":"light","dynamicTypeSize":"accessibility5","frame":[32,1081,199.66666666666666,63.333333333333258],"id":"film-title","preferredBodyPoints":53,"time":1790872679.9080381,"uptime":1240055.9782525641}
SETUP_PROBE {"appearance":"light","dynamicTypeSize":"accessibility5","frame":[32,1081,199.66666666666666,63.333333333333258],"id":"film-title","preferredBodyPoints":53,"time":1790872679.908093,"uptime":1240055.9783073012}
SETUP_PROBE {"appearance":"light","dynamicTypeSize":"accessibility5","frame":[32,754.33333333333337,222.33333333333331,112.33333333333337],"id":"orientation-label","preferredBodyPoints":53,"time":1790872679.908144,"uptime":1240055.9783583861}
SETUP_PROBE {"appearance":"light","dynamicTypeSize":"accessibility5","frame":[60,719,308,63.333333333333371],"id":"silent-capture","preferredBodyPoints":53,"time":1790872679.9081979,"uptime":1240055.9784129781}
SETUP_PROBE {"appearance":"light","dynamicTypeSize":"accessibility5","frame":[60,719,308,63.333333333333371],"id":"silent-capture","preferredBodyPoints":53,"time":1790872679.9082499,"uptime":1240055.9784643161}
SETUP_PROBE {"appearance":"light","dynamicTypeSize":"accessibility5","frame":[32,501.66666666666663,302.66666666666663,187.33333333333337],"id":"camera-description","preferredBodyPoints":53,"time":1790872679.9083018,"uptime":1240055.978516933}
SETUP_PROBE {"appearance":"light","dynamicTypeSize":"accessibility5","frame":[32,501.66666666666663,302.66666666666663,187.33333333333337],"id":"camera-description","preferredBodyPoints":53,"time":1790872679.908355,"uptime":1240055.9785697351}
SETUP_PROBE {"appearance":"light","dynamicTypeSize":"accessibility5","frame":[32,812.33333333333337,249.66666666666663,125.33333333333337],"id":"orientation-label","preferredBodyPoints":53,"time":1790872679.9084101,"uptime":1240055.9786245672}
SETUP_VIEWPORT {"bounds":[0,-52,402,708],"containerSize":[402,708],"contentSize":[402,2089.333333333333],"event":"scroll","insets":[70,0,34,0],"offset":[0,-52],"time":1790872679.9486098,"uptime":1240056.0188255711,"visibleRect":[0,-52,402,812]}
SETUP_PROBE {"appearance":"light","dynamicTypeSize":"accessibility5","frame":[32,2125,217.33333333333331,63.333333333333485],"id":"load-film","preferredBodyPoints":53,"time":1790872679.948755,"uptime":1240056.0189691652}
SETUP_PROBE {"appearance":"light","dynamicTypeSize":"accessibility5","frame":[32,1349.6666666666667,333.33333333333337,187.33333333333326],"id":"trial-label","preferredBodyPoints":53,"time":1790872679.9488211,"uptime":1240056.019035578}
SETUP_PROBE {"appearance":"light","dynamicTypeSize":"accessibility5","frame":[32,1088,199.66666666666666,63.333333333333258],"id":"film-title","preferredBodyPoints":53,"time":1790872679.94888,"uptime":1240056.0190939661}
